<?xml version = '1.0' encoding = 'UTF-8'?>
<Relation class="oracle.dbtools.crest.model.design.logical.Relation" name="Relation_8" directorySegmentName="seg_0" id="A1816AFF-8919-C72B-9492-6C0CA81BEBEC">
<createdBy>garre</createdBy>
<createdTime>2020-03-02 20:03:59 UTC</createdTime>
<ownerDesignName>msas</ownerDesignName>
<engineerTo>
<item key="8ACADD0A-F242-4501-4609-2A074EED4066" value="true"/>
</engineerTo>
<sourcePk>060048A0-B41C-3BC2-976D-2AD25A60D076</sourcePk>
<identifying>true</identifying>
<optionalSource>true</optionalSource>
<optionalTarget>false</optionalTarget>
<sourceCardinality>1</sourceCardinality>
<sourceEntity>D17FD156-0D95-A9B6-FAC6-3B91F3D6ECF4</sourceEntity>
<targetCardinalityString>*</targetCardinalityString>
<targetEntity>9568CB79-D3E7-DA59-B051-C5DAB14260B1</targetEntity>
<transferable>true</transferable>
<deleteRule>NO ACTION</deleteRule>
</Relation>