<?xml version = '1.0' encoding = 'UTF-8'?>
<Relation class="oracle.dbtools.crest.model.design.logical.Relation" name="Relation_9" directorySegmentName="seg_0" id="CD0D8C8B-27AA-DCFC-50F8-D7A3D5E02CED">
<createdBy>garre</createdBy>
<createdTime>2020-03-02 20:04:05 UTC</createdTime>
<ownerDesignName>msas</ownerDesignName>
<engineerTo>
<item key="8ACADD0A-F242-4501-4609-2A074EED4066" value="true"/>
</engineerTo>
<sourcePk>D83665E2-F03E-1E13-E90D-0B819EB8D5D2</sourcePk>
<identifying>false</identifying>
<optionalSource>true</optionalSource>
<optionalTarget>false</optionalTarget>
<sourceCardinality>1</sourceCardinality>
<sourceEntity>9568CB79-D3E7-DA59-B051-C5DAB14260B1</sourceEntity>
<targetCardinalityString>*</targetCardinalityString>
<targetEntity>A703A852-63F0-1A69-0FFA-FB029592F971</targetEntity>
<transferable>true</transferable>
<deleteRule>NO ACTION</deleteRule>
</Relation>