<?xml version = '1.0' encoding = 'UTF-8'?>
<Relation class="oracle.dbtools.crest.model.design.logical.Relation" name="Relation_6" directorySegmentName="seg_0" id="ECF2DE34-1711-51CB-A4C8-63961C6FEE65">
<createdBy>garre</createdBy>
<createdTime>2020-03-02 20:01:40 UTC</createdTime>
<ownerDesignName>msas</ownerDesignName>
<engineerTo>
<item key="8ACADD0A-F242-4501-4609-2A074EED4066" value="true"/>
</engineerTo>
<identifying>false</identifying>
<optionalSource>true</optionalSource>
<optionalTarget>false</optionalTarget>
<sourceCardinality>1</sourceCardinality>
<sourceEntity>D1924426-D5F4-04F7-303C-BE9586174C08</sourceEntity>
<targetCardinalityString>*</targetCardinalityString>
<targetEntity>F079D443-272B-D87A-15FA-D4DF02526A4B</targetEntity>
<transferable>true</transferable>
<deleteRule>NO ACTION</deleteRule>
</Relation>