<?xml version = '1.0' encoding = 'UTF-8'?>
<Table class="oracle.dbtools.crest.model.design.relational.Table" directorySegmentName="seg_0" id="0F0293C5-3A51-487F-C9FF-84AFFEDFA143" name="VC_ISSUE">
<createdBy>garre</createdBy>
<createdTime>2020-03-06 21:57:40 UTC</createdTime>
<generatorID>A703A852-63F0-1A69-0FFA-FB029592F971</generatorID>
<ownerDesignName>LogicalPhase1</ownerDesignName>
<allowColumnReorder>false</allowColumnReorder>
<existDependencyGenerateInDDl>true</existDependencyGenerateInDDl>
<parsed>true</parsed>
<columns itemClass="oracle.dbtools.crest.model.design.relational.Column">
<Column name="Issue_ID" id="A8D4E5E8-7ABE-1DDC-02E6-8EC9303A82AF">
<createdBy>garre</createdBy>
<createdTime>2020-03-06 21:57:40 UTC</createdTime>
<generatorID>56498385-B4F5-44F0-FA3B-4C22FFDC8352</generatorID>
<ownerDesignName>LogicalPhase1</ownerDesignName>
<useDomainConstraints>false</useDomainConstraints>
<use>1</use>
<logicalDatatype>LOGDT025</logicalDatatype>
<dataTypeSize>16</dataTypeSize>
<ownDataTypeParameters>16,,</ownDataTypeParameters>
<autoIncrementCycle>false</autoIncrementCycle>
</Column>
<Column name="Issue_Submitter" id="8EF8D287-F412-0732-BCEF-F05AD13097B0">
<createdBy>garre</createdBy>
<createdTime>2020-03-06 21:57:40 UTC</createdTime>
<generatorID>23EC1C8B-FDBD-F46C-665F-7B99DB100311</generatorID>
<ownerDesignName>LogicalPhase1</ownerDesignName>
<useDomainConstraints>false</useDomainConstraints>
<use>1</use>
<logicalDatatype>LOGDT024</logicalDatatype>
<dataTypeSize>256</dataTypeSize>
<ownDataTypeParameters>256,,</ownDataTypeParameters>
<autoIncrementCycle>false</autoIncrementCycle>
</Column>
<Column name="Issue_Description" id="5EC1834D-316D-A35C-53E2-59C82E4E6D81">
<createdBy>garre</createdBy>
<createdTime>2020-03-06 21:57:40 UTC</createdTime>
<generatorID>BC9E8A02-4934-63BA-B8D4-64579AD1770D</generatorID>
<ownerDesignName>LogicalPhase1</ownerDesignName>
<nullsAllowed>true</nullsAllowed>
<useDomainConstraints>false</useDomainConstraints>
<use>1</use>
<logicalDatatype>LogDes-1768A872-F385-FDBA-D95E-0CB63F5908E2@LOGDT10045</logicalDatatype>
<ownDataTypeParameters>,,</ownDataTypeParameters>
<autoIncrementCycle>false</autoIncrementCycle>
</Column>
<Column name="Issue_Severity" id="39FB6A3D-6A98-0A06-C7C6-FDF5D44BED21">
<createdBy>garre</createdBy>
<createdTime>2020-03-06 21:57:40 UTC</createdTime>
<generatorID>E10F8D6F-2843-EDAD-FE39-5A2790450F1A</generatorID>
<ownerDesignName>LogicalPhase1</ownerDesignName>
<nullsAllowed>true</nullsAllowed>
<useDomainConstraints>false</useDomainConstraints>
<use>1</use>
<logicalDatatype>LOGDT011</logicalDatatype>
<ownDataTypeParameters>,,</ownDataTypeParameters>
<autoIncrementCycle>false</autoIncrementCycle>
</Column>
<Column name="Issue_Category" id="77747014-7865-7A8B-4F79-F7DB3EE36205">
<createdBy>garre</createdBy>
<createdTime>2020-03-06 21:57:40 UTC</createdTime>
<generatorID>98D450CD-D501-73CA-F681-7F085AE066C0</generatorID>
<ownerDesignName>LogicalPhase1</ownerDesignName>
<nullsAllowed>true</nullsAllowed>
<useDomainConstraints>false</useDomainConstraints>
<use>1</use>
<logicalDatatype>LOGDT024</logicalDatatype>
<dataTypeSize>32</dataTypeSize>
<ownDataTypeParameters>32,,</ownDataTypeParameters>
<autoIncrementCycle>false</autoIncrementCycle>
</Column>
<Column name="Issue_Assignee" id="A1CC2C5A-D6EA-6CA5-8188-7478309757D4">
<createdBy>garre</createdBy>
<createdTime>2020-03-06 21:57:40 UTC</createdTime>
<generatorID>04BED308-3EDF-D3CD-19EC-9E5EE6597364</generatorID>
<ownerDesignName>LogicalPhase1</ownerDesignName>
<nullsAllowed>true</nullsAllowed>
<useDomainConstraints>false</useDomainConstraints>
<use>1</use>
<logicalDatatype>LOGDT024</logicalDatatype>
<dataTypeSize>256</dataTypeSize>
<ownDataTypeParameters>256,,</ownDataTypeParameters>
<autoIncrementCycle>false</autoIncrementCycle>
</Column>
<Column name="VC_BRANCH_VC_PROJECT_Project_Name" id="1B290130-7851-0FD6-F284-F6D98CED9602">
<createdBy>garre</createdBy>
<createdTime>2020-03-06 21:57:40 UTC</createdTime>
<generatorID>4A627088-9E84-5E73-AC02-C8B89F20DB16</generatorID>
<ownerDesignName>LogicalPhase1</ownerDesignName>
<useDomainConstraints>false</useDomainConstraints>
<use>1</use>
<logicalDatatype>LOGDT024</logicalDatatype>
<dataTypeSize>256</dataTypeSize>
<ownDataTypeParameters>,,</ownDataTypeParameters>
<previousColumn>false</previousColumn>
<autoIncrementCycle>false</autoIncrementCycle>
<associations>
<colAssociation fkAssociation="D04AE924-6CC8-B531-77D0-7793C168619A" referredColumn="7540F4D5-037D-E27B-3CCC-FE3CC56CA5B6"/>
</associations>
</Column>
<Column name="VC_BRANCH_Branch_Name" id="F23D942F-C66A-4117-CA09-001271303943">
<createdBy>garre</createdBy>
<createdTime>2020-03-06 21:57:40 UTC</createdTime>
<generatorID>722E39FE-9BFD-ABA3-A731-33A90C7257D8</generatorID>
<ownerDesignName>LogicalPhase1</ownerDesignName>
<useDomainConstraints>false</useDomainConstraints>
<use>1</use>
<logicalDatatype>LOGDT024</logicalDatatype>
<dataTypeSize>256</dataTypeSize>
<ownDataTypeParameters>,,</ownDataTypeParameters>
<previousColumn>false</previousColumn>
<autoIncrementCycle>false</autoIncrementCycle>
<associations>
<colAssociation fkAssociation="D04AE924-6CC8-B531-77D0-7793C168619A" referredColumn="F5EF05FC-16A2-EFA6-47F8-7162942048BE"/>
</associations>
</Column>
</columns>
<indexes itemClass="oracle.dbtools.crest.model.design.relational.Index">
<ind_PK_UK id="8C88DB4F-2B3C-0CD4-0530-93C06246B0D1" name="VC_ISSUE_PK">
<createdBy>garre</createdBy>
<createdTime>2020-03-06 21:57:40 UTC</createdTime>
<generatorID>3E638F3B-49E7-8E19-82C7-EC6B0A370815</generatorID>
<ownerDesignName>LogicalPhase1</ownerDesignName>
<pk>true</pk>
<indexState>Primary Constraint</indexState>
<isSurrogateKey>false</isSurrogateKey>
<indexColumnUsage>
<colUsage columnID="1B290130-7851-0FD6-F284-F6D98CED9602"/>
<colUsage columnID="F23D942F-C66A-4117-CA09-001271303943"/>
<colUsage columnID="A8D4E5E8-7ABE-1DDC-02E6-8EC9303A82AF"/>
</indexColumnUsage>
</ind_PK_UK>
<ind_PK_UK id="6D403340-ED64-9316-6A02-835756C3EDE8" name="VC_ISSUE_VC_BRANCH_FK">
<createdBy>garre</createdBy>
<createdTime>2020-03-06 21:57:41 UTC</createdTime>
<generatorID>75FE0BC7-0AC1-0E47-9AFF-DCE9785AB147</generatorID>
<ownerDesignName>LogicalPhase1</ownerDesignName>
<indexState>Foreign Key</indexState>
<isSurrogateKey>false</isSurrogateKey>
<indexColumnUsage>
<colUsage columnID="1B290130-7851-0FD6-F284-F6D98CED9602"/>
<colUsage columnID="F23D942F-C66A-4117-CA09-001271303943"/>
</indexColumnUsage>
</ind_PK_UK>
</indexes>
</Table>