<?xml version = '1.0' encoding = 'UTF-8'?>
<Table class="oracle.dbtools.crest.model.design.relational.Table" directorySegmentName="seg_0" id="19B6B08C-D7BF-15FE-77E6-3C09CDAF080E" name="CLAIM_NET">
<createdBy>garre</createdBy>
<createdTime>2020-03-06 21:57:40 UTC</createdTime>
<generatorID>20FDC2F8-6DEC-5D85-094A-1C593E0C574E</generatorID>
<ownerDesignName>LogicalPhase1</ownerDesignName>
<allowColumnReorder>false</allowColumnReorder>
<existDependencyGenerateInDDl>true</existDependencyGenerateInDDl>
<parsed>true</parsed>
<columns itemClass="oracle.dbtools.crest.model.design.relational.Column">
<Column name="Network_ID" id="5C32203D-DA57-91F0-8218-77B4C1A39ED5">
<createdBy>garre</createdBy>
<createdTime>2020-03-06 21:57:40 UTC</createdTime>
<generatorID>BD249ACD-CADA-9487-61C0-31ED21D62315</generatorID>
<ownerDesignName>LogicalPhase1</ownerDesignName>
<useDomainConstraints>false</useDomainConstraints>
<use>1</use>
<logicalDatatype>LOGDT025</logicalDatatype>
<dataTypeSize>6</dataTypeSize>
<ownDataTypeParameters>6,,</ownDataTypeParameters>
<autoIncrementCycle>false</autoIncrementCycle>
</Column>
<Column name="Network_Accuracy" id="61726837-9D22-37D2-A586-351317BA03D0">
<createdBy>garre</createdBy>
<createdTime>2020-03-06 21:57:40 UTC</createdTime>
<generatorID>E8846647-3982-531C-0870-763402252202</generatorID>
<ownerDesignName>LogicalPhase1</ownerDesignName>
<nullsAllowed>true</nullsAllowed>
<useDomainConstraints>false</useDomainConstraints>
<use>1</use>
<logicalDatatype>LOGDT020</logicalDatatype>
<ownDataTypeParameters>,,</ownDataTypeParameters>
<autoIncrementCycle>false</autoIncrementCycle>
</Column>
<Column name="Network_Training_Duration" id="031FBD5C-D8CB-2CA0-2619-5ABD472E8F40">
<createdBy>garre</createdBy>
<createdTime>2020-03-06 21:57:40 UTC</createdTime>
<generatorID>DC0BA2E7-E089-3E1F-5326-49463222682F</generatorID>
<ownerDesignName>LogicalPhase1</ownerDesignName>
<nullsAllowed>true</nullsAllowed>
<useDomainConstraints>false</useDomainConstraints>
<use>1</use>
<logicalDatatype>LOGDT011</logicalDatatype>
<ownDataTypeParameters>,,</ownDataTypeParameters>
<autoIncrementCycle>false</autoIncrementCycle>
</Column>
<Column name="TRAINING_DATASET_Dataset_ID" id="1C6124EB-FD43-AF8D-8407-C76FB2AD8BFE">
<createdBy>garre</createdBy>
<createdTime>2020-03-06 21:57:40 UTC</createdTime>
<generatorID>50D8EB14-BBA2-7757-7B06-13E8C62FBA69</generatorID>
<ownerDesignName>LogicalPhase1</ownerDesignName>
<useDomainConstraints>false</useDomainConstraints>
<use>1</use>
<logicalDatatype>LOGDT025</logicalDatatype>
<dataTypeSize>6</dataTypeSize>
<ownDataTypeParameters>,,</ownDataTypeParameters>
<previousColumn>false</previousColumn>
<autoIncrementCycle>false</autoIncrementCycle>
<associations>
<colAssociation fkAssociation="2869DB39-50BA-D6C8-D751-70E4B3AE95D7" referredColumn="D5B7E538-6A4C-41A6-8710-754BF90B4691"/>
</associations>
</Column>
</columns>
<indexes itemClass="oracle.dbtools.crest.model.design.relational.Index">
<ind_PK_UK id="40806FF9-C73D-A435-96AF-E6F0C551DB62" name="CLAIM_NET_PK">
<createdBy>garre</createdBy>
<createdTime>2020-03-06 21:57:40 UTC</createdTime>
<generatorID>9EFA84EC-ED16-990B-9788-BB1957790A7D</generatorID>
<ownerDesignName>LogicalPhase1</ownerDesignName>
<pk>true</pk>
<indexState>Primary Constraint</indexState>
<isSurrogateKey>false</isSurrogateKey>
<indexColumnUsage>
<colUsage columnID="5C32203D-DA57-91F0-8218-77B4C1A39ED5"/>
</indexColumnUsage>
</ind_PK_UK>
<ind_PK_UK id="7CE4A94A-A761-B9A8-F124-8945A94C09E5" name="CLAIM_NET_TRAINING_DATASET_FK">
<createdBy>garre</createdBy>
<createdTime>2020-03-06 21:57:41 UTC</createdTime>
<generatorID>4E698881-4C9F-AE43-BF01-CAB0C124D09D</generatorID>
<ownerDesignName>LogicalPhase1</ownerDesignName>
<indexState>Foreign Key</indexState>
<isSurrogateKey>false</isSurrogateKey>
<indexColumnUsage>
<colUsage columnID="1C6124EB-FD43-AF8D-8407-C76FB2AD8BFE"/>
</indexColumnUsage>
</ind_PK_UK>
</indexes>
</Table>