<?xml version = '1.0' encoding = 'UTF-8'?>
<Table class="oracle.dbtools.crest.model.design.relational.Table" directorySegmentName="seg_0" id="85FBCDF2-1DA4-2962-B93A-BD9B6A02647D" name="VC_COMMIT">
<createdBy>garre</createdBy>
<createdTime>2020-03-06 21:57:40 UTC</createdTime>
<generatorID>7F9729A8-F0A3-9297-F93A-F21D21D407AD</generatorID>
<ownerDesignName>LogicalPhase1</ownerDesignName>
<allowColumnReorder>false</allowColumnReorder>
<existDependencyGenerateInDDl>true</existDependencyGenerateInDDl>
<parsed>true</parsed>
<columns itemClass="oracle.dbtools.crest.model.design.relational.Column">
<Column name="Commit_ID" id="E2FC0448-CB88-938F-6136-BD5A49463467">
<createdBy>garre</createdBy>
<createdTime>2020-03-06 21:57:40 UTC</createdTime>
<generatorID>AE2DF35F-F2D3-EE50-4747-487084FC9C3A</generatorID>
<ownerDesignName>LogicalPhase1</ownerDesignName>
<useDomainConstraints>false</useDomainConstraints>
<use>1</use>
<logicalDatatype>LOGDT025</logicalDatatype>
<dataTypeSize>16</dataTypeSize>
<ownDataTypeParameters>16,,</ownDataTypeParameters>
<autoIncrementCycle>false</autoIncrementCycle>
</Column>
<Column name="VC_BRANCH_Branch_Name" id="ABD84789-8844-7D5E-B047-FAEA827A3FBC">
<createdBy>garre</createdBy>
<createdTime>2020-03-06 21:57:40 UTC</createdTime>
<generatorID>1238FA5B-DD43-267D-D14A-3EF8C62A5EB8</generatorID>
<ownerDesignName>LogicalPhase1</ownerDesignName>
<useDomainConstraints>false</useDomainConstraints>
<use>1</use>
<logicalDatatype>LOGDT024</logicalDatatype>
<dataTypeSize>256</dataTypeSize>
<ownDataTypeParameters>,,</ownDataTypeParameters>
<previousColumn>false</previousColumn>
<autoIncrementCycle>false</autoIncrementCycle>
<associations>
<colAssociation fkAssociation="65106169-7DCB-E38B-7C81-43BFC6D806EA" referredColumn="F5EF05FC-16A2-EFA6-47F8-7162942048BE"/>
</associations>
</Column>
<Column name="Commit_Description" id="DBB44ECE-B627-C4DA-3362-755395842EFB">
<createdBy>garre</createdBy>
<createdTime>2020-03-06 21:57:40 UTC</createdTime>
<generatorID>3BF719F4-BD76-FC65-ECEF-41DE6B4E9014</generatorID>
<ownerDesignName>LogicalPhase1</ownerDesignName>
<nullsAllowed>true</nullsAllowed>
<useDomainConstraints>false</useDomainConstraints>
<use>1</use>
<logicalDatatype>LogDes-1768A872-F385-FDBA-D95E-0CB63F5908E2@LOGDT10045</logicalDatatype>
<ownDataTypeParameters>,,</ownDataTypeParameters>
<autoIncrementCycle>false</autoIncrementCycle>
</Column>
<Column name="Date_Time" id="ABDCD8C7-AA2B-EBCE-AC13-80E072483C64">
<createdBy>garre</createdBy>
<createdTime>2020-03-06 21:57:40 UTC</createdTime>
<generatorID>E99C4EBB-231E-8CC0-178E-B9995E7531C3</generatorID>
<ownerDesignName>LogicalPhase1</ownerDesignName>
<nullsAllowed>true</nullsAllowed>
<useDomainConstraints>false</useDomainConstraints>
<use>1</use>
<logicalDatatype>LOGDT007</logicalDatatype>
<ownDataTypeParameters>,,</ownDataTypeParameters>
<autoIncrementCycle>false</autoIncrementCycle>
</Column>
<Column name="Commit_Source_Code" id="1F1A7B1A-FE6E-2B06-6DF8-D2E2E5AE5525">
<createdBy>garre</createdBy>
<createdTime>2020-03-06 21:57:40 UTC</createdTime>
<generatorID>79465421-0F3B-2681-8EFD-93684B20FC5F</generatorID>
<ownerDesignName>LogicalPhase1</ownerDesignName>
<nullsAllowed>true</nullsAllowed>
<useDomainConstraints>false</useDomainConstraints>
<use>1</use>
<logicalDatatype>LogDes-1768A872-F385-FDBA-D95E-0CB63F5908E2@LOGDT10045</logicalDatatype>
<ownDataTypeParameters>,,</ownDataTypeParameters>
<autoIncrementCycle>false</autoIncrementCycle>
</Column>
<Column name="Files_Changed" id="C97D8795-1FCF-FD3A-E620-D0723001E4C6">
<createdBy>garre</createdBy>
<createdTime>2020-03-06 21:57:40 UTC</createdTime>
<generatorID>20F963BD-3C9E-E2B5-A17C-79763E023714</generatorID>
<ownerDesignName>LogicalPhase1</ownerDesignName>
<nullsAllowed>true</nullsAllowed>
<useDomainConstraints>false</useDomainConstraints>
<use>1</use>
<logicalDatatype>LogDes-1768A872-F385-FDBA-D95E-0CB63F5908E2@LOGDT10045</logicalDatatype>
<ownDataTypeParameters>,,</ownDataTypeParameters>
<autoIncrementCycle>false</autoIncrementCycle>
</Column>
<Column name="Change_Reason" id="AD4E1A6A-17ED-0325-F3A9-1C5879E17171">
<createdBy>garre</createdBy>
<createdTime>2020-03-06 21:57:40 UTC</createdTime>
<generatorID>2E0B0FF7-68D0-2EAA-49DF-E42AA35B779F</generatorID>
<ownerDesignName>LogicalPhase1</ownerDesignName>
<nullsAllowed>true</nullsAllowed>
<useDomainConstraints>false</useDomainConstraints>
<use>1</use>
<logicalDatatype>LogDes-1768A872-F385-FDBA-D95E-0CB63F5908E2@LOGDT10045</logicalDatatype>
<ownDataTypeParameters>,,</ownDataTypeParameters>
<autoIncrementCycle>false</autoIncrementCycle>
</Column>
<Column name="EMPLOYEE_Employee_ID" id="BC491CC9-A250-9027-EA4E-0F7C09CA79AD">
<createdBy>garre</createdBy>
<createdTime>2020-03-06 21:57:40 UTC</createdTime>
<generatorID>DD5892BE-BC6D-75EA-9A31-E81640059847</generatorID>
<ownerDesignName>LogicalPhase1</ownerDesignName>
<useDomainConstraints>false</useDomainConstraints>
<use>1</use>
<logicalDatatype>LOGDT025</logicalDatatype>
<dataTypeSize>16</dataTypeSize>
<ownDataTypeParameters>,,</ownDataTypeParameters>
<previousColumn>false</previousColumn>
<autoIncrementCycle>false</autoIncrementCycle>
<associations>
<colAssociation fkAssociation="A10B8514-BDB0-D2F3-1893-9A07BE14F29E" referredColumn="83C1E613-7DC1-CDC1-6808-8B80ECD57034"/>
</associations>
</Column>
<Column name="VC_BRANCH_VC_PROJECT_Project_Name" id="CF24A9CB-C09E-CE15-78B0-0607FA993EE4">
<createdBy>garre</createdBy>
<createdTime>2020-03-06 21:57:40 UTC</createdTime>
<generatorID>84D40767-C9F1-091C-43E3-B588C2A2C42A</generatorID>
<ownerDesignName>LogicalPhase1</ownerDesignName>
<useDomainConstraints>false</useDomainConstraints>
<use>1</use>
<logicalDatatype>LOGDT024</logicalDatatype>
<dataTypeSize>256</dataTypeSize>
<ownDataTypeParameters>,,</ownDataTypeParameters>
<previousColumn>false</previousColumn>
<autoIncrementCycle>false</autoIncrementCycle>
<associations>
<colAssociation fkAssociation="65106169-7DCB-E38B-7C81-43BFC6D806EA" referredColumn="7540F4D5-037D-E27B-3CCC-FE3CC56CA5B6"/>
</associations>
</Column>
</columns>
<indexes itemClass="oracle.dbtools.crest.model.design.relational.Index">
<ind_PK_UK id="19BE255A-F5BA-7C86-F3B8-C40DD9E0B82F" name="VC_COMMIT_PK">
<createdBy>garre</createdBy>
<createdTime>2020-03-06 21:57:40 UTC</createdTime>
<generatorID>C7EFBE4F-B63C-296E-183C-68A622BE09B3</generatorID>
<ownerDesignName>LogicalPhase1</ownerDesignName>
<pk>true</pk>
<indexState>Primary Constraint</indexState>
<isSurrogateKey>false</isSurrogateKey>
<indexColumnUsage>
<colUsage columnID="E2FC0448-CB88-938F-6136-BD5A49463467"/>
<colUsage columnID="ABD84789-8844-7D5E-B047-FAEA827A3FBC"/>
<colUsage columnID="CF24A9CB-C09E-CE15-78B0-0607FA993EE4"/>
</indexColumnUsage>
</ind_PK_UK>
<ind_PK_UK id="F544E54B-A606-BD57-C286-567BD1C01EF4" name="VC_COMMIT_VC_BRANCH_FK">
<createdBy>garre</createdBy>
<createdTime>2020-03-06 21:57:41 UTC</createdTime>
<generatorID>E7DFFBF1-01FE-5186-3F5E-74AD456C750F</generatorID>
<ownerDesignName>LogicalPhase1</ownerDesignName>
<indexState>Foreign Key</indexState>
<isSurrogateKey>false</isSurrogateKey>
<indexColumnUsage>
<colUsage columnID="CF24A9CB-C09E-CE15-78B0-0607FA993EE4"/>
<colUsage columnID="ABD84789-8844-7D5E-B047-FAEA827A3FBC"/>
</indexColumnUsage>
</ind_PK_UK>
<ind_PK_UK id="936E5F03-20A9-AAE3-3AED-393C1BF89425" name="VC_COMMIT_EMPLOYEE_FK">
<createdBy>garre</createdBy>
<createdTime>2020-03-06 21:57:41 UTC</createdTime>
<generatorID>98DC48B4-0407-A199-5E26-72E783563755</generatorID>
<ownerDesignName>LogicalPhase1</ownerDesignName>
<indexState>Foreign Key</indexState>
<isSurrogateKey>false</isSurrogateKey>
<indexColumnUsage>
<colUsage columnID="BC491CC9-A250-9027-EA4E-0F7C09CA79AD"/>
</indexColumnUsage>
</ind_PK_UK>
</indexes>
</Table>