<?xml version = '1.0' encoding = 'UTF-8'?>
<Table class="oracle.dbtools.crest.model.design.relational.Table" directorySegmentName="seg_0" id="9F09DA54-D537-0229-0BD6-15643111214A" name="CHAT_MESSAGE">
<createdBy>garre</createdBy>
<createdTime>2020-03-06 21:57:40 UTC</createdTime>
<generatorID>1284D39F-24AF-309B-F114-BADC92652E2E</generatorID>
<ownerDesignName>LogicalPhase1</ownerDesignName>
<allowColumnReorder>false</allowColumnReorder>
<existDependencyGenerateInDDl>true</existDependencyGenerateInDDl>
<parsed>true</parsed>
<columns itemClass="oracle.dbtools.crest.model.design.relational.Column">
<Column name="Date_Time" id="7F75BF19-9F1B-6F6C-0713-02DB6583BB1E">
<createdBy>garre</createdBy>
<createdTime>2020-03-06 21:57:40 UTC</createdTime>
<generatorID>96389A62-D957-EF79-EF62-D1B0CD654747</generatorID>
<ownerDesignName>LogicalPhase1</ownerDesignName>
<useDomainConstraints>false</useDomainConstraints>
<use>1</use>
<logicalDatatype>LOGDT008</logicalDatatype>
<ownDataTypeParameters>,,</ownDataTypeParameters>
<autoIncrementCycle>false</autoIncrementCycle>
</Column>
<Column name="EMPLOYEE_Employee_ID" id="0931A72D-60CD-89A1-AFBD-4BA6A6BE4107">
<createdBy>garre</createdBy>
<createdTime>2020-03-06 21:57:40 UTC</createdTime>
<generatorID>C8768715-9893-326A-BBD2-864D2C54DA5A</generatorID>
<ownerDesignName>LogicalPhase1</ownerDesignName>
<useDomainConstraints>false</useDomainConstraints>
<use>1</use>
<logicalDatatype>LOGDT025</logicalDatatype>
<dataTypeSize>16</dataTypeSize>
<ownDataTypeParameters>,,</ownDataTypeParameters>
<previousColumn>false</previousColumn>
<autoIncrementCycle>false</autoIncrementCycle>
<associations>
<colAssociation fkAssociation="B574A3A8-ED4C-D818-6A91-E3F9DCFC847B" referredColumn="83C1E613-7DC1-CDC1-6808-8B80ECD57034"/>
</associations>
</Column>
<Column name="Message_Contents" id="23C875B5-73E2-85D8-1A2E-DF03E3C9ED66">
<createdBy>garre</createdBy>
<createdTime>2020-03-06 21:57:40 UTC</createdTime>
<generatorID>B57D5D52-EAB9-5FED-0959-3280D991C02A</generatorID>
<ownerDesignName>LogicalPhase1</ownerDesignName>
<nullsAllowed>true</nullsAllowed>
<useDomainConstraints>false</useDomainConstraints>
<use>1</use>
<logicalDatatype>LogDes-1768A872-F385-FDBA-D95E-0CB63F5908E2@LOGDT10045</logicalDatatype>
<ownDataTypeParameters>,,</ownDataTypeParameters>
<autoIncrementCycle>false</autoIncrementCycle>
</Column>
<Column name="CHAT_ROOM_Chat_Room_Name" id="7A7F19BF-0481-370A-E253-2B617F7A6A11">
<createdBy>garre</createdBy>
<createdTime>2020-03-06 21:57:40 UTC</createdTime>
<generatorID>434D53C0-F56A-89FD-AD50-6429F9958263</generatorID>
<ownerDesignName>LogicalPhase1</ownerDesignName>
<useDomainConstraints>false</useDomainConstraints>
<use>1</use>
<logicalDatatype>LOGDT024</logicalDatatype>
<dataTypeSize>128</dataTypeSize>
<ownDataTypeParameters>,,</ownDataTypeParameters>
<previousColumn>false</previousColumn>
<autoIncrementCycle>false</autoIncrementCycle>
<associations>
<colAssociation fkAssociation="8445C540-C959-781D-68B2-2B5C18A88434" referredColumn="A33F08B4-C4C0-0408-D0CA-4FB04D298B41"/>
</associations>
</Column>
</columns>
<indexes itemClass="oracle.dbtools.crest.model.design.relational.Index">
<ind_PK_UK id="10DE09AB-97A1-1996-93E8-E1074AC71D38" name="CHAT_MESSAGE_PK">
<createdBy>garre</createdBy>
<createdTime>2020-03-06 21:57:40 UTC</createdTime>
<generatorID>CB163999-94AC-D64C-B86F-07476DF7A212</generatorID>
<ownerDesignName>LogicalPhase1</ownerDesignName>
<pk>true</pk>
<indexState>Primary Constraint</indexState>
<isSurrogateKey>false</isSurrogateKey>
<indexColumnUsage>
<colUsage columnID="0931A72D-60CD-89A1-AFBD-4BA6A6BE4107"/>
<colUsage columnID="7F75BF19-9F1B-6F6C-0713-02DB6583BB1E"/>
</indexColumnUsage>
</ind_PK_UK>
<ind_PK_UK id="39616F66-F3EE-0F8D-95A5-DD3B033A80B4" name="CHAT_MESSAGE_EMPLOYEE_FK">
<createdBy>garre</createdBy>
<createdTime>2020-03-06 21:57:40 UTC</createdTime>
<generatorID>0E487EC6-BBB6-64DA-B8A4-B1C515E27876</generatorID>
<ownerDesignName>LogicalPhase1</ownerDesignName>
<indexState>Foreign Key</indexState>
<isSurrogateKey>false</isSurrogateKey>
<indexColumnUsage>
<colUsage columnID="0931A72D-60CD-89A1-AFBD-4BA6A6BE4107"/>
</indexColumnUsage>
</ind_PK_UK>
<ind_PK_UK id="009B6D56-7762-E403-1DD7-844478BCE698" name="CHAT_MESSAGE_CHAT_ROOM_FK">
<createdBy>garre</createdBy>
<createdTime>2020-03-06 21:57:41 UTC</createdTime>
<generatorID>4B262449-EE6B-C541-EC52-8330C9D3B653</generatorID>
<ownerDesignName>LogicalPhase1</ownerDesignName>
<indexState>Foreign Key</indexState>
<isSurrogateKey>false</isSurrogateKey>
<indexColumnUsage>
<colUsage columnID="7A7F19BF-0481-370A-E253-2B617F7A6A11"/>
</indexColumnUsage>
</ind_PK_UK>
</indexes>
</Table>