<?xml version = '1.0' encoding = 'UTF-8'?>
<Table class="oracle.dbtools.crest.model.design.relational.Table" directorySegmentName="seg_0" id="AB4BC86A-74B3-A92F-531F-73A76C1C8084" name="EMPLOYEE">
<createdBy>garre</createdBy>
<createdTime>2020-03-06 21:57:40 UTC</createdTime>
<generatorID>93838CE4-E82E-477A-5041-3BB19701DF4F</generatorID>
<ownerDesignName>LogicalPhase1</ownerDesignName>
<allowColumnReorder>false</allowColumnReorder>
<existDependencyGenerateInDDl>true</existDependencyGenerateInDDl>
<parsed>true</parsed>
<columns itemClass="oracle.dbtools.crest.model.design.relational.Column">
<Column name="Employee_ID" id="83C1E613-7DC1-CDC1-6808-8B80ECD57034">
<createdBy>garre</createdBy>
<createdTime>2020-03-06 21:57:40 UTC</createdTime>
<generatorID>445821E2-8A07-E16B-9D15-61D61D84F6EE</generatorID>
<ownerDesignName>LogicalPhase1</ownerDesignName>
<useDomainConstraints>false</useDomainConstraints>
<use>1</use>
<logicalDatatype>LOGDT025</logicalDatatype>
<dataTypeSize>16</dataTypeSize>
<ownDataTypeParameters>16,,</ownDataTypeParameters>
<autoIncrementCycle>false</autoIncrementCycle>
</Column>
<Column name="First_Name" id="19B4A5FE-E74F-1D0E-6E6B-89591CEF5D55">
<createdBy>garre</createdBy>
<createdTime>2020-03-06 21:57:40 UTC</createdTime>
<generatorID>F8B512B1-E300-CAAD-92C8-60A1DE041053</generatorID>
<ownerDesignName>LogicalPhase1</ownerDesignName>
<nullsAllowed>true</nullsAllowed>
<useDomainConstraints>false</useDomainConstraints>
<use>1</use>
<logicalDatatype>LOGDT024</logicalDatatype>
<dataTypeSize>256</dataTypeSize>
<ownDataTypeParameters>256,,</ownDataTypeParameters>
<autoIncrementCycle>false</autoIncrementCycle>
</Column>
<Column name="Last_Name" id="1593376E-6B66-A858-9B7F-472A3C45BB60">
<createdBy>garre</createdBy>
<createdTime>2020-03-06 21:57:40 UTC</createdTime>
<generatorID>FD16DB0E-9B47-EB3B-492C-A3080B21914A</generatorID>
<ownerDesignName>LogicalPhase1</ownerDesignName>
<nullsAllowed>true</nullsAllowed>
<useDomainConstraints>false</useDomainConstraints>
<use>1</use>
<logicalDatatype>LOGDT024</logicalDatatype>
<dataTypeSize>256</dataTypeSize>
<ownDataTypeParameters>256,,</ownDataTypeParameters>
<autoIncrementCycle>false</autoIncrementCycle>
</Column>
<Column name="Hire_Date" id="6F1741D0-BB83-567C-B574-BE9B49216875">
<createdBy>garre</createdBy>
<createdTime>2020-03-06 21:57:40 UTC</createdTime>
<generatorID>D146A296-17AF-65C8-2464-91158AC9748C</generatorID>
<ownerDesignName>LogicalPhase1</ownerDesignName>
<nullsAllowed>true</nullsAllowed>
<useDomainConstraints>false</useDomainConstraints>
<use>1</use>
<logicalDatatype>LOGDT007</logicalDatatype>
<ownDataTypeParameters>,,</ownDataTypeParameters>
<autoIncrementCycle>false</autoIncrementCycle>
</Column>
<Column name="Birth_Date" id="15B5B1DA-E744-A145-B90B-9265D5F89AF4">
<createdBy>garre</createdBy>
<createdTime>2020-03-06 21:57:40 UTC</createdTime>
<generatorID>6D7B7E7F-BB2D-C478-5494-B2BD8BC05634</generatorID>
<ownerDesignName>LogicalPhase1</ownerDesignName>
<nullsAllowed>true</nullsAllowed>
<useDomainConstraints>false</useDomainConstraints>
<use>1</use>
<logicalDatatype>LOGDT007</logicalDatatype>
<ownDataTypeParameters>,,</ownDataTypeParameters>
<autoIncrementCycle>false</autoIncrementCycle>
</Column>
<Column name="Permitted_Access_Level" id="62C1B719-ADE3-2602-D72A-6E6BE11CCF4D">
<createdBy>garre</createdBy>
<createdTime>2020-03-06 21:57:40 UTC</createdTime>
<generatorID>E52CDDBF-736B-F541-A3F0-ED7A54ADC998</generatorID>
<ownerDesignName>LogicalPhase1</ownerDesignName>
<nullsAllowed>true</nullsAllowed>
<useDomainConstraints>false</useDomainConstraints>
<use>1</use>
<logicalDatatype>LOGDT011</logicalDatatype>
<ownDataTypeParameters>,,</ownDataTypeParameters>
<autoIncrementCycle>false</autoIncrementCycle>
</Column>
</columns>
<indexes itemClass="oracle.dbtools.crest.model.design.relational.Index">
<ind_PK_UK id="31DCDA97-00CD-6444-7E96-0F6B81F59F0E" name="EMPLOYEE_PK">
<createdBy>garre</createdBy>
<createdTime>2020-03-06 21:57:40 UTC</createdTime>
<generatorID>97F32D95-1622-17BA-8F27-F123167132ED</generatorID>
<ownerDesignName>LogicalPhase1</ownerDesignName>
<pk>true</pk>
<indexState>Primary Constraint</indexState>
<isSurrogateKey>false</isSurrogateKey>
<indexColumnUsage>
<colUsage columnID="83C1E613-7DC1-CDC1-6808-8B80ECD57034"/>
</indexColumnUsage>
</ind_PK_UK>
</indexes>
</Table>