<?xml version = '1.0' encoding = 'UTF-8'?>
<Entity class="oracle.dbtools.crest.model.design.logical.Entity" directorySegmentName="seg_0" id="4D4E41A2-1F4E-738A-2144-AAC68D7FBEBB" name="EMPLOYEE">
<createdBy>user</createdBy>
<createdTime>2020-02-17 01:13:01 UTC</createdTime>
<ownerDesignName>Lab2</ownerDesignName>
<engineerTo>
<item key="500E3CA4-DCD0-AB89-A17A-AC2E5781A894" value="true"/>
</engineerTo>
<adequatelyNormalized>NO</adequatelyNormalized>
<expectedVolumes>0</expectedVolumes>
<fwdEngineeringStrategyName>Single Table</fwdEngineeringStrategyName>
<growthPercent>0</growthPercent>
<growthType>Year</growthType>
<maxVolumes>9999999</maxVolumes>
<minVolumes>0</minVolumes>
<normalForm>Third</normalForm>
<attributes itemClass="oracle.dbtools.crest.model.design.logical.Attribute">
<Attribute name="EmployeeID" id="498FD68A-5FFE-9E42-499F-32CBF16013B8">
<createdBy>user</createdBy>
<createdTime>2020-02-17 01:13:09 UTC</createdTime>
<ownerDesignName>Lab2</ownerDesignName>
<engineerTo>
<item key="500E3CA4-DCD0-AB89-A17A-AC2E5781A894" value="true"/>
</engineerTo>
<useDomainConstraints>false</useDomainConstraints>
<use>1</use>
<logicalDatatype>LOGDT025</logicalDatatype>
<dataTypeSize>20</dataTypeSize>
<ownDataTypeParameters>20,,</ownDataTypeParameters>
</Attribute>
<Attribute name="EmployeeFirstName" id="F093DA69-5EF8-28E3-26D7-451F46943DC2">
<createdBy>user</createdBy>
<createdTime>2020-02-17 01:13:39 UTC</createdTime>
<ownerDesignName>Lab2</ownerDesignName>
<engineerTo>
<item key="500E3CA4-DCD0-AB89-A17A-AC2E5781A894" value="true"/>
</engineerTo>
<nullsAllowed>true</nullsAllowed>
<useDomainConstraints>false</useDomainConstraints>
<use>1</use>
<logicalDatatype>LOGDT024</logicalDatatype>
<dataTypeSize>30</dataTypeSize>
<ownDataTypeParameters>30,,</ownDataTypeParameters>
</Attribute>
<Attribute name="EmployeeLastName" id="1FDEF70B-6B2F-E09C-0C8F-101893CBA0E8">
<createdBy>user</createdBy>
<createdTime>2020-02-17 01:24:47 UTC</createdTime>
<ownerDesignName>Lab2</ownerDesignName>
<engineerTo>
<item key="500E3CA4-DCD0-AB89-A17A-AC2E5781A894" value="true"/>
</engineerTo>
<nullsAllowed>true</nullsAllowed>
<useDomainConstraints>false</useDomainConstraints>
<use>1</use>
<logicalDatatype>LOGDT024</logicalDatatype>
<dataTypeSize>30</dataTypeSize>
<ownDataTypeParameters>30,,</ownDataTypeParameters>
</Attribute>
<Attribute name="HireDate" id="100D24DC-B33E-580B-736F-CC8293CD43B5">
<createdBy>user</createdBy>
<createdTime>2020-02-17 01:24:55 UTC</createdTime>
<ownerDesignName>Lab2</ownerDesignName>
<engineerTo>
<item key="500E3CA4-DCD0-AB89-A17A-AC2E5781A894" value="true"/>
</engineerTo>
<nullsAllowed>true</nullsAllowed>
<useDomainConstraints>false</useDomainConstraints>
<use>1</use>
<logicalDatatype>LOGDT007</logicalDatatype>
<ownDataTypeParameters>,,</ownDataTypeParameters>
</Attribute>
<Attribute name="CellNumber" id="34A52EC8-A824-92DE-6ACB-8A87F4FAE488">
<createdBy>user</createdBy>
<createdTime>2020-02-17 01:25:04 UTC</createdTime>
<ownerDesignName>Lab2</ownerDesignName>
<engineerTo>
<item key="500E3CA4-DCD0-AB89-A17A-AC2E5781A894" value="true"/>
</engineerTo>
<nullsAllowed>true</nullsAllowed>
<useDomainConstraints>false</useDomainConstraints>
<use>1</use>
<logicalDatatype>LOGDT011</logicalDatatype>
<ownDataTypeParameters>,,</ownDataTypeParameters>
</Attribute>
<Attribute name="RealtorLicenseNumber" id="2B3B92E2-ABD3-FF48-8BB5-BE6D28D0E5A0">
<createdBy>user</createdBy>
<createdTime>2020-02-17 01:25:30 UTC</createdTime>
<ownerDesignName>Lab2</ownerDesignName>
<engineerTo>
<item key="500E3CA4-DCD0-AB89-A17A-AC2E5781A894" value="true"/>
</engineerTo>
<nullsAllowed>true</nullsAllowed>
<useDomainConstraints>false</useDomainConstraints>
<use>1</use>
<logicalDatatype>LOGDT011</logicalDatatype>
<ownDataTypeParameters>,,</ownDataTypeParameters>
</Attribute>
</attributes>
<identifiers itemClass="oracle.dbtools.crest.model.design.logical.CandidateKey">
<identifier id="83054557-B347-A695-1B51-C90727BDF85D" name="EMPLOYEE PK">
<createdBy>user</createdBy>
<createdTime>2020-02-17 01:26:10 UTC</createdTime>
<ownerDesignName>Lab2</ownerDesignName>
<engineerTo>
<item key="500E3CA4-DCD0-AB89-A17A-AC2E5781A894" value="true"/>
</engineerTo>
<pk>true</pk>
<usedAttributes>
<attributeRef>498FD68A-5FFE-9E42-499F-32CBF16013B8</attributeRef>
</usedAttributes>
</identifier>
</identifiers>
</Entity>