<?xml version = '1.0' encoding = 'UTF-8'?>
<Entity class="oracle.dbtools.crest.model.design.logical.Entity" directorySegmentName="seg_0" id="66C2CD58-47C1-54FE-FCC9-7CEE23D740C0" name="POTENTIAL CLIENT">
<createdBy>user</createdBy>
<createdTime>2020-02-17 02:01:50 UTC</createdTime>
<ownerDesignName>Lab2</ownerDesignName>
<engineerTo>
<item key="500E3CA4-DCD0-AB89-A17A-AC2E5781A894" value="true"/>
</engineerTo>
<adequatelyNormalized>NO</adequatelyNormalized>
<expectedVolumes>0</expectedVolumes>
<fwdEngineeringStrategyName>Single Table</fwdEngineeringStrategyName>
<growthPercent>0</growthPercent>
<growthType>Year</growthType>
<maxVolumes>9999999</maxVolumes>
<minVolumes>0</minVolumes>
<normalForm>Third</normalForm>
<attributes itemClass="oracle.dbtools.crest.model.design.logical.Attribute">
<Attribute name="ClientID" id="83CC3833-D6A3-4999-5F16-9D404D468B0C">
<createdBy>user</createdBy>
<createdTime>2020-02-17 02:01:57 UTC</createdTime>
<ownerDesignName>Lab2</ownerDesignName>
<engineerTo>
<item key="500E3CA4-DCD0-AB89-A17A-AC2E5781A894" value="true"/>
</engineerTo>
<useDomainConstraints>false</useDomainConstraints>
<use>1</use>
<logicalDatatype>LOGDT025</logicalDatatype>
<dataTypeSize>20</dataTypeSize>
<ownDataTypeParameters>20,,</ownDataTypeParameters>
</Attribute>
<Attribute name="ClientFIrstName" id="99CCF5C6-08E9-1928-1EE7-8F42198CA235">
<createdBy>user</createdBy>
<createdTime>2020-02-17 02:02:08 UTC</createdTime>
<ownerDesignName>Lab2</ownerDesignName>
<engineerTo>
<item key="500E3CA4-DCD0-AB89-A17A-AC2E5781A894" value="true"/>
</engineerTo>
<nullsAllowed>true</nullsAllowed>
<useDomainConstraints>false</useDomainConstraints>
<use>1</use>
<logicalDatatype>LOGDT024</logicalDatatype>
<dataTypeSize>30</dataTypeSize>
<ownDataTypeParameters>30,,</ownDataTypeParameters>
</Attribute>
<Attribute name="ClientLastName" id="CE0FB35F-0F76-BFF5-612F-F8E65C95C993">
<createdBy>user</createdBy>
<createdTime>2020-02-17 02:02:19 UTC</createdTime>
<ownerDesignName>Lab2</ownerDesignName>
<engineerTo>
<item key="500E3CA4-DCD0-AB89-A17A-AC2E5781A894" value="true"/>
</engineerTo>
<nullsAllowed>true</nullsAllowed>
<useDomainConstraints>false</useDomainConstraints>
<use>1</use>
<logicalDatatype>LOGDT024</logicalDatatype>
<dataTypeSize>30</dataTypeSize>
<ownDataTypeParameters>30,,</ownDataTypeParameters>
</Attribute>
<Attribute name="ContactCellPhone" id="61779C3D-89AB-B540-FE9D-659243A2D743">
<createdBy>user</createdBy>
<createdTime>2020-02-17 02:02:32 UTC</createdTime>
<ownerDesignName>Lab2</ownerDesignName>
<engineerTo>
<item key="500E3CA4-DCD0-AB89-A17A-AC2E5781A894" value="true"/>
</engineerTo>
<nullsAllowed>true</nullsAllowed>
<useDomainConstraints>false</useDomainConstraints>
<use>1</use>
<logicalDatatype>LOGDT011</logicalDatatype>
<ownDataTypeParameters>,,</ownDataTypeParameters>
</Attribute>
<Attribute name="EmailAddress" id="16CC53E2-5AE3-1604-5079-3D102CB3C5E2">
<createdBy>user</createdBy>
<createdTime>2020-02-17 02:02:53 UTC</createdTime>
<ownerDesignName>Lab2</ownerDesignName>
<engineerTo>
<item key="500E3CA4-DCD0-AB89-A17A-AC2E5781A894" value="true"/>
</engineerTo>
<nullsAllowed>true</nullsAllowed>
<useDomainConstraints>false</useDomainConstraints>
<use>1</use>
<logicalDatatype>LOGDT024</logicalDatatype>
<dataTypeSize>30</dataTypeSize>
<ownDataTypeParameters>30,,</ownDataTypeParameters>
</Attribute>
</attributes>
<identifiers itemClass="oracle.dbtools.crest.model.design.logical.CandidateKey">
<identifier id="E6A640FB-7452-ABAE-CB58-EB5131EC69F6" name="CLIENT PK">
<createdBy>user</createdBy>
<createdTime>2020-02-17 02:59:23 UTC</createdTime>
<ownerDesignName>Lab2</ownerDesignName>
<engineerTo>
<item key="500E3CA4-DCD0-AB89-A17A-AC2E5781A894" value="true"/>
</engineerTo>
<pk>true</pk>
<usedAttributes>
<attributeRef>83CC3833-D6A3-4999-5F16-9D404D468B0C</attributeRef>
</usedAttributes>
</identifier>
</identifiers>
</Entity>