<?xml version = '1.0' encoding = 'UTF-8'?>
<Entity class="oracle.dbtools.crest.model.design.logical.Entity" directorySegmentName="seg_0" id="A575FC79-CDF5-3F3A-F465-33201CD2B453" name="PROPERTY REVIEW">
<createdBy>user</createdBy>
<createdTime>2020-02-17 02:03:39 UTC</createdTime>
<ownerDesignName>Lab2</ownerDesignName>
<engineerTo>
<item key="500E3CA4-DCD0-AB89-A17A-AC2E5781A894" value="true"/>
</engineerTo>
<adequatelyNormalized>NO</adequatelyNormalized>
<expectedVolumes>0</expectedVolumes>
<fwdEngineeringStrategyName>Single Table</fwdEngineeringStrategyName>
<growthPercent>0</growthPercent>
<growthType>Year</growthType>
<maxVolumes>9999999</maxVolumes>
<minVolumes>0</minVolumes>
<normalForm>Third</normalForm>
<attributes itemClass="oracle.dbtools.crest.model.design.logical.Attribute">
<Attribute name="ViewDate" id="9267E62C-34EA-7A77-BC02-8682AD45C1FB">
<createdBy>user</createdBy>
<createdTime>2020-02-17 02:07:06 UTC</createdTime>
<ownerDesignName>Lab2</ownerDesignName>
<engineerTo>
<item key="500E3CA4-DCD0-AB89-A17A-AC2E5781A894" value="true"/>
</engineerTo>
<useDomainConstraints>false</useDomainConstraints>
<use>1</use>
<logicalDatatype>LOGDT007</logicalDatatype>
<ownDataTypeParameters>,,</ownDataTypeParameters>
</Attribute>
<Attribute name="ClientID" id="1AA2442C-F249-8080-295E-C93E76D67FCB">
<createdBy>user</createdBy>
<createdTime>2020-02-17 03:32:20 UTC</createdTime>
<ownerDesignName>Lab2</ownerDesignName>
<engineerTo>
<item key="500E3CA4-DCD0-AB89-A17A-AC2E5781A894" value="true"/>
</engineerTo>
<useDomainConstraints>false</useDomainConstraints>
<use>1</use>
<logicalDatatype>LOGDT025</logicalDatatype>
<dataTypeSize>20</dataTypeSize>
<ownDataTypeParameters>20,,</ownDataTypeParameters>
</Attribute>
<Attribute name="InspectorID" id="66B636BE-85BE-39F9-2990-1023A89D76FB">
<createdBy>user</createdBy>
<createdTime>2020-02-17 03:32:26 UTC</createdTime>
<ownerDesignName>Lab2</ownerDesignName>
<engineerTo>
<item key="500E3CA4-DCD0-AB89-A17A-AC2E5781A894" value="true"/>
</engineerTo>
<useDomainConstraints>false</useDomainConstraints>
<use>1</use>
<logicalDatatype>LOGDT025</logicalDatatype>
<dataTypeSize>20</dataTypeSize>
<ownDataTypeParameters>20,,</ownDataTypeParameters>
</Attribute>
<Attribute name="FeedbackFromClient" id="A778ABBE-CCCB-FDA5-F96E-1DCD83DD2555">
<createdBy>user</createdBy>
<createdTime>2020-02-17 02:08:40 UTC</createdTime>
<ownerDesignName>Lab2</ownerDesignName>
<engineerTo>
<item key="500E3CA4-DCD0-AB89-A17A-AC2E5781A894" value="true"/>
</engineerTo>
<nullsAllowed>true</nullsAllowed>
<useDomainConstraints>false</useDomainConstraints>
<use>1</use>
<logicalDatatype>LOGDT024</logicalDatatype>
<dataTypeSize>100</dataTypeSize>
<ownDataTypeParameters>100,,</ownDataTypeParameters>
</Attribute>
<Attribute name="ClientID1" id="6A5DA02C-DE91-67C6-93D0-5124E0E98B72">
<createdBy>user</createdBy>
<createdTime>2020-02-17 04:45:07 UTC</createdTime>
<generatorID>1C6F5549-546D-D194-7BF1-FE61F24BF8E4</generatorID>
<ownerDesignName>Lab2</ownerDesignName>
<engineerTo>
<item key="500E3CA4-DCD0-AB89-A17A-AC2E5781A894" value="true"/>
</engineerTo>
<referedAttribute>83CC3833-D6A3-4999-5F16-9D404D468B0C</referedAttribute>
<useDomainConstraints>false</useDomainConstraints>
<use>1</use>
<logicalDatatype>LOGDT025</logicalDatatype>
<dataTypeSize>20</dataTypeSize>
<ownDataTypeParameters>,,</ownDataTypeParameters>
</Attribute>
<Attribute name="PropertyNumber" id="E6DC84BF-0997-D0F7-BE19-257E40A2FE21">
<createdBy>user</createdBy>
<createdTime>2020-02-17 04:45:19 UTC</createdTime>
<generatorID>746051CA-628E-EA19-8607-F99BAA4162B0</generatorID>
<ownerDesignName>Lab2</ownerDesignName>
<engineerTo>
<item key="500E3CA4-DCD0-AB89-A17A-AC2E5781A894" value="true"/>
</engineerTo>
<referedAttribute>48F6612F-D497-F475-4FEF-57A37B422F46</referedAttribute>
<useDomainConstraints>false</useDomainConstraints>
<use>1</use>
<logicalDatatype>LOGDT011</logicalDatatype>
<ownDataTypeParameters>,,</ownDataTypeParameters>
</Attribute>
</attributes>
<identifiers itemClass="oracle.dbtools.crest.model.design.logical.CandidateKey">
<identifier id="8F53925A-BD50-2A85-7EA4-1255860368D2" name="PROPERTY REVIEW PK">
<createdBy>user</createdBy>
<createdTime>2020-02-17 02:07:33 UTC</createdTime>
<ownerDesignName>Lab2</ownerDesignName>
<engineerTo>
<item key="500E3CA4-DCD0-AB89-A17A-AC2E5781A894" value="true"/>
</engineerTo>
<pk>true</pk>
<usedAttributes>
<attributeRef>9267E62C-34EA-7A77-BC02-8682AD45C1FB</attributeRef>
<attributeRef>66B636BE-85BE-39F9-2990-1023A89D76FB</attributeRef>
<attributeRef>1AA2442C-F249-8080-295E-C93E76D67FCB</attributeRef>
</usedAttributes>
</identifier>
</identifiers>
</Entity>