<?xml version = '1.0' encoding = 'UTF-8'?>
<Entity class="oracle.dbtools.crest.model.design.logical.Entity" directorySegmentName="seg_0" id="CD28A990-A413-F00C-7EE0-73EBD588B737" name="PROPERTY">
<createdBy>user</createdBy>
<createdTime>2020-02-17 02:09:03 UTC</createdTime>
<ownerDesignName>Lab2</ownerDesignName>
<engineerTo>
<item key="500E3CA4-DCD0-AB89-A17A-AC2E5781A894" value="true"/>
</engineerTo>
<adequatelyNormalized>NO</adequatelyNormalized>
<expectedVolumes>0</expectedVolumes>
<fwdEngineeringStrategyName>Single Table</fwdEngineeringStrategyName>
<growthPercent>0</growthPercent>
<growthType>Year</growthType>
<maxVolumes>9999999</maxVolumes>
<minVolumes>0</minVolumes>
<normalForm>Third</normalForm>
<attributes itemClass="oracle.dbtools.crest.model.design.logical.Attribute">
<Attribute name="PropertyNumber" id="48F6612F-D497-F475-4FEF-57A37B422F46">
<createdBy>user</createdBy>
<createdTime>2020-02-17 02:09:14 UTC</createdTime>
<ownerDesignName>Lab2</ownerDesignName>
<engineerTo>
<item key="500E3CA4-DCD0-AB89-A17A-AC2E5781A894" value="true"/>
</engineerTo>
<useDomainConstraints>false</useDomainConstraints>
<use>1</use>
<logicalDatatype>LOGDT011</logicalDatatype>
<ownDataTypeParameters>,,</ownDataTypeParameters>
</Attribute>
<Attribute name="StreetAddress" id="B988EFC0-5965-CD41-9A5E-81CF863034E5">
<createdBy>user</createdBy>
<createdTime>2020-02-17 02:09:44 UTC</createdTime>
<ownerDesignName>Lab2</ownerDesignName>
<engineerTo>
<item key="500E3CA4-DCD0-AB89-A17A-AC2E5781A894" value="true"/>
</engineerTo>
<nullsAllowed>true</nullsAllowed>
<useDomainConstraints>false</useDomainConstraints>
<use>1</use>
<logicalDatatype>LOGDT024</logicalDatatype>
<dataTypeSize>30</dataTypeSize>
<ownDataTypeParameters>30,,</ownDataTypeParameters>
</Attribute>
<Attribute name="City" id="95E336D4-7213-E4EF-3EE7-C0257B86A616">
<createdBy>user</createdBy>
<createdTime>2020-02-17 02:10:10 UTC</createdTime>
<ownerDesignName>Lab2</ownerDesignName>
<engineerTo>
<item key="500E3CA4-DCD0-AB89-A17A-AC2E5781A894" value="true"/>
</engineerTo>
<nullsAllowed>true</nullsAllowed>
<useDomainConstraints>false</useDomainConstraints>
<use>1</use>
<logicalDatatype>LOGDT024</logicalDatatype>
<dataTypeSize>30</dataTypeSize>
<ownDataTypeParameters>30,,</ownDataTypeParameters>
</Attribute>
<Attribute name="State/Province" id="79881C65-3832-9FA8-2A6A-6698DC0DEBEC">
<createdBy>user</createdBy>
<createdTime>2020-02-17 02:10:15 UTC</createdTime>
<ownerDesignName>Lab2</ownerDesignName>
<engineerTo>
<item key="500E3CA4-DCD0-AB89-A17A-AC2E5781A894" value="true"/>
</engineerTo>
<nullsAllowed>true</nullsAllowed>
<useDomainConstraints>false</useDomainConstraints>
<use>1</use>
<logicalDatatype>LOGDT024</logicalDatatype>
<dataTypeSize>30</dataTypeSize>
<ownDataTypeParameters>30,,</ownDataTypeParameters>
</Attribute>
<Attribute name="ZIPCode/PostalCode" id="D4F1DC46-60DB-AEBB-E61D-6EBF569C1BC5">
<createdBy>user</createdBy>
<createdTime>2020-02-17 02:10:22 UTC</createdTime>
<ownerDesignName>Lab2</ownerDesignName>
<engineerTo>
<item key="500E3CA4-DCD0-AB89-A17A-AC2E5781A894" value="true"/>
</engineerTo>
<nullsAllowed>true</nullsAllowed>
<useDomainConstraints>false</useDomainConstraints>
<use>1</use>
<logicalDatatype>LOGDT011</logicalDatatype>
<ownDataTypeParameters>,,</ownDataTypeParameters>
</Attribute>
<Attribute name="SquareFootage" id="64207CAC-597D-C7A5-CDE9-D5333D58FB7E">
<createdBy>user</createdBy>
<createdTime>2020-02-17 02:10:33 UTC</createdTime>
<ownerDesignName>Lab2</ownerDesignName>
<engineerTo>
<item key="500E3CA4-DCD0-AB89-A17A-AC2E5781A894" value="true"/>
</engineerTo>
<nullsAllowed>true</nullsAllowed>
<useDomainConstraints>false</useDomainConstraints>
<use>1</use>
<logicalDatatype>LOGDT026</logicalDatatype>
<ownDataTypeParameters>,,</ownDataTypeParameters>
</Attribute>
<Attribute name="YearBuilt" id="EEC1B764-131C-60DA-E666-4CD3576C9563">
<createdBy>user</createdBy>
<createdTime>2020-02-17 02:10:52 UTC</createdTime>
<ownerDesignName>Lab2</ownerDesignName>
<engineerTo>
<item key="500E3CA4-DCD0-AB89-A17A-AC2E5781A894" value="true"/>
</engineerTo>
<nullsAllowed>true</nullsAllowed>
<useDomainConstraints>false</useDomainConstraints>
<use>1</use>
<logicalDatatype>LOGDT011</logicalDatatype>
<ownDataTypeParameters>,,</ownDataTypeParameters>
</Attribute>
<Attribute name="PropertyType" id="8E3BC589-BF70-804F-3688-F6A239FB4382">
<createdBy>user</createdBy>
<createdTime>2020-02-17 02:11:05 UTC</createdTime>
<ownerDesignName>Lab2</ownerDesignName>
<engineerTo>
<item key="500E3CA4-DCD0-AB89-A17A-AC2E5781A894" value="true"/>
</engineerTo>
<nullsAllowed>true</nullsAllowed>
<useDomainConstraints>false</useDomainConstraints>
<use>1</use>
<logicalDatatype>LOGDT024</logicalDatatype>
<dataTypeSize>30</dataTypeSize>
<ownDataTypeParameters>30,,</ownDataTypeParameters>
</Attribute>
</attributes>
<identifiers itemClass="oracle.dbtools.crest.model.design.logical.CandidateKey">
<identifier id="0216C77E-B32D-F64D-E196-F1F2F4FD13AD" name="PROPERTY PK">
<createdBy>user</createdBy>
<createdTime>2020-02-17 02:09:48 UTC</createdTime>
<ownerDesignName>Lab2</ownerDesignName>
<engineerTo>
<item key="500E3CA4-DCD0-AB89-A17A-AC2E5781A894" value="true"/>
</engineerTo>
<pk>true</pk>
<usedAttributes>
<attributeRef>48F6612F-D497-F475-4FEF-57A37B422F46</attributeRef>
</usedAttributes>
</identifier>
</identifiers>
</Entity>