<?xml version = '1.0' encoding = 'UTF-8'?>
<FKIndexAssociation class="oracle.dbtools.crest.model.design.relational.FKIndexAssociation" directorySegmentName="seg_0" id="65106169-7DCB-E38B-7C81-43BFC6D806EA" containerWithKeyObject="85FBCDF2-1DA4-2962-B93A-BD9B6A02647D" localFKIndex="F544E54B-A606-BD57-C286-567BD1C01EF4" name="VC_COMMIT_VC_BRANCH_FK">
<createdBy>garre</createdBy>
<createdTime>2020-03-06 21:57:41 UTC</createdTime>
<generatorID>E7DFFBF1-01FE-5186-3F5E-74AD456C750F</generatorID>
<ownerDesignName>Physical2</ownerDesignName>
<referredTableLongName>VC_BRANCH</referredTableLongName>
<deleteRule>NO ACTION</deleteRule>
<referredTableID>AB991BC7-27A6-0446-70D4-FDEA34A0EFFB</referredTableID>
<keyObject>6B12E97A-4B67-2039-7952-31D613A7E16B</keyObject>
<referredKeyID>6B12E97A-4B67-2039-7952-31D613A7E16B</referredKeyID>
<mandatory>true</mandatory>
<refColNames>VC_PROJECT_Project_Name,Branch_Name</refColNames>
<transferable>true</transferable>
<rely>false</rely>
<columnDependencyConstraintGenerateInDDL>true</columnDependencyConstraintGenerateInDDL>
</FKIndexAssociation>