<?xml version = '1.0' encoding = 'UTF-8'?>
<FKIndexAssociation class="oracle.dbtools.crest.model.design.relational.FKIndexAssociation" directorySegmentName="seg_0" id="7174A29D-0673-4129-212D-4FB698C7786D" containerWithKeyObject="2C75D9AE-616C-5E76-AAA6-B120A9DF5E35" localFKIndex="0089FBFD-1F6C-F69C-3364-687E82FC75EA" name="HARDWARE_REQUEST_EMPLOYEE_FK">
<createdBy>garre</createdBy>
<createdTime>2020-03-06 21:57:41 UTC</createdTime>
<generatorID>4DFFA1AF-2B74-9CA1-83F4-A70853F1ACAB</generatorID>
<ownerDesignName>Physical2</ownerDesignName>
<referredTableLongName>EMPLOYEE</referredTableLongName>
<deleteRule>NO ACTION</deleteRule>
<referredTableID>AB4BC86A-74B3-A92F-531F-73A76C1C8084</referredTableID>
<keyObject>31DCDA97-00CD-6444-7E96-0F6B81F59F0E</keyObject>
<referredKeyID>31DCDA97-00CD-6444-7E96-0F6B81F59F0E</referredKeyID>
<mandatory>true</mandatory>
<refColNames>Employee_ID</refColNames>
<transferable>true</transferable>
<rely>false</rely>
<columnDependencyConstraintGenerateInDDL>true</columnDependencyConstraintGenerateInDDL>
</FKIndexAssociation>