<?xml version = '1.0' encoding = 'UTF-8'?>
<FKIndexAssociation class="oracle.dbtools.crest.model.design.relational.FKIndexAssociation" directorySegmentName="seg_0" id="8445C540-C959-781D-68B2-2B5C18A88434" containerWithKeyObject="9F09DA54-D537-0229-0BD6-15643111214A" localFKIndex="009B6D56-7762-E403-1DD7-844478BCE698" name="CHAT_MESSAGE_CHAT_ROOM_FK">
<createdBy>garre</createdBy>
<createdTime>2020-03-06 21:57:41 UTC</createdTime>
<generatorID>4B262449-EE6B-C541-EC52-8330C9D3B653</generatorID>
<ownerDesignName>Physical2</ownerDesignName>
<referredTableLongName>CHAT_ROOM</referredTableLongName>
<deleteRule>NO ACTION</deleteRule>
<referredTableID>7FB1D69F-D813-600A-848D-1FAFE27DED99</referredTableID>
<keyObject>7A4307BB-865F-DAE7-674A-95BD6665C068</keyObject>
<referredKeyID>7A4307BB-865F-DAE7-674A-95BD6665C068</referredKeyID>
<mandatory>true</mandatory>
<refColNames>Chat_Room_Name</refColNames>
<transferable>true</transferable>
<rely>false</rely>
<columnDependencyConstraintGenerateInDDL>true</columnDependencyConstraintGenerateInDDL>
</FKIndexAssociation>