<?xml version = '1.0' encoding = 'UTF-8'?>
<FKIndexAssociation class="oracle.dbtools.crest.model.design.relational.FKIndexAssociation" directorySegmentName="seg_0" id="9664BA4D-E670-5773-BEB2-9321E9F4FB48" containerWithKeyObject="46035A55-4F65-DED8-F554-13D506E87E49" localFKIndex="F74F625E-9BD3-23FB-C15D-806BA705A841" name="SERVER_HARDWARE_REQUEST_FK">
<createdBy>garre</createdBy>
<createdTime>2020-03-06 21:57:41 UTC</createdTime>
<generatorID>A11877C7-1F5B-663B-A6EE-AF32A12FB510</generatorID>
<ownerDesignName>Physical2</ownerDesignName>
<referredTableLongName>HARDWARE_REQUEST</referredTableLongName>
<deleteRule>NO ACTION</deleteRule>
<referredTableID>2C75D9AE-616C-5E76-AAA6-B120A9DF5E35</referredTableID>
<keyObject>F84990FA-E6C9-4664-2774-F3011F217743</keyObject>
<referredKeyID>F84990FA-E6C9-4664-2774-F3011F217743</referredKeyID>
<mandatory>true</mandatory>
<refColNames>HARDWARE_VENDOR_Vendor_ID,Request_ID</refColNames>
<transferable>true</transferable>
<rely>false</rely>
<columnDependencyConstraintGenerateInDDL>true</columnDependencyConstraintGenerateInDDL>
</FKIndexAssociation>