<?xml version = '1.0' encoding = 'UTF-8'?>
<FKIndexAssociation class="oracle.dbtools.crest.model.design.relational.FKIndexAssociation" directorySegmentName="seg_0" id="A10B8514-BDB0-D2F3-1893-9A07BE14F29E" containerWithKeyObject="85FBCDF2-1DA4-2962-B93A-BD9B6A02647D" localFKIndex="936E5F03-20A9-AAE3-3AED-393C1BF89425" name="VC_COMMIT_EMPLOYEE_FK">
<createdBy>garre</createdBy>
<createdTime>2020-03-06 21:57:41 UTC</createdTime>
<generatorID>98DC48B4-0407-A199-5E26-72E783563755</generatorID>
<ownerDesignName>Physical2</ownerDesignName>
<referredTableLongName>EMPLOYEE</referredTableLongName>
<deleteRule>NO ACTION</deleteRule>
<referredTableID>AB4BC86A-74B3-A92F-531F-73A76C1C8084</referredTableID>
<keyObject>31DCDA97-00CD-6444-7E96-0F6B81F59F0E</keyObject>
<referredKeyID>31DCDA97-00CD-6444-7E96-0F6B81F59F0E</referredKeyID>
<mandatory>true</mandatory>
<refColNames>Employee_ID</refColNames>
<transferable>true</transferable>
<rely>false</rely>
<columnDependencyConstraintGenerateInDDL>true</columnDependencyConstraintGenerateInDDL>
</FKIndexAssociation>