<?xml version = '1.0' encoding = 'UTF-8'?>
<FKIndexAssociation class="oracle.dbtools.crest.model.design.relational.FKIndexAssociation" directorySegmentName="seg_0" id="D04AE924-6CC8-B531-77D0-7793C168619A" containerWithKeyObject="0F0293C5-3A51-487F-C9FF-84AFFEDFA143" localFKIndex="6D403340-ED64-9316-6A02-835756C3EDE8" name="VC_ISSUE_VC_BRANCH_FK">
<createdBy>garre</createdBy>
<createdTime>2020-03-06 21:57:41 UTC</createdTime>
<generatorID>75FE0BC7-0AC1-0E47-9AFF-DCE9785AB147</generatorID>
<ownerDesignName>Physical2</ownerDesignName>
<referredTableLongName>VC_BRANCH</referredTableLongName>
<deleteRule>NO ACTION</deleteRule>
<referredTableID>AB991BC7-27A6-0446-70D4-FDEA34A0EFFB</referredTableID>
<keyObject>6B12E97A-4B67-2039-7952-31D613A7E16B</keyObject>
<referredKeyID>6B12E97A-4B67-2039-7952-31D613A7E16B</referredKeyID>
<mandatory>true</mandatory>
<refColNames>VC_PROJECT_Project_Name,Branch_Name</refColNames>
<transferable>true</transferable>
<rely>false</rely>
<columnDependencyConstraintGenerateInDDL>true</columnDependencyConstraintGenerateInDDL>
</FKIndexAssociation>