<?xml version = '1.0' encoding = 'UTF-8'?>
<Relation class="oracle.dbtools.crest.model.design.logical.Relation" name="Relation_16" directorySegmentName="seg_0" id="1C6F5549-546D-D194-7BF1-FE61F24BF8E4">
<createdBy>user</createdBy>
<createdTime>2020-02-17 04:45:07 UTC</createdTime>
<ownerDesignName>Lab2</ownerDesignName>
<engineerTo>
<item key="500E3CA4-DCD0-AB89-A17A-AC2E5781A894" value="true"/>
</engineerTo>
<sourcePk>E6A640FB-7452-ABAE-CB58-EB5131EC69F6</sourcePk>
<identifying>false</identifying>
<nameOnSource>Is viewed by</nameOnSource>
<nameOnTarget>Views</nameOnTarget>
<optionalSource>true</optionalSource>
<optionalTarget>false</optionalTarget>
<sourceCardinality>1</sourceCardinality>
<sourceEntity>66C2CD58-47C1-54FE-FCC9-7CEE23D740C0</sourceEntity>
<targetCardinalityString>*</targetCardinalityString>
<targetEntity>A575FC79-CDF5-3F3A-F465-33201CD2B453</targetEntity>
<transferable>true</transferable>
<deleteRule>NO ACTION</deleteRule>
</Relation>