<?xml version = '1.0' encoding = 'UTF-8'?>
<Relation class="oracle.dbtools.crest.model.design.logical.Relation" name="Relation_9" directorySegmentName="seg_0" id="4A834DC0-8487-CAB7-52CF-EFD0FD9143C2">
<createdBy>user</createdBy>
<createdTime>2020-02-17 03:24:10 UTC</createdTime>
<ownerDesignName>Lab2</ownerDesignName>
<engineerTo>
<item key="500E3CA4-DCD0-AB89-A17A-AC2E5781A894" value="true"/>
</engineerTo>
<identifying>false</identifying>
<nameOnSource>Inspects</nameOnSource>
<nameOnTarget>Is inspected by</nameOnTarget>
<optionalSource>true</optionalSource>
<optionalTarget>false</optionalTarget>
<sourceCardinality>*</sourceCardinality>
<sourceEntity>6D877846-DEF0-D0C4-7725-21D06E8A3C94</sourceEntity>
<targetCardinalityString>*</targetCardinalityString>
<targetEntity>CD28A990-A413-F00C-7EE0-73EBD588B737</targetEntity>
<transferable>true</transferable>
<deleteRule>NO ACTION</deleteRule>
</Relation>