<?xml version = '1.0' encoding = 'UTF-8'?>
<Relation class="oracle.dbtools.crest.model.design.logical.Relation" name="Relation_17" directorySegmentName="seg_0" id="746051CA-628E-EA19-8607-F99BAA4162B0">
<createdBy>user</createdBy>
<createdTime>2020-02-17 04:45:19 UTC</createdTime>
<ownerDesignName>Lab2</ownerDesignName>
<engineerTo>
<item key="500E3CA4-DCD0-AB89-A17A-AC2E5781A894" value="true"/>
</engineerTo>
<sourcePk>0216C77E-B32D-F64D-E196-F1F2F4FD13AD</sourcePk>
<identifying>false</identifying>
<nameOnSource>Is reviewed by</nameOnSource>
<nameOnTarget>Reviews</nameOnTarget>
<optionalSource>true</optionalSource>
<optionalTarget>false</optionalTarget>
<sourceCardinality>1</sourceCardinality>
<sourceEntity>CD28A990-A413-F00C-7EE0-73EBD588B737</sourceEntity>
<targetCardinalityString>*</targetCardinalityString>
<targetEntity>A575FC79-CDF5-3F3A-F465-33201CD2B453</targetEntity>
<transferable>true</transferable>
<deleteRule>NO ACTION</deleteRule>
</Relation>