<?xml version = '1.0' encoding = 'UTF-8'?>
<Relation class="oracle.dbtools.crest.model.design.logical.Relation" name="Relation_12" directorySegmentName="seg_0" id="B4E523D3-4AC4-E712-86CF-46E1092CC71F">
<createdBy>user</createdBy>
<createdTime>2020-02-17 03:42:59 UTC</createdTime>
<ownerDesignName>Lab2</ownerDesignName>
<engineerTo>
<item key="500E3CA4-DCD0-AB89-A17A-AC2E5781A894" value="true"/>
</engineerTo>
<sourcePk>81CB373C-4C23-31D6-2C7B-675DDF14BEB8</sourcePk>
<identifying>true</identifying>
<nameOnSource>Requests</nameOnSource>
<nameOnTarget>Is requested by</nameOnTarget>
<optionalSource>true</optionalSource>
<optionalTarget>false</optionalTarget>
<sourceCardinality>1</sourceCardinality>
<sourceEntity>6D877846-DEF0-D0C4-7725-21D06E8A3C94</sourceEntity>
<targetCardinalityString>*</targetCardinalityString>
<targetEntity>A8CCF0E0-5E7F-3FB8-B8C1-066D86453835</targetEntity>
<transferable>true</transferable>
<deleteRule>NO ACTION</deleteRule>
</Relation>