<?xml version = '1.0' encoding = 'UTF-8'?>
<Relation class="oracle.dbtools.crest.model.design.logical.Relation" name="Relation_11" directorySegmentName="seg_0" id="3E361071-F1B5-BEFC-8107-F265292AA204">
<createdBy>garre</createdBy>
<createdTime>2020-03-02 20:04:21 UTC</createdTime>
<ownerDesignName>Physical2</ownerDesignName>
<engineerTo>
<item key="8ACADD0A-F242-4501-4609-2A074EED4066" value="true"/>
</engineerTo>
<sourcePk>2E1373AB-CB38-EA04-8F3F-6AE58DB6EF6E</sourcePk>
<targetPk>3E638F3B-49E7-8E19-82C7-EC6B0A370815</targetPk>
<identifying>false</identifying>
<nameOnSource>is addressed by</nameOnSource>
<nameOnTarget>addresses</nameOnTarget>
<optionalSource>false</optionalSource>
<optionalTarget>false</optionalTarget>
<sourceCardinality>*</sourceCardinality>
<sourceEntity>10A3F7C2-A7F1-9B5E-839A-7474C9169954</sourceEntity>
<targetCardinalityString>1</targetCardinalityString>
<targetEntity>A703A852-63F0-1A69-0FFA-FB029592F971</targetEntity>
<transferable>true</transferable>
<deleteRule>NO ACTION</deleteRule>
</Relation>