<?xml version = '1.0' encoding = 'UTF-8'?>
<Relation class="oracle.dbtools.crest.model.design.logical.Relation" name="Relation_2" directorySegmentName="seg_0" id="4B262449-EE6B-C541-EC52-8330C9D3B653">
<createdBy>garre</createdBy>
<createdTime>2020-03-02 19:59:09 UTC</createdTime>
<ownerDesignName>Physical2</ownerDesignName>
<engineerTo>
<item key="8ACADD0A-F242-4501-4609-2A074EED4066" value="true"/>
</engineerTo>
<sourcePk>F77C12AE-1906-D663-0413-D63C624B4486</sourcePk>
<identifying>false</identifying>
<nameOnSource>contains</nameOnSource>
<nameOnTarget>is contained in</nameOnTarget>
<optionalSource>true</optionalSource>
<optionalTarget>false</optionalTarget>
<sourceCardinality>1</sourceCardinality>
<sourceEntity>188EB4E4-7536-8FA2-53A2-FFCA4066452F</sourceEntity>
<targetCardinalityString>*</targetCardinalityString>
<targetEntity>1284D39F-24AF-309B-F114-BADC92652E2E</targetEntity>
<transferable>true</transferable>
<deleteRule>NO ACTION</deleteRule>
</Relation>