<?xml version = '1.0' encoding = 'UTF-8'?>
<Relation class="oracle.dbtools.crest.model.design.logical.Relation" name="Relation_7" directorySegmentName="seg_0" id="98DC48B4-0407-A199-5E26-72E783563755">
<createdBy>garre</createdBy>
<createdTime>2020-03-02 20:03:29 UTC</createdTime>
<ownerDesignName>Physical2</ownerDesignName>
<engineerTo>
<item key="8ACADD0A-F242-4501-4609-2A074EED4066" value="true"/>
</engineerTo>
<sourcePk>97F32D95-1622-17BA-8F27-F123167132ED</sourcePk>
<identifying>false</identifying>
<nameOnSource>submits</nameOnSource>
<nameOnTarget>is submitted by</nameOnTarget>
<optionalSource>true</optionalSource>
<optionalTarget>false</optionalTarget>
<sourceCardinality>1</sourceCardinality>
<sourceEntity>93838CE4-E82E-477A-5041-3BB19701DF4F</sourceEntity>
<targetCardinalityString>*</targetCardinalityString>
<targetEntity>7F9729A8-F0A3-9297-F93A-F21D21D407AD</targetEntity>
<transferable>true</transferable>
<deleteRule>NO ACTION</deleteRule>
</Relation>