<?xml version = '1.0' encoding = 'UTF-8'?>
<Relation class="oracle.dbtools.crest.model.design.logical.Relation" name="Relation_5" directorySegmentName="seg_0" id="A11877C7-1F5B-663B-A6EE-AF32A12FB510">
<createdBy>garre</createdBy>
<createdTime>2020-03-02 20:01:31 UTC</createdTime>
<ownerDesignName>Physical2</ownerDesignName>
<engineerTo>
<item key="8ACADD0A-F242-4501-4609-2A074EED4066" value="true"/>
</engineerTo>
<sourcePk>E2ED57CD-5895-614D-2978-62CAFC5315F3</sourcePk>
<identifying>false</identifying>
<nameOnSource>includes</nameOnSource>
<nameOnTarget>is included in</nameOnTarget>
<optionalSource>true</optionalSource>
<optionalTarget>false</optionalTarget>
<sourceCardinality>1</sourceCardinality>
<sourceEntity>CDD09DC0-3553-EBC7-54EC-E46E7D6C914A</sourceEntity>
<targetCardinalityString>*</targetCardinalityString>
<targetEntity>B36DB5D2-FF6E-9764-119C-BAFC8840E68A</targetEntity>
<transferable>true</transferable>
<deleteRule>NO ACTION</deleteRule>
</Relation>