<?xml version = '1.0' encoding = 'UTF-8'?>
<Relation class="oracle.dbtools.crest.model.design.logical.Relation" name="Relation_10" directorySegmentName="seg_0" id="E7DFFBF1-01FE-5186-3F5E-74AD456C750F">
<createdBy>garre</createdBy>
<createdTime>2020-03-02 20:04:10 UTC</createdTime>
<ownerDesignName>Physical2</ownerDesignName>
<engineerTo>
<item key="8ACADD0A-F242-4501-4609-2A074EED4066" value="true"/>
</engineerTo>
<sourcePk>D83665E2-F03E-1E13-E90D-0B819EB8D5D2</sourcePk>
<identifying>true</identifying>
<nameOnSource>includes</nameOnSource>
<nameOnTarget>is included in</nameOnTarget>
<optionalSource>true</optionalSource>
<optionalTarget>false</optionalTarget>
<sourceCardinality>1</sourceCardinality>
<sourceEntity>9568CB79-D3E7-DA59-B051-C5DAB14260B1</sourceEntity>
<targetCardinalityString>*</targetCardinalityString>
<targetEntity>7F9729A8-F0A3-9297-F93A-F21D21D407AD</targetEntity>
<transferable>true</transferable>
<deleteRule>NO ACTION</deleteRule>
</Relation>