<?xml version = '1.0' encoding = 'UTF-8'?>
<Diagram class="oracle.dbtools.crest.swingui.logical.DPVLogical" name="Logical" id="EED1C172-9EF4-7719-5F85-59552C1EABEB">
<createdBy>user</createdBy>
<modifiedBy>user</modifiedBy>
<createdTime>2020-02-17 01:10:07 UTC</createdTime>
<autoRoute>false</autoRoute>
<boxInbox>true</boxInbox>
<showLegend>false</showLegend>
<showLabels>true</showLabels>
<showRelAttributes>false</showRelAttributes>
<gridEnabled>false</gridEnabled>
<showGrid>false</showGrid>
<diagramColor>-1</diagramColor>
<display>false</display>
<notation>2</notation>
<showAllDetails>false</showAllDetails>
<showElements>true</showElements>
<showDatatype>true</showDatatype>
<showKeys>true</showKeys>
<objectViews>
<OView class="oracle.dbtools.crest.swingui.logical.TVEntity" oid="4D4E41A2-1F4E-738A-2144-AAC68D7FBEBB" otype="Entity" vid="24D77AAB-05B0-8412-F586-BFCF40EB966C">
<hideElementsInCurrentOnly>false</hideElementsInCurrentOnly>
<bounds x="91" y="422" width="282" height="220"/>
</OView>
<OView class="oracle.dbtools.crest.swingui.logical.TVEntity" oid="66C2CD58-47C1-54FE-FCC9-7CEE23D740C0" otype="Entity" vid="9AED271F-3227-DD35-C1AA-B244B6CFE271">
<hideElementsInCurrentOnly>false</hideElementsInCurrentOnly>
<bounds x="1431" y="506" width="283" height="166"/>
</OView>
<OView class="oracle.dbtools.crest.swingui.logical.TVEntity" oid="6D877846-DEF0-D0C4-7725-21D06E8A3C94" otype="Entity" vid="8A836A8B-465A-6F37-B8D6-4E1CE7610DEE">
<hideElementsInCurrentOnly>false</hideElementsInCurrentOnly>
<bounds x="501" y="98" width="247" height="200"/>
</OView>
<OView class="oracle.dbtools.crest.swingui.TVNote" oid="98FAB7B5-3784-3097-B121-D75972AAC637" otype="Note" vid="90576DCF-84EF-4D0E-6F80-E596120EE5E9">
<hideElementsInCurrentOnly>false</hideElementsInCurrentOnly>
<bounds x="68" y="717" width="371" height="142"/>
<comment>Assumptions:
1. Assume that all unique IDs are 20 digits
2. Not all employees are inspectors
3. Multiple clients can visit multiple properties in a day
4. Clients and properties can be in the database without any action taken
5. Multiple inspectors can visit multiple properties on the same day
6. All dates are inputed in a MM-DD-YY format
7. Phone number integers are formatted as XXX-XXX-XXXX</comment>
</OView>
<OView class="oracle.dbtools.crest.swingui.logical.TVEntity" oid="A575FC79-CDF5-3F3A-F465-33201CD2B453" otype="Entity" vid="067FD1E8-BDDC-E8EA-D212-1284C5E18E4E">
<hideElementsInCurrentOnly>false</hideElementsInCurrentOnly>
<bounds x="954" y="488" width="298" height="223"/>
</OView>
<OView class="oracle.dbtools.crest.swingui.logical.TVEntity" oid="A8CCF0E0-5E7F-3FB8-B8C1-066D86453835" otype="Entity" vid="35881827-9104-E5C6-9032-DB8EE5C3903B">
<hideElementsInCurrentOnly>false</hideElementsInCurrentOnly>
<bounds x="77" y="96" width="284" height="215"/>
</OView>
<OView class="oracle.dbtools.crest.swingui.TVNote" oid="B3164A71-F25E-DDF2-3B4C-1ABAA02F5A32" otype="Note" vid="A7A8E428-9FB2-60A1-573C-86750AD3195F">
<hideElementsInCurrentOnly>false</hideElementsInCurrentOnly>
<bounds x="504" y="757" width="277" height="102"/>
<comment>Database Title: Database Fundamentals
Name: Brandon (Jin Su) Lee
Date/Time: 2/16/19	11:30 PM
Lab Session Time: Monday, 3:30PM-5:20PM</comment>
</OView>
<OView class="oracle.dbtools.crest.swingui.logical.TVEntity" oid="CD28A990-A413-F00C-7EE0-73EBD588B737" otype="Entity" vid="42868382-61D0-9C23-659D-3B50EE9FF600">
<hideElementsInCurrentOnly>false</hideElementsInCurrentOnly>
<bounds x="961" y="106" width="279" height="238"/>
</OView>
</objectViews>
<connectors>
<Connector class="oracle.dbtools.crest.swingui.logical.TVRelation" oid="1C6F5549-546D-D194-7BF1-FE61F24BF8E4" otype="Relation" vid_source="9AED271F-3227-DD35-C1AA-B244B6CFE271" vid_target="067FD1E8-BDDC-E8EA-D212-1284C5E18E4E">
<hideElementsInCurrentOnly>false</hideElementsInCurrentOnly>
<backgroundColor>-16777216</backgroundColor>
<lineWidth>1</lineWidth>
<sourceLabel class="oracle.dbtools.crest.model.design.Label">
<site>0</site>
<labelBounds x="1353" y="544" width="72" height="30"/>
<noBackgroundColor>true</noBackgroundColor>
<noForegroundColor>true</noForegroundColor>
</sourceLabel>
<targetLabel class="oracle.dbtools.crest.model.design.Label">
<site>2</site>
<labelBounds x="1262" y="577" width="42" height="30"/>
<noBackgroundColor>true</noBackgroundColor>
<noForegroundColor>true</noForegroundColor>
</targetLabel>
<points>
<point x="1431" y="574"/>
<point x="1252" y="574"/>
</points>
</Connector>
<Connector class="oracle.dbtools.crest.swingui.logical.TVRelation" oid="4A834DC0-8487-CAB7-52CF-EFD0FD9143C2" otype="Relation" vid_source="8A836A8B-465A-6F37-B8D6-4E1CE7610DEE" vid_target="42868382-61D0-9C23-659D-3B50EE9FF600">
<hideElementsInCurrentOnly>false</hideElementsInCurrentOnly>
<backgroundColor>-16777216</backgroundColor>
<lineWidth>1</lineWidth>
<sourceLabel class="oracle.dbtools.crest.model.design.Label">
<site>0</site>
<labelBounds x="758" y="172" width="85" height="30"/>
<noBackgroundColor>true</noBackgroundColor>
<noForegroundColor>true</noForegroundColor>
</sourceLabel>
<targetLabel class="oracle.dbtools.crest.model.design.Label">
<site>2</site>
<labelBounds x="870" y="205" width="85" height="30"/>
<noBackgroundColor>true</noBackgroundColor>
<noForegroundColor>true</noForegroundColor>
</targetLabel>
<points>
<point x="748" y="202"/>
<point x="961" y="202"/>
</points>
</Connector>
<Connector class="oracle.dbtools.crest.swingui.logical.TVRelation" oid="746051CA-628E-EA19-8607-F99BAA4162B0" otype="Relation" vid_source="42868382-61D0-9C23-659D-3B50EE9FF600" vid_target="067FD1E8-BDDC-E8EA-D212-1284C5E18E4E">
<hideElementsInCurrentOnly>false</hideElementsInCurrentOnly>
<backgroundColor>-16777216</backgroundColor>
<lineWidth>1</lineWidth>
<sourceLabel class="oracle.dbtools.crest.model.design.Label">
<site>0</site>
<labelBounds x="1130" y="388" width="42" height="30"/>
<noBackgroundColor>true</noBackgroundColor>
<noForegroundColor>true</noForegroundColor>
</sourceLabel>
<targetLabel class="oracle.dbtools.crest.model.design.Label">
<site>2</site>
<labelBounds x="1130" y="444" width="72" height="30"/>
<noBackgroundColor>true</noBackgroundColor>
<noForegroundColor>true</noForegroundColor>
</targetLabel>
<points>
<point x="1130" y="344"/>
<point x="1130" y="488"/>
</points>
</Connector>
<Connector class="oracle.dbtools.crest.swingui.logical.TVRelation" oid="B4E523D3-4AC4-E712-86CF-46E1092CC71F" otype="Relation" vid_source="8A836A8B-465A-6F37-B8D6-4E1CE7610DEE" vid_target="35881827-9104-E5C6-9032-DB8EE5C3903B">
<hideElementsInCurrentOnly>false</hideElementsInCurrentOnly>
<backgroundColor>-16777216</backgroundColor>
<lineWidth>1</lineWidth>
<sourceLabel class="oracle.dbtools.crest.model.design.Label">
<site>0</site>
<labelBounds x="442" y="171" width="53" height="27"/>
<noBackgroundColor>true</noBackgroundColor>
<noForegroundColor>true</noForegroundColor>
</sourceLabel>
<targetLabel class="oracle.dbtools.crest.model.design.Label">
<site>2</site>
<labelBounds x="371" y="201" width="85" height="26"/>
<noBackgroundColor>true</noBackgroundColor>
<noForegroundColor>true</noForegroundColor>
</targetLabel>
<points>
<point x="501" y="198"/>
<point x="361" y="198"/>
</points>
</Connector>
</connectors>
</Diagram>