<?xml version = '1.0' encoding = 'UTF-8'?>
<Relation class="oracle.dbtools.crest.model.design.logical.Relation" name="Relation_1" directorySegmentName="seg_0" id="0E487EC6-BBB6-64DA-B8A4-B1C515E27876">
<createdBy>garre</createdBy>
<createdTime>2020-03-02 19:58:07 UTC</createdTime>
<ownerDesignName>LogicalPhase1</ownerDesignName>
<engineerTo>
<item key="8ACADD0A-F242-4501-4609-2A074EED4066" value="true"/>
</engineerTo>
<sourcePk>97F32D95-1622-17BA-8F27-F123167132ED</sourcePk>
<identifying>true</identifying>
<optionalSource>true</optionalSource>
<optionalTarget>false</optionalTarget>
<sourceCardinality>1</sourceCardinality>
<sourceEntity>93838CE4-E82E-477A-5041-3BB19701DF4F</sourceEntity>
<targetCardinalityString>*</targetCardinalityString>
<targetEntity>1284D39F-24AF-309B-F114-BADC92652E2E</targetEntity>
<transferable>true</transferable>
<deleteRule>NO ACTION</deleteRule>
</Relation>