<?xml version = '1.0' encoding = 'UTF-8'?>
<Relation class="oracle.dbtools.crest.model.design.logical.Relation" name="Relation_4" directorySegmentName="seg_0" id="C3D507CA-5864-925A-C633-78A29660D17A">
<createdBy>garre</createdBy>
<createdTime>2020-03-02 20:01:25 UTC</createdTime>
<ownerDesignName>LogicalPhase1</ownerDesignName>
<engineerTo>
<item key="8ACADD0A-F242-4501-4609-2A074EED4066" value="true"/>
</engineerTo>
<sourcePk>E8289A39-DC46-AC6A-B2D8-0152101614B2</sourcePk>
<identifying>true</identifying>
<nameOnSource>fulfills</nameOnSource>
<nameOnTarget>is fulfilled by</nameOnTarget>
<optionalSource>true</optionalSource>
<optionalTarget>false</optionalTarget>
<sourceCardinality>1</sourceCardinality>
<sourceEntity>FDC3EC1B-207C-733E-C9AC-7B04350380EB</sourceEntity>
<targetCardinalityString>*</targetCardinalityString>
<targetEntity>CDD09DC0-3553-EBC7-54EC-E46E7D6C914A</targetEntity>
<transferable>true</transferable>
<deleteRule>NO ACTION</deleteRule>
</Relation>