<?xml version = '1.0' encoding = 'UTF-8'?>
<Relation class="oracle.dbtools.crest.model.design.logical.Relation" name="Relation_19" directorySegmentName="seg_0" id="DC482A1B-9D48-BA7B-0EEB-39D82069741C">
<createdBy>lee3118</createdBy>
<createdTime>2020-03-06 02:38:15 UTC</createdTime>
<ownerDesignName>LogicalPhase1</ownerDesignName>
<engineerTo>
<item key="8ACADD0A-F242-4501-4609-2A074EED4066" value="true"/>
</engineerTo>
<sourcePk>060048A0-B41C-3BC2-976D-2AD25A60D076</sourcePk>
<identifying>true</identifying>
<nameOnSource>tracks</nameOnSource>
<nameOnTarget>is tracked by</nameOnTarget>
<optionalSource>true</optionalSource>
<optionalTarget>false</optionalTarget>
<sourceCardinality>1</sourceCardinality>
<sourceEntity>D17FD156-0D95-A9B6-FAC6-3B91F3D6ECF4</sourceEntity>
<targetCardinalityString>*</targetCardinalityString>
<targetEntity>9568CB79-D3E7-DA59-B051-C5DAB14260B1</targetEntity>
<transferable>true</transferable>
<deleteRule>NO ACTION</deleteRule>
</Relation>