<?xml version = '1.0' encoding = 'UTF-8'?>
<Relation class="oracle.dbtools.crest.model.design.logical.Relation" name="Relation_23" directorySegmentName="seg_0" id="EDCAC89C-95BF-B58B-8704-41378D5ACBA6">
<createdBy>garre</createdBy>
<createdTime>2020-03-06 21:28:15 UTC</createdTime>
<ownerDesignName>LogicalPhase1</ownerDesignName>
<engineerTo>
<item key="8ACADD0A-F242-4501-4609-2A074EED4066" value="true"/>
</engineerTo>
<sourcePk>9EFA84EC-ED16-990B-9788-BB1957790A7D</sourcePk>
<identifying>false</identifying>
<nameOnSource>processes</nameOnSource>
<nameOnTarget>is processed by</nameOnTarget>
<optionalSource>true</optionalSource>
<optionalTarget>false</optionalTarget>
<sourceCardinality>1</sourceCardinality>
<sourceEntity>20FDC2F8-6DEC-5D85-094A-1C593E0C574E</sourceEntity>
<targetCardinalityString>*</targetCardinalityString>
<targetEntity>F079D443-272B-D87A-15FA-D4DF02526A4B</targetEntity>
<transferable>true</transferable>
<deleteRule>NO ACTION</deleteRule>
</Relation>