<?xml version = '1.0' encoding = 'UTF-8'?>
<Entity class="oracle.dbtools.crest.model.design.logical.Entity" directorySegmentName="seg_0" id="10A3F7C2-A7F1-9B5E-839A-7474C9169954" name="SUPPORT_TICKET">
<createdBy>garre</createdBy>
<createdTime>2020-03-02 19:53:19 UTC</createdTime>
<ownerDesignName>msas</ownerDesignName>
<engineerTo>
<item key="8ACADD0A-F242-4501-4609-2A074EED4066" value="true"/>
</engineerTo>
<adequatelyNormalized>NO</adequatelyNormalized>
<expectedVolumes>0</expectedVolumes>
<fwdEngineeringStrategyName>Single Table</fwdEngineeringStrategyName>
<growthPercent>0</growthPercent>
<growthType>Year</growthType>
<maxVolumes>9999999</maxVolumes>
<minVolumes>0</minVolumes>
<normalForm>Third</normalForm>
<attributes itemClass="oracle.dbtools.crest.model.design.logical.Attribute">
<Attribute name="Ticket_ID" id="9AA4042B-4F50-F1D5-BC04-BA9DC2643791">
<createdBy>garre</createdBy>
<createdTime>2020-03-02 20:14:07 UTC</createdTime>
<ownerDesignName>msas</ownerDesignName>
<engineerTo>
<item key="8ACADD0A-F242-4501-4609-2A074EED4066" value="true"/>
</engineerTo>
<use>0</use>
<ownDataTypeParameters>,,</ownDataTypeParameters>
</Attribute>
<Attribute name="Submitted_By" id="B4497B08-4B14-7F66-C5F5-66E6BA7422D0">
<createdBy>garre</createdBy>
<createdTime>2020-03-02 20:13:52 UTC</createdTime>
<ownerDesignName>msas</ownerDesignName>
<engineerTo>
<item key="8ACADD0A-F242-4501-4609-2A074EED4066" value="true"/>
</engineerTo>
<nullsAllowed>true</nullsAllowed>
<use>0</use>
<ownDataTypeParameters>,,</ownDataTypeParameters>
</Attribute>
<Attribute name="Date_Time_Submitted" id="083C27D1-5186-CCA5-1E18-72F5FB374B78">
<createdBy>garre</createdBy>
<createdTime>2020-03-02 20:14:13 UTC</createdTime>
<ownerDesignName>msas</ownerDesignName>
<engineerTo>
<item key="8ACADD0A-F242-4501-4609-2A074EED4066" value="true"/>
</engineerTo>
<nullsAllowed>true</nullsAllowed>
<use>0</use>
<ownDataTypeParameters>,,</ownDataTypeParameters>
</Attribute>
<Attribute name="Employee_ID" id="C820D294-385F-C7DF-713F-F4FEDA7F5B24">
<createdBy>garre</createdBy>
<createdTime>2020-03-02 20:14:45 UTC</createdTime>
<generatorID>5B87FDB4-3800-5D28-37CC-15B289662D31</generatorID>
<ownerDesignName>msas</ownerDesignName>
<engineerTo>
<item key="8ACADD0A-F242-4501-4609-2A074EED4066" value="true"/>
</engineerTo>
<referedAttribute>445821E2-8A07-E16B-9D15-61D61D84F6EE</referedAttribute>
<use>0</use>
<ownDataTypeParameters>,,</ownDataTypeParameters>
</Attribute>
</attributes>
<identifiers itemClass="oracle.dbtools.crest.model.design.logical.CandidateKey">
<identifier id="2E1373AB-CB38-EA04-8F3F-6AE58DB6EF6E" name="SUPPORT_TICKET PK">
<createdBy>garre</createdBy>
<createdTime>2020-03-02 20:14:21 UTC</createdTime>
<ownerDesignName>msas</ownerDesignName>
<engineerTo>
<item key="8ACADD0A-F242-4501-4609-2A074EED4066" value="true"/>
</engineerTo>
<pk>true</pk>
<usedAttributes>
<attributeRef>9AA4042B-4F50-F1D5-BC04-BA9DC2643791</attributeRef>
</usedAttributes>
</identifier>
</identifiers>
</Entity>