<?xml version = '1.0' encoding = 'UTF-8'?>
<Entity class="oracle.dbtools.crest.model.design.logical.Entity" directorySegmentName="seg_0" id="1284D39F-24AF-309B-F114-BADC92652E2E" name="CHAT_MESSAGE">
<createdBy>garre</createdBy>
<createdTime>2020-03-02 19:49:26 UTC</createdTime>
<ownerDesignName>msas</ownerDesignName>
<engineerTo>
<item key="8ACADD0A-F242-4501-4609-2A074EED4066" value="true"/>
</engineerTo>
<adequatelyNormalized>NO</adequatelyNormalized>
<expectedVolumes>0</expectedVolumes>
<fwdEngineeringStrategyName>Single Table</fwdEngineeringStrategyName>
<growthPercent>0</growthPercent>
<growthType>Year</growthType>
<maxVolumes>9999999</maxVolumes>
<minVolumes>0</minVolumes>
<normalForm>Third</normalForm>
<attributes itemClass="oracle.dbtools.crest.model.design.logical.Attribute">
<Attribute name="Date_Time" id="96389A62-D957-EF79-EF62-D1B0CD654747">
<createdBy>garre</createdBy>
<createdTime>2020-03-02 20:05:04 UTC</createdTime>
<ownerDesignName>msas</ownerDesignName>
<engineerTo>
<item key="8ACADD0A-F242-4501-4609-2A074EED4066" value="true"/>
</engineerTo>
<use>0</use>
<ownDataTypeParameters>,,</ownDataTypeParameters>
</Attribute>
<Attribute name="Employee_ID" id="A23E35F5-5887-D654-78A0-C08485566017">
<createdBy>garre</createdBy>
<createdTime>2020-03-02 20:04:58 UTC</createdTime>
<generatorID>0E487EC6-BBB6-64DA-B8A4-B1C515E27876</generatorID>
<ownerDesignName>msas</ownerDesignName>
<engineerTo>
<item key="8ACADD0A-F242-4501-4609-2A074EED4066" value="true"/>
</engineerTo>
<referedAttribute>445821E2-8A07-E16B-9D15-61D61D84F6EE</referedAttribute>
<use>0</use>
<ownDataTypeParameters>,,</ownDataTypeParameters>
</Attribute>
<Attribute name="Chat_Room_Name" id="8A8A22F8-46EB-0D74-FA76-462806D914A0">
<createdBy>garre</createdBy>
<createdTime>2020-03-02 20:05:44 UTC</createdTime>
<generatorID>4B262449-EE6B-C541-EC52-8330C9D3B653</generatorID>
<ownerDesignName>msas</ownerDesignName>
<engineerTo>
<item key="8ACADD0A-F242-4501-4609-2A074EED4066" value="true"/>
</engineerTo>
<referedAttribute>EC741417-E320-E2A2-E512-650C1A3C8D90</referedAttribute>
<use>0</use>
<ownDataTypeParameters>,,</ownDataTypeParameters>
</Attribute>
<Attribute name="Message_Contents" id="B57D5D52-EAB9-5FED-0959-3280D991C02A">
<createdBy>garre</createdBy>
<createdTime>2020-03-02 20:05:19 UTC</createdTime>
<ownerDesignName>msas</ownerDesignName>
<engineerTo>
<item key="8ACADD0A-F242-4501-4609-2A074EED4066" value="true"/>
</engineerTo>
<nullsAllowed>true</nullsAllowed>
<use>0</use>
<ownDataTypeParameters>,,</ownDataTypeParameters>
</Attribute>
</attributes>
<identifiers itemClass="oracle.dbtools.crest.model.design.logical.CandidateKey">
<identifier id="CB163999-94AC-D64C-B86F-07476DF7A212" name="CHAT_MESSAGE PK">
<createdBy>garre</createdBy>
<createdTime>2020-03-02 20:05:10 UTC</createdTime>
<ownerDesignName>msas</ownerDesignName>
<engineerTo>
<item key="8ACADD0A-F242-4501-4609-2A074EED4066" value="true"/>
</engineerTo>
<pk>true</pk>
<usedAttributes>
<attributeRef>96389A62-D957-EF79-EF62-D1B0CD654747</attributeRef>
<attributeRef>A23E35F5-5887-D654-78A0-C08485566017</attributeRef>
</usedAttributes>
</identifier>
</identifiers>
</Entity>