<?xml version = '1.0' encoding = 'UTF-8'?>
<Entity class="oracle.dbtools.crest.model.design.logical.Entity" directorySegmentName="seg_0" id="188EB4E4-7536-8FA2-53A2-FFCA4066452F" name="CHAT_ROOM">
<createdBy>garre</createdBy>
<createdTime>2020-03-02 19:51:04 UTC</createdTime>
<ownerDesignName>msas</ownerDesignName>
<engineerTo>
<item key="8ACADD0A-F242-4501-4609-2A074EED4066" value="true"/>
</engineerTo>
<adequatelyNormalized>NO</adequatelyNormalized>
<expectedVolumes>0</expectedVolumes>
<fwdEngineeringStrategyName>Single Table</fwdEngineeringStrategyName>
<growthPercent>0</growthPercent>
<growthType>Year</growthType>
<maxVolumes>9999999</maxVolumes>
<minVolumes>0</minVolumes>
<normalForm>Third</normalForm>
<attributes itemClass="oracle.dbtools.crest.model.design.logical.Attribute">
<Attribute name="Chat_Room_Name" id="EC741417-E320-E2A2-E512-650C1A3C8D90">
<createdBy>garre</createdBy>
<createdTime>2020-03-02 20:05:29 UTC</createdTime>
<ownerDesignName>msas</ownerDesignName>
<engineerTo>
<item key="8ACADD0A-F242-4501-4609-2A074EED4066" value="true"/>
</engineerTo>
<use>0</use>
<ownDataTypeParameters>,,</ownDataTypeParameters>
</Attribute>
<Attribute name="Chat_Room_Access_Level" id="8E36CD13-4326-408D-0909-A2B41664F817">
<createdBy>garre</createdBy>
<createdTime>2020-03-02 20:06:15 UTC</createdTime>
<ownerDesignName>msas</ownerDesignName>
<engineerTo>
<item key="8ACADD0A-F242-4501-4609-2A074EED4066" value="true"/>
</engineerTo>
<nullsAllowed>true</nullsAllowed>
<use>0</use>
<ownDataTypeParameters>,,</ownDataTypeParameters>
</Attribute>
</attributes>
<identifiers itemClass="oracle.dbtools.crest.model.design.logical.CandidateKey">
<identifier id="F77C12AE-1906-D663-0413-D63C624B4486" name="CHAT_ROOM PK">
<createdBy>garre</createdBy>
<createdTime>2020-03-02 20:05:44 UTC</createdTime>
<ownerDesignName>msas</ownerDesignName>
<engineerTo>
<item key="8ACADD0A-F242-4501-4609-2A074EED4066" value="true"/>
</engineerTo>
<pk>true</pk>
<usedAttributes>
<attributeRef>EC741417-E320-E2A2-E512-650C1A3C8D90</attributeRef>
</usedAttributes>
</identifier>
</identifiers>
</Entity>