<?xml version = '1.0' encoding = 'UTF-8'?>
<Entity class="oracle.dbtools.crest.model.design.logical.Entity" directorySegmentName="seg_0" id="7F9729A8-F0A3-9297-F93A-F21D21D407AD" name="VC_COMMIT">
<createdBy>garre</createdBy>
<createdTime>2020-03-02 19:53:07 UTC</createdTime>
<ownerDesignName>msas</ownerDesignName>
<engineerTo>
<item key="8ACADD0A-F242-4501-4609-2A074EED4066" value="true"/>
</engineerTo>
<adequatelyNormalized>NO</adequatelyNormalized>
<expectedVolumes>0</expectedVolumes>
<fwdEngineeringStrategyName>Single Table</fwdEngineeringStrategyName>
<growthPercent>0</growthPercent>
<growthType>Year</growthType>
<maxVolumes>9999999</maxVolumes>
<minVolumes>0</minVolumes>
<normalForm>Third</normalForm>
<attributes itemClass="oracle.dbtools.crest.model.design.logical.Attribute">
<Attribute name="Commit_ID" id="AE2DF35F-F2D3-EE50-4747-487084FC9C3A">
<createdBy>garre</createdBy>
<createdTime>2020-03-02 20:12:46 UTC</createdTime>
<ownerDesignName>msas</ownerDesignName>
<engineerTo>
<item key="8ACADD0A-F242-4501-4609-2A074EED4066" value="true"/>
</engineerTo>
<use>0</use>
<ownDataTypeParameters>,,</ownDataTypeParameters>
</Attribute>
<Attribute name="Employee_ID" id="F648639A-5F6C-8122-C362-7E9B7E247606">
<createdBy>garre</createdBy>
<createdTime>2020-03-02 20:04:58 UTC</createdTime>
<generatorID>98DC48B4-0407-A199-5E26-72E783563755</generatorID>
<ownerDesignName>msas</ownerDesignName>
<engineerTo>
<item key="8ACADD0A-F242-4501-4609-2A074EED4066" value="true"/>
</engineerTo>
<referedAttribute>445821E2-8A07-E16B-9D15-61D61D84F6EE</referedAttribute>
<use>0</use>
<ownDataTypeParameters>,,</ownDataTypeParameters>
</Attribute>
<Attribute name="Branch_Name" id="4FDDCCD3-FB84-DCFC-2389-BC4958E6B83A">
<createdBy>garre</createdBy>
<createdTime>2020-03-02 20:11:56 UTC</createdTime>
<generatorID>E7DFFBF1-01FE-5186-3F5E-74AD456C750F</generatorID>
<ownerDesignName>msas</ownerDesignName>
<engineerTo>
<item key="8ACADD0A-F242-4501-4609-2A074EED4066" value="true"/>
</engineerTo>
<referedAttribute>4E28FB33-AA6E-3C05-ADB5-7753050B7771</referedAttribute>
<use>0</use>
<ownDataTypeParameters>,,</ownDataTypeParameters>
</Attribute>
<Attribute name="Project_Name" id="7016FD66-F268-B293-28F4-8710D144EF29">
<createdBy>garre</createdBy>
<createdTime>2020-03-02 20:12:23 UTC</createdTime>
<generatorID>E7DFFBF1-01FE-5186-3F5E-74AD456C750F</generatorID>
<ownerDesignName>msas</ownerDesignName>
<engineerTo>
<item key="8ACADD0A-F242-4501-4609-2A074EED4066" value="true"/>
</engineerTo>
<referedAttribute>BE2AB89B-20BC-5719-A875-5CCBB0E06054</referedAttribute>
<use>0</use>
<ownDataTypeParameters>,,</ownDataTypeParameters>
</Attribute>
<Attribute name="Commit_Description" id="3BF719F4-BD76-FC65-ECEF-41DE6B4E9014">
<createdBy>garre</createdBy>
<createdTime>2020-03-02 20:13:01 UTC</createdTime>
<ownerDesignName>msas</ownerDesignName>
<engineerTo>
<item key="8ACADD0A-F242-4501-4609-2A074EED4066" value="true"/>
</engineerTo>
<nullsAllowed>true</nullsAllowed>
<use>0</use>
<ownDataTypeParameters>,,</ownDataTypeParameters>
</Attribute>
<Attribute name="DateTime" id="E99C4EBB-231E-8CC0-178E-B9995E7531C3">
<createdBy>garre</createdBy>
<createdTime>2020-03-02 20:12:49 UTC</createdTime>
<ownerDesignName>msas</ownerDesignName>
<engineerTo>
<item key="8ACADD0A-F242-4501-4609-2A074EED4066" value="true"/>
</engineerTo>
<nullsAllowed>true</nullsAllowed>
<use>0</use>
<ownDataTypeParameters>,,</ownDataTypeParameters>
</Attribute>
</attributes>
<identifiers itemClass="oracle.dbtools.crest.model.design.logical.CandidateKey">
<identifier id="C7EFBE4F-B63C-296E-183C-68A622BE09B3" name="VC_COMMIT PK">
<createdBy>garre</createdBy>
<createdTime>2020-03-02 20:13:09 UTC</createdTime>
<ownerDesignName>msas</ownerDesignName>
<engineerTo>
<item key="8ACADD0A-F242-4501-4609-2A074EED4066" value="true"/>
</engineerTo>
<pk>true</pk>
<usedAttributes>
<attributeRef>AE2DF35F-F2D3-EE50-4747-487084FC9C3A</attributeRef>
</usedAttributes>
</identifier>
</identifiers>
</Entity>