<?xml version = '1.0' encoding = 'UTF-8'?>
<Entity class="oracle.dbtools.crest.model.design.logical.Entity" directorySegmentName="seg_0" id="9568CB79-D3E7-DA59-B051-C5DAB14260B1" name="VC_BRANCH">
<createdBy>garre</createdBy>
<createdTime>2020-03-02 19:53:01 UTC</createdTime>
<ownerDesignName>msas</ownerDesignName>
<engineerTo>
<item key="8ACADD0A-F242-4501-4609-2A074EED4066" value="true"/>
</engineerTo>
<adequatelyNormalized>NO</adequatelyNormalized>
<expectedVolumes>0</expectedVolumes>
<fwdEngineeringStrategyName>Single Table</fwdEngineeringStrategyName>
<growthPercent>0</growthPercent>
<growthType>Year</growthType>
<maxVolumes>9999999</maxVolumes>
<minVolumes>0</minVolumes>
<normalForm>Third</normalForm>
<attributes itemClass="oracle.dbtools.crest.model.design.logical.Attribute">
<Attribute name="Branch_Name" id="4E28FB33-AA6E-3C05-ADB5-7753050B7771">
<createdBy>garre</createdBy>
<createdTime>2020-03-02 20:11:51 UTC</createdTime>
<ownerDesignName>msas</ownerDesignName>
<engineerTo>
<item key="8ACADD0A-F242-4501-4609-2A074EED4066" value="true"/>
</engineerTo>
<use>0</use>
<ownDataTypeParameters>,,</ownDataTypeParameters>
</Attribute>
<Attribute name="Project_Name" id="BE2AB89B-20BC-5719-A875-5CCBB0E06054">
<createdBy>garre</createdBy>
<createdTime>2020-03-02 20:12:10 UTC</createdTime>
<generatorID>A1816AFF-8919-C72B-9492-6C0CA81BEBEC</generatorID>
<ownerDesignName>msas</ownerDesignName>
<engineerTo>
<item key="8ACADD0A-F242-4501-4609-2A074EED4066" value="true"/>
</engineerTo>
<referedAttribute>F9FA038F-2552-ABD1-9A38-7F2EFD819F81</referedAttribute>
<use>0</use>
<ownDataTypeParameters>,,</ownDataTypeParameters>
</Attribute>
<Attribute name="Branch_Creation_Date" id="7DC6AF5D-4A08-A745-949E-016D73E40BDD">
<createdBy>garre</createdBy>
<createdTime>2020-03-02 20:12:25 UTC</createdTime>
<ownerDesignName>msas</ownerDesignName>
<engineerTo>
<item key="8ACADD0A-F242-4501-4609-2A074EED4066" value="true"/>
</engineerTo>
<nullsAllowed>true</nullsAllowed>
<use>0</use>
<ownDataTypeParameters>,,</ownDataTypeParameters>
</Attribute>
</attributes>
<identifiers itemClass="oracle.dbtools.crest.model.design.logical.CandidateKey">
<identifier id="D83665E2-F03E-1E13-E90D-0B819EB8D5D2" name="VC_BRANCH PK">
<createdBy>garre</createdBy>
<createdTime>2020-03-02 20:11:55 UTC</createdTime>
<ownerDesignName>msas</ownerDesignName>
<engineerTo>
<item key="8ACADD0A-F242-4501-4609-2A074EED4066" value="true"/>
</engineerTo>
<pk>true</pk>
<usedAttributes>
<attributeRef>4E28FB33-AA6E-3C05-ADB5-7753050B7771</attributeRef>
<attributeRef>BE2AB89B-20BC-5719-A875-5CCBB0E06054</attributeRef>
</usedAttributes>
</identifier>
</identifiers>
</Entity>