<?xml version = '1.0' encoding = 'UTF-8'?>
<Entity class="oracle.dbtools.crest.model.design.logical.Entity" directorySegmentName="seg_0" id="A703A852-63F0-1A69-0FFA-FB029592F971" name="VC_ISSUE">
<createdBy>garre</createdBy>
<createdTime>2020-03-02 19:53:15 UTC</createdTime>
<ownerDesignName>msas</ownerDesignName>
<engineerTo>
<item key="8ACADD0A-F242-4501-4609-2A074EED4066" value="true"/>
</engineerTo>
<adequatelyNormalized>NO</adequatelyNormalized>
<expectedVolumes>0</expectedVolumes>
<fwdEngineeringStrategyName>Single Table</fwdEngineeringStrategyName>
<growthPercent>0</growthPercent>
<growthType>Year</growthType>
<maxVolumes>9999999</maxVolumes>
<minVolumes>0</minVolumes>
<normalForm>Third</normalForm>
<attributes itemClass="oracle.dbtools.crest.model.design.logical.Attribute">
<Attribute name="Branch_Name" id="98B00878-EE7D-9078-FAE8-66BC536D27CD">
<createdBy>garre</createdBy>
<createdTime>2020-03-02 20:11:56 UTC</createdTime>
<generatorID>CD0D8C8B-27AA-DCFC-50F8-D7A3D5E02CED</generatorID>
<ownerDesignName>msas</ownerDesignName>
<engineerTo>
<item key="8ACADD0A-F242-4501-4609-2A074EED4066" value="true"/>
</engineerTo>
<referedAttribute>4E28FB33-AA6E-3C05-ADB5-7753050B7771</referedAttribute>
<use>0</use>
<ownDataTypeParameters>,,</ownDataTypeParameters>
</Attribute>
<Attribute name="Project_Name" id="B1DB7DB2-9018-D000-AC6F-9F038531ACF7">
<createdBy>garre</createdBy>
<createdTime>2020-03-02 20:12:23 UTC</createdTime>
<generatorID>CD0D8C8B-27AA-DCFC-50F8-D7A3D5E02CED</generatorID>
<ownerDesignName>msas</ownerDesignName>
<engineerTo>
<item key="8ACADD0A-F242-4501-4609-2A074EED4066" value="true"/>
</engineerTo>
<referedAttribute>BE2AB89B-20BC-5719-A875-5CCBB0E06054</referedAttribute>
<use>0</use>
<ownDataTypeParameters>,,</ownDataTypeParameters>
</Attribute>
</attributes>
</Entity>