<?xml version = '1.0' encoding = 'UTF-8'?>
<Entity class="oracle.dbtools.crest.model.design.logical.Entity" directorySegmentName="seg_0" id="CDD09DC0-3553-EBC7-54EC-E46E7D6C914A" name="HARDWARE_REQUEST">
<createdBy>garre</createdBy>
<createdTime>2020-03-02 19:52:04 UTC</createdTime>
<ownerDesignName>msas</ownerDesignName>
<engineerTo>
<item key="8ACADD0A-F242-4501-4609-2A074EED4066" value="true"/>
</engineerTo>
<adequatelyNormalized>NO</adequatelyNormalized>
<expectedVolumes>0</expectedVolumes>
<fwdEngineeringStrategyName>Single Table</fwdEngineeringStrategyName>
<growthPercent>0</growthPercent>
<growthType>Year</growthType>
<maxVolumes>9999999</maxVolumes>
<minVolumes>0</minVolumes>
<normalForm>Third</normalForm>
<attributes itemClass="oracle.dbtools.crest.model.design.logical.Attribute">
<Attribute name="Request_ID" id="44DC361E-2465-EC7E-B11F-50526171E421">
<createdBy>garre</createdBy>
<createdTime>2020-03-02 20:09:49 UTC</createdTime>
<ownerDesignName>msas</ownerDesignName>
<engineerTo>
<item key="8ACADD0A-F242-4501-4609-2A074EED4066" value="true"/>
</engineerTo>
<use>0</use>
<ownDataTypeParameters>,,</ownDataTypeParameters>
</Attribute>
<Attribute name="Employee_ID" id="AE696BFB-8257-F163-264C-91E05A4A803F">
<createdBy>garre</createdBy>
<createdTime>2020-03-02 20:04:58 UTC</createdTime>
<generatorID>4DFFA1AF-2B74-9CA1-83F4-A70853F1ACAB</generatorID>
<ownerDesignName>msas</ownerDesignName>
<engineerTo>
<item key="8ACADD0A-F242-4501-4609-2A074EED4066" value="true"/>
</engineerTo>
<referedAttribute>445821E2-8A07-E16B-9D15-61D61D84F6EE</referedAttribute>
<use>0</use>
<ownDataTypeParameters>,,</ownDataTypeParameters>
</Attribute>
<Attribute name="Date_Time" id="731A8514-1175-CA06-62D4-1845B2EF7D6E">
<createdBy>garre</createdBy>
<createdTime>2020-03-02 20:09:39 UTC</createdTime>
<ownerDesignName>msas</ownerDesignName>
<engineerTo>
<item key="8ACADD0A-F242-4501-4609-2A074EED4066" value="true"/>
</engineerTo>
<nullsAllowed>true</nullsAllowed>
<use>0</use>
<ownDataTypeParameters>,,</ownDataTypeParameters>
</Attribute>
<Attribute name="Vendor_Name" id="A5E6366E-F8BC-082B-CD00-C96305E90680">
<createdBy>garre</createdBy>
<createdTime>2020-03-02 20:28:42 UTC</createdTime>
<generatorID>C3D507CA-5864-925A-C633-78A29660D17A</generatorID>
<ownerDesignName>msas</ownerDesignName>
<engineerTo>
<item key="8ACADD0A-F242-4501-4609-2A074EED4066" value="true"/>
</engineerTo>
<referedAttribute>FB6E86DE-8A73-EF92-31B1-EE4618E8F780</referedAttribute>
<use>0</use>
<ownDataTypeParameters>,,</ownDataTypeParameters>
</Attribute>
</attributes>
<identifiers itemClass="oracle.dbtools.crest.model.design.logical.CandidateKey">
<identifier id="E2ED57CD-5895-614D-2978-62CAFC5315F3" name="HARDWARE_REQUEST PK">
<createdBy>garre</createdBy>
<createdTime>2020-03-02 20:09:59 UTC</createdTime>
<ownerDesignName>msas</ownerDesignName>
<engineerTo>
<item key="8ACADD0A-F242-4501-4609-2A074EED4066" value="true"/>
</engineerTo>
<pk>true</pk>
<usedAttributes>
<attributeRef>44DC361E-2465-EC7E-B11F-50526171E421</attributeRef>
</usedAttributes>
</identifier>
</identifiers>
</Entity>