<?xml version = '1.0' encoding = 'UTF-8'?>
<Entity class="oracle.dbtools.crest.model.design.logical.Entity" directorySegmentName="seg_0" id="D17FD156-0D95-A9B6-FAC6-3B91F3D6ECF4" name="VC_PROJECT">
<createdBy>garre</createdBy>
<createdTime>2020-03-02 19:52:51 UTC</createdTime>
<ownerDesignName>msas</ownerDesignName>
<engineerTo>
<item key="8ACADD0A-F242-4501-4609-2A074EED4066" value="true"/>
</engineerTo>
<adequatelyNormalized>NO</adequatelyNormalized>
<expectedVolumes>0</expectedVolumes>
<fwdEngineeringStrategyName>Single Table</fwdEngineeringStrategyName>
<growthPercent>0</growthPercent>
<growthType>Year</growthType>
<maxVolumes>9999999</maxVolumes>
<minVolumes>0</minVolumes>
<normalForm>Third</normalForm>
<attributes itemClass="oracle.dbtools.crest.model.design.logical.Attribute">
<Attribute name="Project_Name" id="F9FA038F-2552-ABD1-9A38-7F2EFD819F81">
<createdBy>garre</createdBy>
<createdTime>2020-03-02 20:12:01 UTC</createdTime>
<ownerDesignName>msas</ownerDesignName>
<engineerTo>
<item key="8ACADD0A-F242-4501-4609-2A074EED4066" value="true"/>
</engineerTo>
<use>0</use>
<ownDataTypeParameters>,,</ownDataTypeParameters>
</Attribute>
<Attribute name="Project_Creation_Date" id="FAC69F57-1881-30A0-31B0-43C98A13474C">
<createdBy>garre</createdBy>
<createdTime>2020-03-02 20:12:12 UTC</createdTime>
<ownerDesignName>msas</ownerDesignName>
<engineerTo>
<item key="8ACADD0A-F242-4501-4609-2A074EED4066" value="true"/>
</engineerTo>
<nullsAllowed>true</nullsAllowed>
<use>0</use>
<ownDataTypeParameters>,,</ownDataTypeParameters>
</Attribute>
</attributes>
<identifiers itemClass="oracle.dbtools.crest.model.design.logical.CandidateKey">
<identifier id="060048A0-B41C-3BC2-976D-2AD25A60D076" name="VC_PROJECT PK">
<createdBy>garre</createdBy>
<createdTime>2020-03-02 20:12:10 UTC</createdTime>
<ownerDesignName>msas</ownerDesignName>
<engineerTo>
<item key="8ACADD0A-F242-4501-4609-2A074EED4066" value="true"/>
</engineerTo>
<pk>true</pk>
<usedAttributes>
<attributeRef>F9FA038F-2552-ABD1-9A38-7F2EFD819F81</attributeRef>
</usedAttributes>
</identifier>
</identifiers>
</Entity>