<?xml version = '1.0' encoding = 'UTF-8'?>
<Entity class="oracle.dbtools.crest.model.design.logical.Entity" directorySegmentName="seg_0" id="FDC3EC1B-207C-733E-C9AC-7B04350380EB" name="HARDWARE_VENDOR">
<createdBy>garre</createdBy>
<createdTime>2020-03-02 19:51:14 UTC</createdTime>
<ownerDesignName>msas</ownerDesignName>
<engineerTo>
<item key="8ACADD0A-F242-4501-4609-2A074EED4066" value="true"/>
</engineerTo>
<adequatelyNormalized>NO</adequatelyNormalized>
<expectedVolumes>0</expectedVolumes>
<fwdEngineeringStrategyName>Single Table</fwdEngineeringStrategyName>
<growthPercent>0</growthPercent>
<growthType>Year</growthType>
<maxVolumes>9999999</maxVolumes>
<minVolumes>0</minVolumes>
<normalForm>Third</normalForm>
<attributes itemClass="oracle.dbtools.crest.model.design.logical.Attribute">
<Attribute name="Vendor_Name" id="FB6E86DE-8A73-EF92-31B1-EE4618E8F780">
<createdBy>garre</createdBy>
<createdTime>2020-03-02 20:28:31 UTC</createdTime>
<ownerDesignName>msas</ownerDesignName>
<engineerTo>
<item key="8ACADD0A-F242-4501-4609-2A074EED4066" value="true"/>
</engineerTo>
<use>0</use>
<ownDataTypeParameters>,,</ownDataTypeParameters>
</Attribute>
<Attribute name="Vendor_City" id="40526D63-AC08-8EAC-F872-7D8AEED4FF79">
<createdBy>garre</createdBy>
<createdTime>2020-03-02 20:28:43 UTC</createdTime>
<ownerDesignName>msas</ownerDesignName>
<engineerTo>
<item key="8ACADD0A-F242-4501-4609-2A074EED4066" value="true"/>
</engineerTo>
<nullsAllowed>true</nullsAllowed>
<use>0</use>
<ownDataTypeParameters>,,</ownDataTypeParameters>
</Attribute>
<Attribute name="Vendor_State" id="B5DDFA92-3D3A-D5EB-BB9B-4F6D0EF41BDC">
<createdBy>garre</createdBy>
<createdTime>2020-03-02 20:28:55 UTC</createdTime>
<ownerDesignName>msas</ownerDesignName>
<engineerTo>
<item key="8ACADD0A-F242-4501-4609-2A074EED4066" value="true"/>
</engineerTo>
<nullsAllowed>true</nullsAllowed>
<use>0</use>
<ownDataTypeParameters>,,</ownDataTypeParameters>
</Attribute>
<Attribute name="Vendor_Contact_Name" id="8271E8A3-0D67-F4FC-6345-A95ACEE87274">
<createdBy>garre</createdBy>
<createdTime>2020-03-02 20:29:08 UTC</createdTime>
<ownerDesignName>msas</ownerDesignName>
<engineerTo>
<item key="8ACADD0A-F242-4501-4609-2A074EED4066" value="true"/>
</engineerTo>
<nullsAllowed>true</nullsAllowed>
<use>0</use>
<ownDataTypeParameters>,,</ownDataTypeParameters>
</Attribute>
<Attribute name="Vendor_Phone" id="65C52F95-5AA9-54BB-C9B9-B01294BFAD94">
<createdBy>garre</createdBy>
<createdTime>2020-03-02 20:29:17 UTC</createdTime>
<ownerDesignName>msas</ownerDesignName>
<engineerTo>
<item key="8ACADD0A-F242-4501-4609-2A074EED4066" value="true"/>
</engineerTo>
<nullsAllowed>true</nullsAllowed>
<use>0</use>
<ownDataTypeParameters>,,</ownDataTypeParameters>
</Attribute>
</attributes>
<identifiers itemClass="oracle.dbtools.crest.model.design.logical.CandidateKey">
<identifier id="E8289A39-DC46-AC6A-B2D8-0152101614B2" name="HARDWARE_VENDOR PK">
<createdBy>garre</createdBy>
<createdTime>2020-03-02 20:28:41 UTC</createdTime>
<ownerDesignName>msas</ownerDesignName>
<engineerTo>
<item key="8ACADD0A-F242-4501-4609-2A074EED4066" value="true"/>
</engineerTo>
<pk>true</pk>
<usedAttributes>
<attributeRef>FB6E86DE-8A73-EF92-31B1-EE4618E8F780</attributeRef>
</usedAttributes>
</identifier>
</identifiers>
</Entity>