<?xml version = '1.0' encoding = 'UTF-8'?>
<FKIndexAssociation class="oracle.dbtools.crest.model.design.relational.FKIndexAssociation" directorySegmentName="seg_0" id="6809DE68-FA36-8D8C-976D-0E2970298974" containerWithKeyObject="49224350-CC26-AB9D-6FCF-EA2C62E4E0DA" localFKIndex="153919D2-E763-6DAA-4739-F86A6B562A72" name="SUPPORT_TICKET_EMPLOYEE_FK">
<createdBy>garre</createdBy>
<createdTime>2020-03-06 21:57:41 UTC</createdTime>
<generatorID>5B87FDB4-3800-5D28-37CC-15B289662D31</generatorID>
<ownerDesignName>Logical2</ownerDesignName>
<referredTableLongName>EMPLOYEE</referredTableLongName>
<deleteRule>NO ACTION</deleteRule>
<referredTableID>AB4BC86A-74B3-A92F-531F-73A76C1C8084</referredTableID>
<keyObject>31DCDA97-00CD-6444-7E96-0F6B81F59F0E</keyObject>
<referredKeyID>31DCDA97-00CD-6444-7E96-0F6B81F59F0E</referredKeyID>
<mandatory>true</mandatory>
<refColNames>Employee_ID</refColNames>
<transferable>true</transferable>
<rely>false</rely>
<columnDependencyConstraintGenerateInDDL>true</columnDependencyConstraintGenerateInDDL>
</FKIndexAssociation>