<?xml version = '1.0' encoding = 'UTF-8'?>
<FKIndexAssociation class="oracle.dbtools.crest.model.design.relational.FKIndexAssociation" directorySegmentName="seg_0" id="B574A3A8-ED4C-D818-6A91-E3F9DCFC847B" containerWithKeyObject="9F09DA54-D537-0229-0BD6-15643111214A" localFKIndex="39616F66-F3EE-0F8D-95A5-DD3B033A80B4" name="CHAT_MESSAGE_EMPLOYEE_FK">
<createdBy>garre</createdBy>
<createdTime>2020-03-06 21:57:40 UTC</createdTime>
<generatorID>0E487EC6-BBB6-64DA-B8A4-B1C515E27876</generatorID>
<ownerDesignName>Logical2</ownerDesignName>
<referredTableLongName>EMPLOYEE</referredTableLongName>
<deleteRule>NO ACTION</deleteRule>
<referredTableID>AB4BC86A-74B3-A92F-531F-73A76C1C8084</referredTableID>
<keyObject>31DCDA97-00CD-6444-7E96-0F6B81F59F0E</keyObject>
<referredKeyID>31DCDA97-00CD-6444-7E96-0F6B81F59F0E</referredKeyID>
<mandatory>true</mandatory>
<refColNames>Employee_ID</refColNames>
<transferable>true</transferable>
<rely>false</rely>
<columnDependencyConstraintGenerateInDDL>true</columnDependencyConstraintGenerateInDDL>
</FKIndexAssociation>