<?xml version = '1.0' encoding = 'UTF-8'?>
<FKIndexAssociation class="oracle.dbtools.crest.model.design.relational.FKIndexAssociation" directorySegmentName="seg_0" id="E504FC36-220E-C214-F77B-E43424A7E755" containerWithKeyObject="AB991BC7-27A6-0446-70D4-FDEA34A0EFFB" localFKIndex="5A95C61B-A01E-CAAE-1BA2-B2C2693E991C" name="VC_BRANCH_VC_PROJECT_FK">
<createdBy>garre</createdBy>
<createdTime>2020-03-06 21:57:41 UTC</createdTime>
<generatorID>DC482A1B-9D48-BA7B-0EEB-39D82069741C</generatorID>
<ownerDesignName>Logical2</ownerDesignName>
<referredTableLongName>VC_PROJECT</referredTableLongName>
<deleteRule>NO ACTION</deleteRule>
<referredTableID>00241A80-A480-9BE2-CE8D-55843ECE24E8</referredTableID>
<keyObject>A8C06E98-5E7B-DE8C-96FD-E1AF29136680</keyObject>
<referredKeyID>A8C06E98-5E7B-DE8C-96FD-E1AF29136680</referredKeyID>
<mandatory>true</mandatory>
<refColNames>Project_Name</refColNames>
<transferable>true</transferable>
<rely>false</rely>
<columnDependencyConstraintGenerateInDDL>true</columnDependencyConstraintGenerateInDDL>
</FKIndexAssociation>