<?xml version = '1.0' encoding = 'UTF-8'?>
<Diagram class="oracle.dbtools.crest.swingui.logical.DPVLogical" name="Logical" id="0A7C5B85-BB2B-DFBD-1A0F-BE7D19B0BC23">
<createdBy>lee3118</createdBy>
<modifiedBy>lee3118</modifiedBy>
<createdTime>2020-02-03 04:24:57 UTC</createdTime>
<autoRoute>false</autoRoute>
<boxInbox>true</boxInbox>
<showLegend>false</showLegend>
<showLabels>true</showLabels>
<showRelAttributes>false</showRelAttributes>
<gridEnabled>false</gridEnabled>
<showGrid>false</showGrid>
<diagramColor>-1</diagramColor>
<display>false</display>
<notation>2</notation>
<showAllDetails>false</showAllDetails>
<showElements>true</showElements>
<objectViews>
<OView class="oracle.dbtools.crest.swingui.logical.TVEntity" oid="006E1B37-D290-A26C-96DC-11FA72257E94" otype="Entity" vid="8686D756-9FCC-6C13-F349-D71770796D96">
<hideElementsInCurrentOnly>false</hideElementsInCurrentOnly>
<bounds x="85" y="32" width="170" height="229"/>
</OView>
<OView class="oracle.dbtools.crest.swingui.logical.TVEntity" oid="0A93D1E5-E13A-EE3D-ED4A-4CC0D9558390" otype="Entity" vid="68098831-2703-9FBA-AFDA-47B3E43BD378">
<hideElementsInCurrentOnly>false</hideElementsInCurrentOnly>
<bounds x="410" y="136" width="170" height="161"/>
</OView>
<OView class="oracle.dbtools.crest.swingui.logical.TVEntity" oid="3646184F-AFE3-F43E-123D-541FA0C9AD62" otype="Entity" vid="0485D56F-5CFF-FC4D-BF4C-3D94B9C57FFF">
<hideElementsInCurrentOnly>false</hideElementsInCurrentOnly>
<bounds x="1009" y="65" width="170" height="110"/>
</OView>
<OView class="oracle.dbtools.crest.swingui.logical.TVEntity" oid="8F489F9E-A000-712C-EC0D-FA6EB3F18714" otype="Entity" vid="D2502A15-37C9-ED09-B9E6-FCFE8A9659B0">
<hideElementsInCurrentOnly>false</hideElementsInCurrentOnly>
<bounds x="688" y="23" width="170" height="112"/>
</OView>
<OView class="oracle.dbtools.crest.swingui.logical.TVEntity" oid="A1C3E67B-232B-CE06-6583-A397BC9E5EC4" otype="Entity" vid="0F1BF985-4FCF-6BFF-DFF8-250AA77F802C">
<hideElementsInCurrentOnly>false</hideElementsInCurrentOnly>
<bounds x="386" y="435" width="170" height="178"/>
</OView>
<OView class="oracle.dbtools.crest.swingui.logical.TVEntity" oid="A9896635-BE4E-2CC6-4E9E-32B61EFABD77" otype="Entity" vid="9ECB6492-A7C9-2058-B013-3932F4F0594C">
<hideElementsInCurrentOnly>false</hideElementsInCurrentOnly>
<bounds x="75" y="408" width="170" height="257"/>
</OView>
<OView class="oracle.dbtools.crest.swingui.logical.TVEntity" oid="D00C9E08-F6A1-9FAF-4ABE-3C86D9C54E36" otype="Entity" vid="47A2FF1C-9B41-31CE-E545-C6BD15CF8075">
<hideElementsInCurrentOnly>false</hideElementsInCurrentOnly>
<bounds x="997" y="295" width="170" height="166"/>
</OView>
<OView class="oracle.dbtools.crest.swingui.logical.TVEntity" oid="DE09CF5C-5616-FE9D-1BD5-797278821FA2" otype="Entity" vid="54204467-F248-48D6-1331-10D3FE14BB95">
<hideElementsInCurrentOnly>false</hideElementsInCurrentOnly>
<bounds x="754" y="490" width="170" height="198"/>
</OView>
<OView class="oracle.dbtools.crest.swingui.logical.TVEntity" oid="EBE54564-35D8-5731-8BF2-916BBC0CDBA0" otype="Entity" vid="67D0D21F-92E9-DB33-7197-AA9DA79E34E5">
<hideElementsInCurrentOnly>false</hideElementsInCurrentOnly>
<bounds x="1250" y="462" width="170" height="235"/>
</OView>
</objectViews>
<connectors>
<Connector class="oracle.dbtools.crest.swingui.logical.TVRelation" oid="19602B88-2ECF-1F08-73B5-C1ABE6D32293" otype="Relation" vid_source="D2502A15-37C9-ED09-B9E6-FCFE8A9659B0" vid_target="0485D56F-5CFF-FC4D-BF4C-3D94B9C57FFF">
<hideElementsInCurrentOnly>false</hideElementsInCurrentOnly>
<backgroundColor>-16777216</backgroundColor>
<lineWidth>1</lineWidth>
<sourceLabel class="oracle.dbtools.crest.model.design.Label">
<site>0</site>
<labelBounds x="868" y="70" width="55" height="30"/>
<noBackgroundColor>true</noBackgroundColor>
<noForegroundColor>true</noForegroundColor>
</sourceLabel>
<targetLabel class="oracle.dbtools.crest.model.design.Label">
<site>2</site>
<labelBounds x="917" y="103" width="86" height="30"/>
<noBackgroundColor>true</noBackgroundColor>
<noForegroundColor>true</noForegroundColor>
</targetLabel>
<points>
<point x="858" y="100"/>
<point x="1009" y="100"/>
</points>
</Connector>
<Connector class="oracle.dbtools.crest.swingui.logical.TVRelation" oid="1A3770C8-54BE-E18B-3F02-290354DBA0C5" otype="Relation" vid_source="9ECB6492-A7C9-2058-B013-3932F4F0594C" vid_target="0F1BF985-4FCF-6BFF-DFF8-250AA77F802C">
<hideElementsInCurrentOnly>false</hideElementsInCurrentOnly>
<backgroundColor>-16777216</backgroundColor>
<lineWidth>1</lineWidth>
<sourceLabel class="oracle.dbtools.crest.model.design.Label">
<site>0</site>
<labelBounds x="255" y="494" width="45" height="30"/>
<noBackgroundColor>true</noBackgroundColor>
<noForegroundColor>true</noForegroundColor>
</sourceLabel>
<targetLabel class="oracle.dbtools.crest.model.design.Label">
<site>2</site>
<labelBounds x="305" y="527" width="75" height="30"/>
<noBackgroundColor>true</noBackgroundColor>
<noForegroundColor>true</noForegroundColor>
</targetLabel>
<points>
<point x="245" y="524"/>
<point x="386" y="524"/>
</points>
</Connector>
<Connector class="oracle.dbtools.crest.swingui.logical.TVRelation" oid="26FEB256-5748-06CB-ECEE-D6244ABF5F4A" otype="Relation" vid_source="68098831-2703-9FBA-AFDA-47B3E43BD378" vid_target="0F1BF985-4FCF-6BFF-DFF8-250AA77F802C">
<hideElementsInCurrentOnly>false</hideElementsInCurrentOnly>
<backgroundColor>-16777216</backgroundColor>
<lineWidth>1</lineWidth>
<sourceLabel class="oracle.dbtools.crest.model.design.Label">
<site>0</site>
<labelBounds x="483" y="333" width="57" height="30"/>
<noBackgroundColor>true</noBackgroundColor>
<noForegroundColor>true</noForegroundColor>
</sourceLabel>
<targetLabel class="oracle.dbtools.crest.model.design.Label">
<site>2</site>
<labelBounds x="483" y="391" width="85" height="30"/>
<noBackgroundColor>true</noBackgroundColor>
<noForegroundColor>true</noForegroundColor>
</targetLabel>
<points>
<point x="483" y="297"/>
<point x="483" y="435"/>
</points>
</Connector>
<Connector class="oracle.dbtools.crest.swingui.logical.TVRelation" oid="36B0A092-6EB7-C810-92BF-2B03A199B564" otype="Relation" vid_source="67D0D21F-92E9-DB33-7197-AA9DA79E34E5" vid_target="54204467-F248-48D6-1331-10D3FE14BB95">
<hideElementsInCurrentOnly>false</hideElementsInCurrentOnly>
<backgroundColor>-16777216</backgroundColor>
<lineWidth>1</lineWidth>
<sourceLabel class="oracle.dbtools.crest.model.design.Label">
<site>0</site>
<labelBounds x="1172" y="559" width="72" height="30"/>
<noBackgroundColor>true</noBackgroundColor>
<noForegroundColor>true</noForegroundColor>
</sourceLabel>
<targetLabel class="oracle.dbtools.crest.model.design.Label">
<site>2</site>
<labelBounds x="934" y="592" width="80" height="30"/>
<noBackgroundColor>true</noBackgroundColor>
<noForegroundColor>true</noForegroundColor>
</targetLabel>
<points>
<point x="1250" y="589"/>
<point x="924" y="589"/>
</points>
</Connector>
<Connector class="oracle.dbtools.crest.swingui.logical.TVRelation" oid="994599B7-8664-1AA7-2A27-C532B59BFF81" otype="Relation" vid_source="68098831-2703-9FBA-AFDA-47B3E43BD378" vid_target="8686D756-9FCC-6C13-F349-D71770796D96">
<hideElementsInCurrentOnly>false</hideElementsInCurrentOnly>
<backgroundColor>-16777216</backgroundColor>
<lineWidth>1</lineWidth>
<sourceLabel class="oracle.dbtools.crest.model.design.Label">
<site>0</site>
<labelBounds x="349" y="168" width="55" height="30"/>
<noBackgroundColor>true</noBackgroundColor>
<noForegroundColor>true</noForegroundColor>
</sourceLabel>
<targetLabel class="oracle.dbtools.crest.model.design.Label">
<site>2</site>
<labelBounds x="265" y="201" width="86" height="30"/>
<noBackgroundColor>true</noBackgroundColor>
<noForegroundColor>true</noForegroundColor>
</targetLabel>
<points>
<point x="410" y="198"/>
<point x="255" y="198"/>
</points>
</Connector>
<Connector class="oracle.dbtools.crest.swingui.logical.TVRelation" oid="C2D33894-4D8C-C374-82FD-EACC87F338B7" otype="Relation" vid_source="8686D756-9FCC-6C13-F349-D71770796D96" vid_target="D2502A15-37C9-ED09-B9E6-FCFE8A9659B0">
<hideElementsInCurrentOnly>false</hideElementsInCurrentOnly>
<backgroundColor>-16777216</backgroundColor>
<lineWidth>1</lineWidth>
<sourceLabel class="oracle.dbtools.crest.model.design.Label">
<site>0</site>
<labelBounds x="265" y="53" width="58" height="30"/>
<noBackgroundColor>true</noBackgroundColor>
<noForegroundColor>true</noForegroundColor>
</sourceLabel>
<targetLabel class="oracle.dbtools.crest.model.design.Label">
<site>2</site>
<labelBounds x="602" y="86" width="80" height="30"/>
<noBackgroundColor>true</noBackgroundColor>
<noForegroundColor>true</noForegroundColor>
</targetLabel>
<points>
<point x="255" y="83"/>
<point x="688" y="83"/>
</points>
</Connector>
<Connector class="oracle.dbtools.crest.swingui.logical.TVRelation" oid="D31BCC0A-8FE5-DEBC-C865-FC4C72A583DD" otype="Relation" vid_source="0485D56F-5CFF-FC4D-BF4C-3D94B9C57FFF" vid_target="47A2FF1C-9B41-31CE-E545-C6BD15CF8075">
<hideElementsInCurrentOnly>false</hideElementsInCurrentOnly>
<backgroundColor>-16777216</backgroundColor>
<lineWidth>1</lineWidth>
<sourceLabel class="oracle.dbtools.crest.model.design.Label">
<site>0</site>
<labelBounds x="1088" y="219" width="57" height="30"/>
<noBackgroundColor>true</noBackgroundColor>
<noForegroundColor>true</noForegroundColor>
</sourceLabel>
<targetLabel class="oracle.dbtools.crest.model.design.Label">
<site>2</site>
<labelBounds x="1088" y="259" width="85" height="30"/>
<noBackgroundColor>true</noBackgroundColor>
<noForegroundColor>true</noForegroundColor>
</targetLabel>
<points>
<point x="1088" y="175"/>
<point x="1088" y="295"/>
</points>
</Connector>
<Connector class="oracle.dbtools.crest.swingui.logical.TVRelation" oid="E9D4654E-6B93-639E-9542-9F2497276888" otype="Relation" vid_source="47A2FF1C-9B41-31CE-E545-C6BD15CF8075" vid_target="54204467-F248-48D6-1331-10D3FE14BB95">
<hideElementsInCurrentOnly>false</hideElementsInCurrentOnly>
<backgroundColor>-16777216</backgroundColor>
<lineWidth>1</lineWidth>
<sourceLabel class="oracle.dbtools.crest.model.design.Label">
<site>0</site>
<labelBounds x="932" y="451" width="59" height="30"/>
<noBackgroundColor>true</noBackgroundColor>
<noForegroundColor>true</noForegroundColor>
</sourceLabel>
<targetLabel class="oracle.dbtools.crest.model.design.Label">
<site>2</site>
<labelBounds x="934" y="515" width="84" height="30"/>
<noBackgroundColor>true</noBackgroundColor>
<noForegroundColor>true</noForegroundColor>
</targetLabel>
<points>
<point x="997" y="451"/>
<point x="924" y="515"/>
</points>
</Connector>
</connectors>
</Diagram>