<?xml version = '1.0' encoding = 'UTF-8'?>
<Diagram class="oracle.dbtools.crest.swingui.relational.DPVRelational" name="Relational_1" id="EE7BF1AF-9009-4BAC-E48F-6BF4CF5FDADF">
<createdBy>garre</createdBy>
<modifiedBy>garre</modifiedBy>
<createdTime>2020-03-02 19:49:06 UTC</createdTime>
<autoRoute>false</autoRoute>
<boxInbox>true</boxInbox>
<showLegend>false</showLegend>
<showLabels>false</showLabels>
<showRelAttributes>false</showRelAttributes>
<gridEnabled>false</gridEnabled>
<showGrid>false</showGrid>
<diagramColor>-1</diagramColor>
<display>false</display>
<notation>1</notation>
<objectViews>
<OView class="oracle.dbtools.crest.swingui.relational.TVTable" oid="00241A80-A480-9BE2-CE8D-55843ECE24E8" otype="Table" vid="103EDE35-E84F-A3B2-43E0-DE2C9956D6C6">
<hideElementsInCurrentOnly>false</hideElementsInCurrentOnly>
<bounds x="330" y="320" width="290" height="120"/>
</OView>
<OView class="oracle.dbtools.crest.swingui.relational.TVTable" oid="0F0293C5-3A51-487F-C9FF-84AFFEDFA143" otype="Table" vid="FAAB5EEF-8303-08CB-BD16-E3A3EC4AE8D4">
<hideElementsInCurrentOnly>false</hideElementsInCurrentOnly>
<bounds x="50" y="470" width="360" height="171"/>
</OView>
<OView class="oracle.dbtools.crest.swingui.TVNote" oid="19359A76-AC23-5230-3535-3A7B601C1325" otype="Note" vid="68DE017B-EFA1-FBDB-B1B6-9CBCF1E59ED3">
<hideElementsInCurrentOnly>false</hideElementsInCurrentOnly>
<bounds x="401" y="195" width="153" height="72"/>
<comment>MSAS Physical Diagram
3/6/2020
Team 13
</comment>
</OView>
<OView class="oracle.dbtools.crest.swingui.relational.TVTable" oid="19B6B08C-D7BF-15FE-77E6-3C09CDAF080E" otype="Table" vid="BFD6BD01-1050-A102-5A84-EF1CCC95FE39">
<hideElementsInCurrentOnly>false</hideElementsInCurrentOnly>
<bounds x="950" y="940" width="271" height="110"/>
</OView>
<OView class="oracle.dbtools.crest.swingui.relational.TVTable" oid="1BB10EF4-BB4B-02CB-E597-7F9400F41026" otype="Table" vid="8D41411C-82B0-54CC-DAD3-2E077B31C30A">
<hideElementsInCurrentOnly>false</hideElementsInCurrentOnly>
<bounds x="950" y="770" width="271" height="119"/>
</OView>
<OView class="oracle.dbtools.crest.swingui.relational.TVTable" oid="2C75D9AE-616C-5E76-AAA6-B120A9DF5E35" otype="Table" vid="ACAF2A6F-054E-55BC-14A5-A9A75EEC91DB">
<hideElementsInCurrentOnly>false</hideElementsInCurrentOnly>
<bounds x="1160" y="300" width="271" height="151"/>
</OView>
<OView class="oracle.dbtools.crest.swingui.relational.TVTable" oid="46035A55-4F65-DED8-F554-13D506E87E49" otype="Table" vid="84349328-0699-0A16-018A-81A43001FC72">
<hideElementsInCurrentOnly>false</hideElementsInCurrentOnly>
<bounds x="1390" y="580" width="421" height="161"/>
</OView>
<OView class="oracle.dbtools.crest.swingui.relational.TVTable" oid="49224350-CC26-AB9D-6FCF-EA2C62E4E0DA" otype="Table" vid="F54C4F38-FACB-05BB-CC4A-08C00FC7FD63">
<hideElementsInCurrentOnly>false</hideElementsInCurrentOnly>
<bounds x="50" y="750" width="390" height="201"/>
</OView>
<OView class="oracle.dbtools.crest.swingui.relational.TVTable" oid="7FB1D69F-D813-600A-848D-1FAFE27DED99" otype="Table" vid="9AE02E4F-87C2-26FA-1DAA-7793FF03C0D6">
<hideElementsInCurrentOnly>false</hideElementsInCurrentOnly>
<bounds x="1160" y="70" width="261" height="114"/>
</OView>
<OView class="oracle.dbtools.crest.swingui.relational.TVTable" oid="85FBCDF2-1DA4-2962-B93A-BD9B6A02647D" otype="Table" vid="0857FF68-C85A-B7AE-8E0B-78019E458D73">
<hideElementsInCurrentOnly>false</hideElementsInCurrentOnly>
<bounds x="480" y="750" width="331" height="201"/>
</OView>
<OView class="oracle.dbtools.crest.swingui.relational.TVTable" oid="9F09DA54-D537-0229-0BD6-15643111214A" otype="Table" vid="BC9D256F-81AE-4D7D-0571-45CBACBCBE36">
<hideElementsInCurrentOnly>false</hideElementsInCurrentOnly>
<bounds x="670" y="50" width="343" height="131"/>
</OView>
<OView class="oracle.dbtools.crest.swingui.relational.TVTable" oid="AB4BC86A-74B3-A92F-531F-73A76C1C8084" otype="Table" vid="C534FD01-4172-CF4D-D0AF-F2446EEB2126">
<hideElementsInCurrentOnly>false</hideElementsInCurrentOnly>
<bounds x="670" y="310" width="352" height="121"/>
</OView>
<OView class="oracle.dbtools.crest.swingui.relational.TVTable" oid="AB991BC7-27A6-0446-70D4-FDEA34A0EFFB" otype="Table" vid="8A7FF28B-A900-866F-EAD3-CB1467430722">
<hideElementsInCurrentOnly>false</hideElementsInCurrentOnly>
<bounds x="502" y="508" width="291" height="131"/>
</OView>
<OView class="oracle.dbtools.crest.swingui.relational.TVTable" oid="B1404C2F-D7D8-B1F4-A48E-8A5FF90108C0" otype="Table" vid="FA64519E-203D-BB25-B2C4-EFDC203F434A">
<hideElementsInCurrentOnly>false</hideElementsInCurrentOnly>
<bounds x="1090" y="580" width="261" height="131"/>
</OView>
<OView class="oracle.dbtools.crest.swingui.relational.TVTable" oid="F58E00B1-9F67-9DBD-CB76-22020C62DDFB" otype="Table" vid="1E2C0B91-0A96-3A39-A303-4BA6D5E02211">
<hideElementsInCurrentOnly>false</hideElementsInCurrentOnly>
<bounds x="1330" y="920" width="291" height="131"/>
</OView>
</objectViews>
<connectors>
<Connector class="oracle.dbtools.crest.swingui.relational.TVFKRelation" oid="2869DB39-50BA-D6C8-D751-70E4B3AE95D7" otype="FKIndexAssociation" vid_source="8D41411C-82B0-54CC-DAD3-2E077B31C30A" vid_target="BFD6BD01-1050-A102-5A84-EF1CCC95FE39">
<hideElementsInCurrentOnly>false</hideElementsInCurrentOnly>
<backgroundColor>-16777216</backgroundColor>
<lineWidth>1</lineWidth>
<points>
<point x="1070" y="889"/>
<point x="1070" y="940"/>
</points>
</Connector>
<Connector class="oracle.dbtools.crest.swingui.relational.TVFKRelation" oid="65106169-7DCB-E38B-7C81-43BFC6D806EA" otype="FKIndexAssociation" vid_source="8A7FF28B-A900-866F-EAD3-CB1467430722" vid_target="0857FF68-C85A-B7AE-8E0B-78019E458D73">
<hideElementsInCurrentOnly>false</hideElementsInCurrentOnly>
<backgroundColor>-16777216</backgroundColor>
<lineWidth>1</lineWidth>
<points>
<point x="647" y="639"/>
<point x="647" y="750"/>
</points>
</Connector>
<Connector class="oracle.dbtools.crest.swingui.relational.TVFKRelation" oid="6809DE68-FA36-8D8C-976D-0E2970298974" otype="FKIndexAssociation" vid_source="C534FD01-4172-CF4D-D0AF-F2446EEB2126" vid_target="F54C4F38-FACB-05BB-CC4A-08C00FC7FD63">
<hideElementsInCurrentOnly>false</hideElementsInCurrentOnly>
<backgroundColor>-16777216</backgroundColor>
<lineWidth>1</lineWidth>
<points>
<point x="833" y="431"/>
<point x="833" y="920"/>
<point x="830" y="1020"/>
<point x="200" y="1020"/>
<point x="204" y="920"/>
<point x="204" y="951"/>
</points>
</Connector>
<Connector class="oracle.dbtools.crest.swingui.relational.TVFKRelation" oid="7174A29D-0673-4129-212D-4FB698C7786D" otype="FKIndexAssociation" vid_source="C534FD01-4172-CF4D-D0AF-F2446EEB2126" vid_target="ACAF2A6F-054E-55BC-14A5-A9A75EEC91DB">
<hideElementsInCurrentOnly>false</hideElementsInCurrentOnly>
<backgroundColor>-16777216</backgroundColor>
<lineWidth>1</lineWidth>
<points>
<point x="1022" y="370"/>
<point x="1160" y="370"/>
</points>
</Connector>
<Connector class="oracle.dbtools.crest.swingui.relational.TVFKRelation" oid="8445C540-C959-781D-68B2-2B5C18A88434" otype="FKIndexAssociation" vid_source="9AE02E4F-87C2-26FA-1DAA-7793FF03C0D6" vid_target="BC9D256F-81AE-4D7D-0571-45CBACBCBE36">
<hideElementsInCurrentOnly>false</hideElementsInCurrentOnly>
<backgroundColor>-16777216</backgroundColor>
<lineWidth>1</lineWidth>
<points>
<point x="1160" y="125"/>
<point x="1013" y="125"/>
</points>
</Connector>
<Connector class="oracle.dbtools.crest.swingui.relational.TVFKRelation" oid="9664BA4D-E670-5773-BEB2-9321E9F4FB48" otype="FKIndexAssociation" vid_source="ACAF2A6F-054E-55BC-14A5-A9A75EEC91DB" vid_target="84349328-0699-0A16-018A-81A43001FC72">
<hideElementsInCurrentOnly>false</hideElementsInCurrentOnly>
<backgroundColor>-16777216</backgroundColor>
<lineWidth>1</lineWidth>
<points>
<point x="1431" y="371"/>
<point x="1609" y="371"/>
<point x="1609" y="580"/>
</points>
</Connector>
<Connector class="oracle.dbtools.crest.swingui.relational.TVFKRelation" oid="A10B8514-BDB0-D2F3-1893-9A07BE14F29E" otype="FKIndexAssociation" vid_source="C534FD01-4172-CF4D-D0AF-F2446EEB2126" vid_target="0857FF68-C85A-B7AE-8E0B-78019E458D73">
<hideElementsInCurrentOnly>false</hideElementsInCurrentOnly>
<backgroundColor>-16777216</backgroundColor>
<lineWidth>1</lineWidth>
<points>
<point x="891" y="431"/>
<point x="740" y="750"/>
</points>
</Connector>
<Connector class="oracle.dbtools.crest.swingui.relational.TVFKRelation" oid="A4BAF7E2-9792-8CAF-1DFA-CD3AFCFAD97B" otype="FKIndexAssociation" vid_source="BFD6BD01-1050-A102-5A84-EF1CCC95FE39" vid_target="1E2C0B91-0A96-3A39-A303-4BA6D5E02211">
<hideElementsInCurrentOnly>false</hideElementsInCurrentOnly>
<backgroundColor>-16777216</backgroundColor>
<lineWidth>1</lineWidth>
<points>
<point x="1221" y="965"/>
<point x="1330" y="965"/>
</points>
</Connector>
<Connector class="oracle.dbtools.crest.swingui.relational.TVFKRelation" oid="B574A3A8-ED4C-D818-6A91-E3F9DCFC847B" otype="FKIndexAssociation" vid_source="C534FD01-4172-CF4D-D0AF-F2446EEB2126" vid_target="BC9D256F-81AE-4D7D-0571-45CBACBCBE36">
<hideElementsInCurrentOnly>false</hideElementsInCurrentOnly>
<backgroundColor>-16777216</backgroundColor>
<lineWidth>1</lineWidth>
<points>
<point x="841" y="310"/>
<point x="841" y="181"/>
</points>
</Connector>
<Connector class="oracle.dbtools.crest.swingui.relational.TVFKRelation" oid="BC80793E-4A73-E9FA-6C1B-DD96BCE92F6A" otype="FKIndexAssociation" vid_source="FAAB5EEF-8303-08CB-BD16-E3A3EC4AE8D4" vid_target="F54C4F38-FACB-05BB-CC4A-08C00FC7FD63">
<hideElementsInCurrentOnly>false</hideElementsInCurrentOnly>
<backgroundColor>-16777216</backgroundColor>
<lineWidth>1</lineWidth>
<points>
<point x="260" y="641"/>
<point x="260" y="750"/>
</points>
</Connector>
<Connector class="oracle.dbtools.crest.swingui.relational.TVFKRelation" oid="CF09ADA1-2D9A-0FB1-1384-948BCDB2BD85" otype="FKIndexAssociation" vid_source="C534FD01-4172-CF4D-D0AF-F2446EEB2126" vid_target="8D41411C-82B0-54CC-DAD3-2E077B31C30A">
<hideElementsInCurrentOnly>false</hideElementsInCurrentOnly>
<backgroundColor>-16777216</backgroundColor>
<lineWidth>1</lineWidth>
<points>
<point x="971" y="431"/>
<point x="971" y="770"/>
</points>
</Connector>
<Connector class="oracle.dbtools.crest.swingui.relational.TVFKRelation" oid="D04AE924-6CC8-B531-77D0-7793C168619A" otype="FKIndexAssociation" vid_source="8A7FF28B-A900-866F-EAD3-CB1467430722" vid_target="FAAB5EEF-8303-08CB-BD16-E3A3EC4AE8D4">
<hideElementsInCurrentOnly>false</hideElementsInCurrentOnly>
<backgroundColor>-16777216</backgroundColor>
<lineWidth>1</lineWidth>
<points>
<point x="502" y="601"/>
<point x="413" y="601"/>
<point x="410" y="601"/>
</points>
</Connector>
<Connector class="oracle.dbtools.crest.swingui.relational.TVFKRelation" oid="E504FC36-220E-C214-F77B-E43424A7E755" otype="FKIndexAssociation" vid_source="103EDE35-E84F-A3B2-43E0-DE2C9956D6C6" vid_target="8A7FF28B-A900-866F-EAD3-CB1467430722">
<hideElementsInCurrentOnly>false</hideElementsInCurrentOnly>
<backgroundColor>-16777216</backgroundColor>
<lineWidth>1</lineWidth>
<points>
<point x="561" y="440"/>
<point x="561" y="508"/>
</points>
</Connector>
<Connector class="oracle.dbtools.crest.swingui.relational.TVFKRelation" oid="EC58704D-29DA-34FF-3C18-127644102477" otype="FKIndexAssociation" vid_source="FA64519E-203D-BB25-B2C4-EFDC203F434A" vid_target="ACAF2A6F-054E-55BC-14A5-A9A75EEC91DB">
<hideElementsInCurrentOnly>false</hideElementsInCurrentOnly>
<backgroundColor>-16777216</backgroundColor>
<lineWidth>1</lineWidth>
<points>
<point x="1285" y="580"/>
<point x="1285" y="451"/>
</points>
</Connector>
</connectors>
</Diagram>