<?xml version = '1.0' encoding = 'UTF-8'?>
<Diagram class="oracle.dbtools.crest.swingui.logical.DPVLogical" name="Logical" id="1F3CE42F-AA1C-6989-CC3C-A352D276F36A">
<createdBy>garre</createdBy>
<modifiedBy>garre</modifiedBy>
<createdTime>2020-03-02 19:47:34 UTC</createdTime>
<autoRoute>false</autoRoute>
<boxInbox>true</boxInbox>
<showLegend>false</showLegend>
<showLabels>true</showLabels>
<showRelAttributes>false</showRelAttributes>
<gridEnabled>true</gridEnabled>
<showGrid>false</showGrid>
<diagramColor>-1</diagramColor>
<display>false</display>
<notation>2</notation>
<showAllDetails>false</showAllDetails>
<showElements>true</showElements>
<objectViews>
<OView class="oracle.dbtools.crest.swingui.logical.TVEntity" oid="10A3F7C2-A7F1-9B5E-839A-7474C9169954" otype="Entity" vid="BA184B50-DA3E-3960-9379-0F6A3DC286A5">
<hideElementsInCurrentOnly>false</hideElementsInCurrentOnly>
<bounds x="130" y="700" width="170" height="111"/>
</OView>
<OView class="oracle.dbtools.crest.swingui.logical.TVEntity" oid="1284D39F-24AF-309B-F114-BADC92652E2E" otype="Entity" vid="D7CDB458-2B56-A799-928B-5DDB1A6D1F2F">
<hideElementsInCurrentOnly>false</hideElementsInCurrentOnly>
<bounds x="700" y="70" width="170" height="114"/>
</OView>
<OView class="oracle.dbtools.crest.swingui.logical.TVEntity" oid="188EB4E4-7536-8FA2-53A2-FFCA4066452F" otype="Entity" vid="3200B871-5F6A-79AF-67FC-BE9D0FDD7C23">
<hideElementsInCurrentOnly>false</hideElementsInCurrentOnly>
<bounds x="1060" y="70" width="170" height="114"/>
</OView>
<OView class="oracle.dbtools.crest.swingui.logical.TVEntity" oid="7F9729A8-F0A3-9297-F93A-F21D21D407AD" otype="Entity" vid="FF1A3C61-8A8B-FAC7-D2B2-37DD758890AF">
<hideElementsInCurrentOnly>false</hideElementsInCurrentOnly>
<bounds x="380" y="700" width="170" height="117"/>
</OView>
<OView class="oracle.dbtools.crest.swingui.logical.TVEntity" oid="93838CE4-E82E-477A-5041-3BB19701DF4F" otype="Entity" vid="303106E6-EC1A-426E-8CE6-2D19B30DBBCF">
<hideElementsInCurrentOnly>false</hideElementsInCurrentOnly>
<bounds x="700" y="310" width="170" height="111"/>
</OView>
<OView class="oracle.dbtools.crest.swingui.logical.TVEntity" oid="9568CB79-D3E7-DA59-B051-C5DAB14260B1" otype="Entity" vid="38B9ACDA-9336-2E88-7E2D-2346EFB5F0E0">
<hideElementsInCurrentOnly>false</hideElementsInCurrentOnly>
<bounds x="380" y="510" width="170" height="113"/>
</OView>
<OView class="oracle.dbtools.crest.swingui.logical.TVEntity" oid="A703A852-63F0-1A69-0FFA-FB029592F971" otype="Entity" vid="C7EE2559-3C92-2704-7752-1D34AEC5BBC8">
<hideElementsInCurrentOnly>false</hideElementsInCurrentOnly>
<bounds x="130" y="510" width="170" height="117"/>
</OView>
<OView class="oracle.dbtools.crest.swingui.logical.TVEntity" oid="B36DB5D2-FF6E-9764-119C-BAFC8840E68A" otype="Entity" vid="A2B7AAC0-0FB8-A73E-DA0A-F6C853723FFD">
<hideElementsInCurrentOnly>false</hideElementsInCurrentOnly>
<bounds x="1380" y="300" width="170" height="111"/>
</OView>
<OView class="oracle.dbtools.crest.swingui.logical.TVEntity" oid="CDD09DC0-3553-EBC7-54EC-E46E7D6C914A" otype="Entity" vid="DB232169-EAC6-00D7-6734-BF76D97C4E22">
<hideElementsInCurrentOnly>false</hideElementsInCurrentOnly>
<bounds x="1060" y="300" width="170" height="113"/>
</OView>
<OView class="oracle.dbtools.crest.swingui.logical.TVEntity" oid="D17FD156-0D95-A9B6-FAC6-3B91F3D6ECF4" otype="Entity" vid="145069DD-7779-0E4F-7C07-77634EC70320">
<hideElementsInCurrentOnly>false</hideElementsInCurrentOnly>
<bounds x="380" y="310" width="170" height="120"/>
</OView>
<OView class="oracle.dbtools.crest.swingui.logical.TVEntity" oid="D1924426-D5F4-04F7-303C-BE9586174C08" otype="Entity" vid="D1332F02-D1AA-FE54-8A42-298FA641C57C">
<hideElementsInCurrentOnly>false</hideElementsInCurrentOnly>
<bounds x="1060" y="710" width="170" height="111"/>
</OView>
<OView class="oracle.dbtools.crest.swingui.logical.TVEntity" oid="F079D443-272B-D87A-15FA-D4DF02526A4B" otype="Entity" vid="9C9E3200-8308-1E7E-1C07-7DA7544865C3">
<hideElementsInCurrentOnly>false</hideElementsInCurrentOnly>
<bounds x="1060" y="920" width="170" height="112"/>
</OView>
<OView class="oracle.dbtools.crest.swingui.logical.TVEntity" oid="FDC3EC1B-207C-733E-C9AC-7B04350380EB" otype="Entity" vid="71BB1365-C88E-2A38-6180-E6B7EBF88552">
<hideElementsInCurrentOnly>false</hideElementsInCurrentOnly>
<bounds x="1060" y="510" width="170" height="125"/>
</OView>
</objectViews>
<connectors>
<Connector class="oracle.dbtools.crest.swingui.logical.TVRelation" oid="07A262AF-8FC2-898F-7BF3-645EF96DF607" otype="Relation" vid_source="303106E6-EC1A-426E-8CE6-2D19B30DBBCF" vid_target="D1332F02-D1AA-FE54-8A42-298FA641C57C">
<hideElementsInCurrentOnly>false</hideElementsInCurrentOnly>
<backgroundColor>-16777216</backgroundColor>
<lineWidth>1</lineWidth>
<points>
<point x="870" y="400"/>
<point x="910" y="400"/>
<point x="910" y="770"/>
<point x="1060" y="770"/>
</points>
</Connector>
<Connector class="oracle.dbtools.crest.swingui.logical.TVRelation" oid="0E487EC6-BBB6-64DA-B8A4-B1C515E27876" otype="Relation" vid_source="303106E6-EC1A-426E-8CE6-2D19B30DBBCF" vid_target="D7CDB458-2B56-A799-928B-5DDB1A6D1F2F">
<hideElementsInCurrentOnly>false</hideElementsInCurrentOnly>
<backgroundColor>-16777216</backgroundColor>
<lineWidth>1</lineWidth>
<points>
<point x="785" y="310"/>
<point x="785" y="184"/>
</points>
</Connector>
<Connector class="oracle.dbtools.crest.swingui.logical.TVRelation" oid="3E361071-F1B5-BEFC-8107-F265292AA204" otype="Relation" vid_source="BA184B50-DA3E-3960-9379-0F6A3DC286A5" vid_target="C7EE2559-3C92-2704-7752-1D34AEC5BBC8">
<hideElementsInCurrentOnly>false</hideElementsInCurrentOnly>
<backgroundColor>-16777216</backgroundColor>
<lineWidth>1</lineWidth>
<points>
<point x="215" y="700"/>
<point x="215" y="627"/>
</points>
</Connector>
<Connector class="oracle.dbtools.crest.swingui.logical.TVRelation" oid="4B262449-EE6B-C541-EC52-8330C9D3B653" otype="Relation" vid_source="3200B871-5F6A-79AF-67FC-BE9D0FDD7C23" vid_target="D7CDB458-2B56-A799-928B-5DDB1A6D1F2F">
<hideElementsInCurrentOnly>false</hideElementsInCurrentOnly>
<backgroundColor>-16777216</backgroundColor>
<lineWidth>1</lineWidth>
<points>
<point x="1060" y="127"/>
<point x="870" y="127"/>
</points>
</Connector>
<Connector class="oracle.dbtools.crest.swingui.logical.TVRelation" oid="4DFFA1AF-2B74-9CA1-83F4-A70853F1ACAB" otype="Relation" vid_source="303106E6-EC1A-426E-8CE6-2D19B30DBBCF" vid_target="DB232169-EAC6-00D7-6734-BF76D97C4E22">
<hideElementsInCurrentOnly>false</hideElementsInCurrentOnly>
<backgroundColor>-16777216</backgroundColor>
<lineWidth>1</lineWidth>
<points>
<point x="870" y="361"/>
<point x="1060" y="361"/>
</points>
</Connector>
<Connector class="oracle.dbtools.crest.swingui.logical.TVRelation" oid="5B87FDB4-3800-5D28-37CC-15B289662D31" otype="Relation" vid_source="303106E6-EC1A-426E-8CE6-2D19B30DBBCF" vid_target="BA184B50-DA3E-3960-9379-0F6A3DC286A5">
<hideElementsInCurrentOnly>false</hideElementsInCurrentOnly>
<backgroundColor>-16777216</backgroundColor>
<lineWidth>1</lineWidth>
<points>
<point x="840" y="421"/>
<point x="840" y="870"/>
<point x="211" y="870"/>
<point x="211" y="811"/>
</points>
</Connector>
<Connector class="oracle.dbtools.crest.swingui.logical.TVRelation" oid="98DC48B4-0407-A199-5E26-72E783563755" otype="Relation" vid_source="303106E6-EC1A-426E-8CE6-2D19B30DBBCF" vid_target="FF1A3C61-8A8B-FAC7-D2B2-37DD758890AF">
<hideElementsInCurrentOnly>false</hideElementsInCurrentOnly>
<backgroundColor>-16777216</backgroundColor>
<lineWidth>1</lineWidth>
<points>
<point x="790" y="421"/>
<point x="790" y="761"/>
<point x="550" y="761"/>
</points>
</Connector>
<Connector class="oracle.dbtools.crest.swingui.logical.TVRelation" oid="A11877C7-1F5B-663B-A6EE-AF32A12FB510" otype="Relation" vid_source="DB232169-EAC6-00D7-6734-BF76D97C4E22" vid_target="A2B7AAC0-0FB8-A73E-DA0A-F6C853723FFD">
<hideElementsInCurrentOnly>false</hideElementsInCurrentOnly>
<backgroundColor>-16777216</backgroundColor>
<lineWidth>1</lineWidth>
<points>
<point x="1230" y="355"/>
<point x="1380" y="355"/>
</points>
</Connector>
<Connector class="oracle.dbtools.crest.swingui.logical.TVRelation" oid="A1816AFF-8919-C72B-9492-6C0CA81BEBEC" otype="Relation" vid_source="145069DD-7779-0E4F-7C07-77634EC70320" vid_target="38B9ACDA-9336-2E88-7E2D-2346EFB5F0E0">
<hideElementsInCurrentOnly>false</hideElementsInCurrentOnly>
<backgroundColor>-16777216</backgroundColor>
<lineWidth>1</lineWidth>
<points>
<point x="465" y="430"/>
<point x="465" y="510"/>
</points>
</Connector>
<Connector class="oracle.dbtools.crest.swingui.logical.TVRelation" oid="C3D507CA-5864-925A-C633-78A29660D17A" otype="Relation" vid_source="71BB1365-C88E-2A38-6180-E6B7EBF88552" vid_target="DB232169-EAC6-00D7-6734-BF76D97C4E22">
<hideElementsInCurrentOnly>false</hideElementsInCurrentOnly>
<backgroundColor>-16777216</backgroundColor>
<lineWidth>1</lineWidth>
<points>
<point x="1145" y="510"/>
<point x="1145" y="413"/>
</points>
</Connector>
<Connector class="oracle.dbtools.crest.swingui.logical.TVRelation" oid="CD0D8C8B-27AA-DCFC-50F8-D7A3D5E02CED" otype="Relation" vid_source="38B9ACDA-9336-2E88-7E2D-2346EFB5F0E0" vid_target="C7EE2559-3C92-2704-7752-1D34AEC5BBC8">
<hideElementsInCurrentOnly>false</hideElementsInCurrentOnly>
<backgroundColor>-16777216</backgroundColor>
<lineWidth>1</lineWidth>
<points>
<point x="380" y="566"/>
<point x="300" y="566"/>
</points>
</Connector>
<Connector class="oracle.dbtools.crest.swingui.logical.TVRelation" oid="E7DFFBF1-01FE-5186-3F5E-74AD456C750F" otype="Relation" vid_source="38B9ACDA-9336-2E88-7E2D-2346EFB5F0E0" vid_target="FF1A3C61-8A8B-FAC7-D2B2-37DD758890AF">
<hideElementsInCurrentOnly>false</hideElementsInCurrentOnly>
<backgroundColor>-16777216</backgroundColor>
<lineWidth>1</lineWidth>
<points>
<point x="465" y="623"/>
<point x="465" y="700"/>
</points>
</Connector>
<Connector class="oracle.dbtools.crest.swingui.logical.TVRelation" oid="ECF2DE34-1711-51CB-A4C8-63961C6FEE65" otype="Relation" vid_source="D1332F02-D1AA-FE54-8A42-298FA641C57C" vid_target="9C9E3200-8308-1E7E-1C07-7DA7544865C3">
<hideElementsInCurrentOnly>false</hideElementsInCurrentOnly>
<backgroundColor>-16777216</backgroundColor>
<lineWidth>1</lineWidth>
<points>
<point x="1145" y="821"/>
<point x="1145" y="920"/>
</points>
</Connector>
</connectors>
</Diagram>