<?xml version = '1.0' encoding = 'UTF-8'?>
<Entity class="oracle.dbtools.crest.model.design.logical.Entity" directorySegmentName="seg_0" id="10A3F7C2-A7F1-9B5E-839A-7474C9169954" name="SUPPORT_TICKET">
<createdBy>garre</createdBy>
<createdTime>2020-03-02 19:53:19 UTC</createdTime>
<ownerDesignName>Logical2</ownerDesignName>
<engineerTo>
<item key="8ACADD0A-F242-4501-4609-2A074EED4066" value="true"/>
</engineerTo>
<adequatelyNormalized>NO</adequatelyNormalized>
<expectedVolumes>0</expectedVolumes>
<fwdEngineeringStrategyName>Single Table</fwdEngineeringStrategyName>
<growthPercent>0</growthPercent>
<growthType>Year</growthType>
<maxVolumes>9999999</maxVolumes>
<minVolumes>0</minVolumes>
<normalForm>Third</normalForm>
<attributes itemClass="oracle.dbtools.crest.model.design.logical.Attribute">
<Attribute name="Ticket_ID" id="9AA4042B-4F50-F1D5-BC04-BA9DC2643791">
<createdBy>garre</createdBy>
<createdTime>2020-03-02 20:14:07 UTC</createdTime>
<ownerDesignName>Logical2</ownerDesignName>
<engineerTo>
<item key="8ACADD0A-F242-4501-4609-2A074EED4066" value="true"/>
</engineerTo>
<useDomainConstraints>false</useDomainConstraints>
<use>1</use>
<logicalDatatype>LOGDT025</logicalDatatype>
<dataTypeSize>16</dataTypeSize>
<ownDataTypeParameters>16,,</ownDataTypeParameters>
</Attribute>
<Attribute name="Submitted_By" id="B4497B08-4B14-7F66-C5F5-66E6BA7422D0">
<createdBy>garre</createdBy>
<createdTime>2020-03-02 20:13:52 UTC</createdTime>
<ownerDesignName>Logical2</ownerDesignName>
<engineerTo>
<item key="8ACADD0A-F242-4501-4609-2A074EED4066" value="true"/>
</engineerTo>
<nullsAllowed>true</nullsAllowed>
<useDomainConstraints>false</useDomainConstraints>
<use>1</use>
<logicalDatatype>LOGDT024</logicalDatatype>
<dataTypeSize>256</dataTypeSize>
<ownDataTypeParameters>256,,</ownDataTypeParameters>
</Attribute>
<Attribute name="Date_Time_Submitted" id="083C27D1-5186-CCA5-1E18-72F5FB374B78">
<createdBy>garre</createdBy>
<createdTime>2020-03-02 20:14:13 UTC</createdTime>
<ownerDesignName>Logical2</ownerDesignName>
<engineerTo>
<item key="8ACADD0A-F242-4501-4609-2A074EED4066" value="true"/>
</engineerTo>
<nullsAllowed>true</nullsAllowed>
<useDomainConstraints>false</useDomainConstraints>
<use>1</use>
<logicalDatatype>LOGDT007</logicalDatatype>
<ownDataTypeParameters>,,</ownDataTypeParameters>
</Attribute>
<Attribute name="Ticket_Description" id="A0AD2ED5-FF98-00A4-E8CC-7398B0FC4B42">
<createdBy>lee3118</createdBy>
<createdTime>2020-03-06 00:11:46 UTC</createdTime>
<ownerDesignName>Logical2</ownerDesignName>
<engineerTo>
<item key="8ACADD0A-F242-4501-4609-2A074EED4066" value="true"/>
</engineerTo>
<nullsAllowed>true</nullsAllowed>
<useDomainConstraints>false</useDomainConstraints>
<use>1</use>
<logicalDatatype>LogDes-1768A872-F385-FDBA-D95E-0CB63F5908E2@LOGDT10045</logicalDatatype>
<ownDataTypeParameters>,,</ownDataTypeParameters>
</Attribute>
<Attribute name="Ticket_Assignee" id="70894DDF-6591-A87D-BDFD-819F9C9B0D7D">
<createdBy>lee3118</createdBy>
<createdTime>2020-03-06 00:12:01 UTC</createdTime>
<ownerDesignName>Logical2</ownerDesignName>
<engineerTo>
<item key="8ACADD0A-F242-4501-4609-2A074EED4066" value="true"/>
</engineerTo>
<nullsAllowed>true</nullsAllowed>
<useDomainConstraints>false</useDomainConstraints>
<use>1</use>
<logicalDatatype>LOGDT024</logicalDatatype>
<dataTypeSize>256</dataTypeSize>
<ownDataTypeParameters>256,,</ownDataTypeParameters>
</Attribute>
<Attribute name="Employee_ID" id="0B72AF95-5322-826E-FCAA-5D6BF641966A">
<createdBy>lee3118</createdBy>
<createdTime>2020-03-06 00:23:31 UTC</createdTime>
<generatorID>5B87FDB4-3800-5D28-37CC-15B289662D31</generatorID>
<ownerDesignName>Logical2</ownerDesignName>
<engineerTo>
<item key="8ACADD0A-F242-4501-4609-2A074EED4066" value="true"/>
</engineerTo>
<referedAttribute>445821E2-8A07-E16B-9D15-61D61D84F6EE</referedAttribute>
<useDomainConstraints>false</useDomainConstraints>
<use>1</use>
<logicalDatatype>LOGDT025</logicalDatatype>
<dataTypeSize>16</dataTypeSize>
<ownDataTypeParameters>16,,</ownDataTypeParameters>
</Attribute>
<Attribute name="Issue_ID" id="623CF9D8-C8D5-51C7-A115-60059E2B9B76">
<createdBy>garre</createdBy>
<createdTime>2020-03-06 19:30:40 UTC</createdTime>
<generatorID>3E361071-F1B5-BEFC-8107-F265292AA204</generatorID>
<ownerDesignName>Logical2</ownerDesignName>
<engineerTo>
<item key="8ACADD0A-F242-4501-4609-2A074EED4066" value="true"/>
</engineerTo>
<referedAttribute>56498385-B4F5-44F0-FA3B-4C22FFDC8352</referedAttribute>
<useDomainConstraints>false</useDomainConstraints>
<use>1</use>
<logicalDatatype>LOGDT025</logicalDatatype>
<dataTypeSize>16</dataTypeSize>
<ownDataTypeParameters>16,,</ownDataTypeParameters>
</Attribute>
<Attribute name="Project_Name" id="9F7BE518-065A-D722-31D5-1BD2F90BA48A">
<createdBy>garre</createdBy>
<createdTime>2020-04-17 15:55:28 UTC</createdTime>
<generatorID>3E361071-F1B5-BEFC-8107-F265292AA204</generatorID>
<ownerDesignName>Logical2</ownerDesignName>
<engineerTo>
<item key="8ACADD0A-F242-4501-4609-2A074EED4066" value="true"/>
</engineerTo>
<referedAttribute>4A627088-9E84-5E73-AC02-C8B89F20DB16</referedAttribute>
<useDomainConstraints>false</useDomainConstraints>
<use>1</use>
<logicalDatatype>LOGDT024</logicalDatatype>
<dataTypeSize>256</dataTypeSize>
<ownDataTypeParameters>,,</ownDataTypeParameters>
</Attribute>
<Attribute name="Branch_Name" id="95788153-D6EE-EB87-4E51-E4A1B76A8CA3">
<createdBy>garre</createdBy>
<createdTime>2020-04-17 15:55:28 UTC</createdTime>
<generatorID>3E361071-F1B5-BEFC-8107-F265292AA204</generatorID>
<ownerDesignName>Logical2</ownerDesignName>
<engineerTo>
<item key="8ACADD0A-F242-4501-4609-2A074EED4066" value="true"/>
</engineerTo>
<referedAttribute>722E39FE-9BFD-ABA3-A731-33A90C7257D8</referedAttribute>
<useDomainConstraints>false</useDomainConstraints>
<use>1</use>
<logicalDatatype>LOGDT024</logicalDatatype>
<dataTypeSize>256</dataTypeSize>
<ownDataTypeParameters>,,</ownDataTypeParameters>
</Attribute>
</attributes>
<identifiers itemClass="oracle.dbtools.crest.model.design.logical.CandidateKey">
<identifier id="2E1373AB-CB38-EA04-8F3F-6AE58DB6EF6E" name="SUPPORT_TICKET PK">
<createdBy>garre</createdBy>
<createdTime>2020-03-02 20:14:21 UTC</createdTime>
<ownerDesignName>Logical2</ownerDesignName>
<shouldEngineer>false</shouldEngineer>
<engineerTo>
<item key="8ACADD0A-F242-4501-4609-2A074EED4066" value="false"/>
</engineerTo>
<pk>true</pk>
<usedAttributes>
<attributeRef>9AA4042B-4F50-F1D5-BC04-BA9DC2643791</attributeRef>
</usedAttributes>
</identifier>
</identifiers>
</Entity>