<?xml version = '1.0' encoding = 'UTF-8'?>
<Entity class="oracle.dbtools.crest.model.design.logical.Entity" directorySegmentName="seg_0" id="9568CB79-D3E7-DA59-B051-C5DAB14260B1" name="VC_BRANCH">
<createdBy>garre</createdBy>
<createdTime>2020-03-02 19:53:01 UTC</createdTime>
<ownerDesignName>Logical2</ownerDesignName>
<engineerTo>
<item key="8ACADD0A-F242-4501-4609-2A074EED4066" value="true"/>
</engineerTo>
<adequatelyNormalized>NO</adequatelyNormalized>
<expectedVolumes>0</expectedVolumes>
<fwdEngineeringStrategyName>Single Table</fwdEngineeringStrategyName>
<growthPercent>0</growthPercent>
<growthType>Year</growthType>
<maxVolumes>9999999</maxVolumes>
<minVolumes>0</minVolumes>
<normalForm>Third</normalForm>
<attributes itemClass="oracle.dbtools.crest.model.design.logical.Attribute">
<Attribute name="Branch_Name" id="4E28FB33-AA6E-3C05-ADB5-7753050B7771">
<createdBy>garre</createdBy>
<createdTime>2020-03-02 20:11:51 UTC</createdTime>
<ownerDesignName>Logical2</ownerDesignName>
<engineerTo>
<item key="8ACADD0A-F242-4501-4609-2A074EED4066" value="true"/>
</engineerTo>
<useDomainConstraints>false</useDomainConstraints>
<use>1</use>
<logicalDatatype>LOGDT024</logicalDatatype>
<dataTypeSize>256</dataTypeSize>
<ownDataTypeParameters>256,,</ownDataTypeParameters>
</Attribute>
<Attribute name="Branch_Description" id="C8812801-7806-1225-F79A-EDFBAEDCFE4F">
<createdBy>lee3118</createdBy>
<createdTime>2020-03-06 00:07:23 UTC</createdTime>
<ownerDesignName>Logical2</ownerDesignName>
<engineerTo>
<item key="8ACADD0A-F242-4501-4609-2A074EED4066" value="true"/>
</engineerTo>
<nullsAllowed>true</nullsAllowed>
<useDomainConstraints>false</useDomainConstraints>
<use>1</use>
<logicalDatatype>LogDes-1768A872-F385-FDBA-D95E-0CB63F5908E2@LOGDT10045</logicalDatatype>
<ownDataTypeParameters>,,</ownDataTypeParameters>
</Attribute>
<Attribute name="Branch_URL" id="3CB40459-C406-949F-DCAA-9E57E88754DB">
<createdBy>lee3118</createdBy>
<createdTime>2020-03-06 00:07:38 UTC</createdTime>
<ownerDesignName>Logical2</ownerDesignName>
<engineerTo>
<item key="8ACADD0A-F242-4501-4609-2A074EED4066" value="true"/>
</engineerTo>
<nullsAllowed>true</nullsAllowed>
<useDomainConstraints>false</useDomainConstraints>
<use>1</use>
<logicalDatatype>LOGDT024</logicalDatatype>
<dataTypeSize>256</dataTypeSize>
<ownDataTypeParameters>256,,</ownDataTypeParameters>
</Attribute>
<Attribute name="Project_Name" id="8A18CD7A-22A3-29AE-D9E8-418250D105AD">
<createdBy>lee3118</createdBy>
<createdTime>2020-03-06 02:38:15 UTC</createdTime>
<generatorID>DC482A1B-9D48-BA7B-0EEB-39D82069741C</generatorID>
<ownerDesignName>Logical2</ownerDesignName>
<engineerTo>
<item key="8ACADD0A-F242-4501-4609-2A074EED4066" value="true"/>
</engineerTo>
<referedAttribute>F9FA038F-2552-ABD1-9A38-7F2EFD819F81</referedAttribute>
<useDomainConstraints>false</useDomainConstraints>
<use>1</use>
<logicalDatatype>LOGDT024</logicalDatatype>
<dataTypeSize>256</dataTypeSize>
<ownDataTypeParameters>256,,</ownDataTypeParameters>
</Attribute>
</attributes>
<identifiers itemClass="oracle.dbtools.crest.model.design.logical.CandidateKey">
<identifier id="D83665E2-F03E-1E13-E90D-0B819EB8D5D2" name="VC_BRANCH PK">
<createdBy>garre</createdBy>
<createdTime>2020-03-02 20:11:55 UTC</createdTime>
<ownerDesignName>Logical2</ownerDesignName>
<shouldEngineer>false</shouldEngineer>
<engineerTo>
<item key="8ACADD0A-F242-4501-4609-2A074EED4066" value="false"/>
</engineerTo>
<pk>true</pk>
<usedAttributes>
<attributeRef>8A18CD7A-22A3-29AE-D9E8-418250D105AD</attributeRef>
<attributeRef>4E28FB33-AA6E-3C05-ADB5-7753050B7771</attributeRef>
</usedAttributes>
</identifier>
</identifiers>
</Entity>