<?xml version = '1.0' encoding = 'UTF-8'?>
<Entity class="oracle.dbtools.crest.model.design.logical.Entity" directorySegmentName="seg_0" id="CDD09DC0-3553-EBC7-54EC-E46E7D6C914A" name="HARDWARE_REQUEST">
<createdBy>garre</createdBy>
<createdTime>2020-03-02 19:52:04 UTC</createdTime>
<ownerDesignName>Logical2</ownerDesignName>
<engineerTo>
<item key="8ACADD0A-F242-4501-4609-2A074EED4066" value="true"/>
</engineerTo>
<adequatelyNormalized>NO</adequatelyNormalized>
<expectedVolumes>0</expectedVolumes>
<fwdEngineeringStrategyName>Single Table</fwdEngineeringStrategyName>
<growthPercent>0</growthPercent>
<growthType>Year</growthType>
<maxVolumes>9999999</maxVolumes>
<minVolumes>0</minVolumes>
<normalForm>Third</normalForm>
<attributes itemClass="oracle.dbtools.crest.model.design.logical.Attribute">
<Attribute name="Request_ID" id="44DC361E-2465-EC7E-B11F-50526171E421">
<createdBy>garre</createdBy>
<createdTime>2020-03-02 20:09:49 UTC</createdTime>
<ownerDesignName>Logical2</ownerDesignName>
<engineerTo>
<item key="8ACADD0A-F242-4501-4609-2A074EED4066" value="true"/>
</engineerTo>
<useDomainConstraints>false</useDomainConstraints>
<use>1</use>
<logicalDatatype>LOGDT025</logicalDatatype>
<dataTypeSize>16</dataTypeSize>
<ownDataTypeParameters>16,,</ownDataTypeParameters>
</Attribute>
<Attribute name="Date_Time" id="731A8514-1175-CA06-62D4-1845B2EF7D6E">
<createdBy>garre</createdBy>
<createdTime>2020-03-02 20:09:39 UTC</createdTime>
<ownerDesignName>Logical2</ownerDesignName>
<engineerTo>
<item key="8ACADD0A-F242-4501-4609-2A074EED4066" value="true"/>
</engineerTo>
<nullsAllowed>true</nullsAllowed>
<useDomainConstraints>false</useDomainConstraints>
<use>1</use>
<logicalDatatype>LOGDT007</logicalDatatype>
<ownDataTypeParameters>,,</ownDataTypeParameters>
</Attribute>
<Attribute name="Hardware_Name" id="09D7EDE7-1CF7-8EA7-E779-B6D0462E9B7D">
<createdBy>lee3118</createdBy>
<createdTime>2020-03-05 23:58:17 UTC</createdTime>
<ownerDesignName>Logical2</ownerDesignName>
<engineerTo>
<item key="8ACADD0A-F242-4501-4609-2A074EED4066" value="true"/>
</engineerTo>
<nullsAllowed>true</nullsAllowed>
<useDomainConstraints>false</useDomainConstraints>
<use>1</use>
<logicalDatatype>LOGDT024</logicalDatatype>
<dataTypeSize>1024</dataTypeSize>
<ownDataTypeParameters>1024,,</ownDataTypeParameters>
</Attribute>
<Attribute name="Hardware_Price" id="89D57413-1039-D91F-27AD-0A9D1AF6D3E7">
<createdBy>lee3118</createdBy>
<createdTime>2020-03-05 23:58:25 UTC</createdTime>
<ownerDesignName>Logical2</ownerDesignName>
<engineerTo>
<item key="8ACADD0A-F242-4501-4609-2A074EED4066" value="true"/>
</engineerTo>
<nullsAllowed>true</nullsAllowed>
<useDomainConstraints>false</useDomainConstraints>
<use>1</use>
<logicalDatatype>LOGDT043</logicalDatatype>
<ownDataTypeParameters>,,</ownDataTypeParameters>
</Attribute>
<Attribute name="Hardware_Shipping" id="CA73C3BB-0BE9-E216-0D3A-2AE820BFA787">
<createdBy>lee3118</createdBy>
<createdTime>2020-03-05 23:58:30 UTC</createdTime>
<ownerDesignName>Logical2</ownerDesignName>
<engineerTo>
<item key="8ACADD0A-F242-4501-4609-2A074EED4066" value="true"/>
</engineerTo>
<nullsAllowed>true</nullsAllowed>
<useDomainConstraints>false</useDomainConstraints>
<use>1</use>
<logicalDatatype>LOGDT043</logicalDatatype>
<ownDataTypeParameters>,,</ownDataTypeParameters>
</Attribute>
<Attribute name="Employee_ID" id="EC09C04E-62B6-0E3B-DF2E-85CFC28B2C1E">
<createdBy>lee3118</createdBy>
<createdTime>2020-03-06 00:23:31 UTC</createdTime>
<generatorID>4DFFA1AF-2B74-9CA1-83F4-A70853F1ACAB</generatorID>
<ownerDesignName>Logical2</ownerDesignName>
<engineerTo>
<item key="8ACADD0A-F242-4501-4609-2A074EED4066" value="true"/>
</engineerTo>
<referedAttribute>445821E2-8A07-E16B-9D15-61D61D84F6EE</referedAttribute>
<useDomainConstraints>false</useDomainConstraints>
<use>1</use>
<logicalDatatype>LOGDT025</logicalDatatype>
<dataTypeSize>16</dataTypeSize>
<ownDataTypeParameters>,,</ownDataTypeParameters>
</Attribute>
<Attribute name="Vendor_ID" id="36754E43-CDAB-93B9-01D7-C3C408C8699C">
<createdBy>lee3118</createdBy>
<createdTime>2020-03-06 00:26:31 UTC</createdTime>
<generatorID>C3D507CA-5864-925A-C633-78A29660D17A</generatorID>
<ownerDesignName>Logical2</ownerDesignName>
<engineerTo>
<item key="8ACADD0A-F242-4501-4609-2A074EED4066" value="true"/>
</engineerTo>
<referedAttribute>FB6E86DE-8A73-EF92-31B1-EE4618E8F780</referedAttribute>
<useDomainConstraints>false</useDomainConstraints>
<use>1</use>
<logicalDatatype>LOGDT025</logicalDatatype>
<dataTypeSize>16</dataTypeSize>
<ownDataTypeParameters>16,,</ownDataTypeParameters>
</Attribute>
</attributes>
<identifiers itemClass="oracle.dbtools.crest.model.design.logical.CandidateKey">
<identifier id="E2ED57CD-5895-614D-2978-62CAFC5315F3" name="HARDWARE_REQUEST PK">
<createdBy>garre</createdBy>
<createdTime>2020-03-02 20:09:59 UTC</createdTime>
<ownerDesignName>Logical2</ownerDesignName>
<shouldEngineer>false</shouldEngineer>
<engineerTo>
<item key="8ACADD0A-F242-4501-4609-2A074EED4066" value="false"/>
</engineerTo>
<pk>true</pk>
<usedAttributes>
<attributeRef>44DC361E-2465-EC7E-B11F-50526171E421</attributeRef>
<attributeRef>36754E43-CDAB-93B9-01D7-C3C408C8699C</attributeRef>
</usedAttributes>
</identifier>
</identifiers>
</Entity>