<?xml version = '1.0' encoding = 'UTF-8'?>
<Entity class="oracle.dbtools.crest.model.design.logical.Entity" directorySegmentName="seg_0" id="D17FD156-0D95-A9B6-FAC6-3B91F3D6ECF4" name="VC_PROJECT">
<createdBy>garre</createdBy>
<createdTime>2020-03-02 19:52:51 UTC</createdTime>
<ownerDesignName>Logical2</ownerDesignName>
<engineerTo>
<item key="8ACADD0A-F242-4501-4609-2A074EED4066" value="true"/>
</engineerTo>
<adequatelyNormalized>NO</adequatelyNormalized>
<expectedVolumes>0</expectedVolumes>
<fwdEngineeringStrategyName>Single Table</fwdEngineeringStrategyName>
<growthPercent>0</growthPercent>
<growthType>Year</growthType>
<maxVolumes>9999999</maxVolumes>
<minVolumes>0</minVolumes>
<normalForm>Third</normalForm>
<attributes itemClass="oracle.dbtools.crest.model.design.logical.Attribute">
<Attribute name="Project_Name" id="F9FA038F-2552-ABD1-9A38-7F2EFD819F81">
<createdBy>garre</createdBy>
<createdTime>2020-03-02 20:12:01 UTC</createdTime>
<ownerDesignName>Logical2</ownerDesignName>
<engineerTo>
<item key="8ACADD0A-F242-4501-4609-2A074EED4066" value="true"/>
</engineerTo>
<useDomainConstraints>false</useDomainConstraints>
<use>1</use>
<logicalDatatype>LOGDT024</logicalDatatype>
<dataTypeSize>256</dataTypeSize>
<ownDataTypeParameters>256,,</ownDataTypeParameters>
</Attribute>
<Attribute name="Project_Creator" id="C9840C51-DD5B-3F37-9AA7-1AAF80FE3AAB">
<createdBy>lee3118</createdBy>
<createdTime>2020-03-06 00:04:36 UTC</createdTime>
<ownerDesignName>Logical2</ownerDesignName>
<engineerTo>
<item key="8ACADD0A-F242-4501-4609-2A074EED4066" value="true"/>
</engineerTo>
<nullsAllowed>true</nullsAllowed>
<useDomainConstraints>false</useDomainConstraints>
<use>1</use>
<logicalDatatype>LOGDT024</logicalDatatype>
<dataTypeSize>256</dataTypeSize>
<ownDataTypeParameters>256,,</ownDataTypeParameters>
</Attribute>
<Attribute name="Project_Creation_Date" id="FAC69F57-1881-30A0-31B0-43C98A13474C">
<createdBy>garre</createdBy>
<createdTime>2020-03-02 20:12:12 UTC</createdTime>
<ownerDesignName>Logical2</ownerDesignName>
<engineerTo>
<item key="8ACADD0A-F242-4501-4609-2A074EED4066" value="true"/>
</engineerTo>
<nullsAllowed>true</nullsAllowed>
<useDomainConstraints>false</useDomainConstraints>
<use>1</use>
<logicalDatatype>LOGDT007</logicalDatatype>
<ownDataTypeParameters>,,</ownDataTypeParameters>
</Attribute>
<Attribute name="Project_URL" id="0CD95D19-EF59-3B12-A48F-08A13DFF1667">
<createdBy>lee3118</createdBy>
<createdTime>2020-03-06 00:05:47 UTC</createdTime>
<ownerDesignName>Logical2</ownerDesignName>
<engineerTo>
<item key="8ACADD0A-F242-4501-4609-2A074EED4066" value="true"/>
</engineerTo>
<nullsAllowed>true</nullsAllowed>
<useDomainConstraints>false</useDomainConstraints>
<use>1</use>
<logicalDatatype>LOGDT024</logicalDatatype>
<dataTypeSize>512</dataTypeSize>
<ownDataTypeParameters>512,,</ownDataTypeParameters>
</Attribute>
<Attribute name="Project_Description" id="55AADEF7-A916-6DF3-2BAD-168D12A79F55">
<createdBy>lee3118</createdBy>
<createdTime>2020-03-06 00:05:37 UTC</createdTime>
<ownerDesignName>Logical2</ownerDesignName>
<engineerTo>
<item key="8ACADD0A-F242-4501-4609-2A074EED4066" value="true"/>
</engineerTo>
<nullsAllowed>true</nullsAllowed>
<useDomainConstraints>false</useDomainConstraints>
<use>1</use>
<logicalDatatype>LogDes-1768A872-F385-FDBA-D95E-0CB63F5908E2@LOGDT10045</logicalDatatype>
<ownDataTypeParameters>,,</ownDataTypeParameters>
</Attribute>
</attributes>
<identifiers itemClass="oracle.dbtools.crest.model.design.logical.CandidateKey">
<identifier id="060048A0-B41C-3BC2-976D-2AD25A60D076" name="VC_PROJECT PK">
<createdBy>garre</createdBy>
<createdTime>2020-03-02 20:12:10 UTC</createdTime>
<ownerDesignName>Logical2</ownerDesignName>
<shouldEngineer>false</shouldEngineer>
<engineerTo>
<item key="8ACADD0A-F242-4501-4609-2A074EED4066" value="false"/>
</engineerTo>
<pk>true</pk>
<usedAttributes>
<attributeRef>F9FA038F-2552-ABD1-9A38-7F2EFD819F81</attributeRef>
</usedAttributes>
</identifier>
</identifiers>
</Entity>