<?xml version = '1.0' encoding = 'UTF-8'?>
<Diagram class="oracle.dbtools.crest.swingui.logical.DPVLogical" name="Logical" id="1F3CE42F-AA1C-6989-CC3C-A352D276F36A">
<createdBy>garre</createdBy>
<modifiedBy>garre</modifiedBy>
<createdTime>2020-03-02 19:47:34 UTC</createdTime>
<autoRoute>false</autoRoute>
<boxInbox>true</boxInbox>
<showLegend>false</showLegend>
<showLabels>true</showLabels>
<showRelAttributes>false</showRelAttributes>
<gridEnabled>true</gridEnabled>
<showGrid>false</showGrid>
<diagramColor>-1</diagramColor>
<display>false</display>
<notation>2</notation>
<showAllDetails>false</showAllDetails>
<showClassificationTypes>true</showClassificationTypes>
<showElements>true</showElements>
<objectViews>
<OView class="oracle.dbtools.crest.swingui.logical.TVEntity" oid="10A3F7C2-A7F1-9B5E-839A-7474C9169954" otype="Entity" vid="BA184B50-DA3E-3960-9379-0F6A3DC286A5">
<hideElementsInCurrentOnly>false</hideElementsInCurrentOnly>
<bounds x="50" y="750" width="390" height="201"/>
</OView>
<OView class="oracle.dbtools.crest.swingui.logical.TVEntity" oid="1284D39F-24AF-309B-F114-BADC92652E2E" otype="Entity" vid="D7CDB458-2B56-A799-928B-5DDB1A6D1F2F">
<hideElementsInCurrentOnly>false</hideElementsInCurrentOnly>
<bounds x="670" y="50" width="343" height="131"/>
</OView>
<OView class="oracle.dbtools.crest.swingui.logical.TVEntity" oid="188EB4E4-7536-8FA2-53A2-FFCA4066452F" otype="Entity" vid="3200B871-5F6A-79AF-67FC-BE9D0FDD7C23">
<hideElementsInCurrentOnly>false</hideElementsInCurrentOnly>
<bounds x="1160" y="70" width="261" height="114"/>
</OView>
<OView class="oracle.dbtools.crest.swingui.logical.TVEntity" oid="20FDC2F8-6DEC-5D85-094A-1C593E0C574E" otype="Entity" vid="28222722-E788-3AF3-5E0B-45BF761E67C5">
<hideElementsInCurrentOnly>false</hideElementsInCurrentOnly>
<bounds x="950" y="940" width="271" height="110"/>
</OView>
<OView class="oracle.dbtools.crest.swingui.TVNote" oid="2B540C94-F257-9721-DE39-877C07412C5E" otype="Note" vid="3C916EC5-0B61-0CDD-DF3C-C4BD37C920F4">
<hideElementsInCurrentOnly>false</hideElementsInCurrentOnly>
<bounds x="410" y="160" width="142" height="62"/>
<comment>MSAS Logical Diagram
3/6/2020
Team 13</comment>
</OView>
<OView class="oracle.dbtools.crest.swingui.logical.TVEntity" oid="7F9729A8-F0A3-9297-F93A-F21D21D407AD" otype="Entity" vid="FF1A3C61-8A8B-FAC7-D2B2-37DD758890AF">
<hideElementsInCurrentOnly>false</hideElementsInCurrentOnly>
<bounds x="480" y="750" width="331" height="201"/>
</OView>
<OView class="oracle.dbtools.crest.swingui.logical.TVEntity" oid="93838CE4-E82E-477A-5041-3BB19701DF4F" otype="Entity" vid="303106E6-EC1A-426E-8CE6-2D19B30DBBCF">
<hideElementsInCurrentOnly>false</hideElementsInCurrentOnly>
<bounds x="670" y="310" width="352" height="121"/>
</OView>
<OView class="oracle.dbtools.crest.swingui.logical.TVEntity" oid="9568CB79-D3E7-DA59-B051-C5DAB14260B1" otype="Entity" vid="38B9ACDA-9336-2E88-7E2D-2346EFB5F0E0">
<hideElementsInCurrentOnly>false</hideElementsInCurrentOnly>
<bounds x="450" y="510" width="291" height="131"/>
</OView>
<OView class="oracle.dbtools.crest.swingui.logical.TVEntity" oid="A703A852-63F0-1A69-0FFA-FB029592F971" otype="Entity" vid="C7EE2559-3C92-2704-7752-1D34AEC5BBC8">
<hideElementsInCurrentOnly>false</hideElementsInCurrentOnly>
<bounds x="50" y="470" width="360" height="171"/>
</OView>
<OView class="oracle.dbtools.crest.swingui.logical.TVEntity" oid="B36DB5D2-FF6E-9764-119C-BAFC8840E68A" otype="Entity" vid="A2B7AAC0-0FB8-A73E-DA0A-F6C853723FFD">
<hideElementsInCurrentOnly>false</hideElementsInCurrentOnly>
<bounds x="1390" y="580" width="421" height="161"/>
</OView>
<OView class="oracle.dbtools.crest.swingui.logical.TVEntity" oid="CDD09DC0-3553-EBC7-54EC-E46E7D6C914A" otype="Entity" vid="DB232169-EAC6-00D7-6734-BF76D97C4E22">
<hideElementsInCurrentOnly>false</hideElementsInCurrentOnly>
<bounds x="1160" y="300" width="271" height="151"/>
</OView>
<OView class="oracle.dbtools.crest.swingui.logical.TVEntity" oid="D17FD156-0D95-A9B6-FAC6-3B91F3D6ECF4" otype="Entity" vid="145069DD-7779-0E4F-7C07-77634EC70320">
<hideElementsInCurrentOnly>false</hideElementsInCurrentOnly>
<bounds x="330" y="320" width="290" height="120"/>
</OView>
<OView class="oracle.dbtools.crest.swingui.logical.TVEntity" oid="ED546189-28DD-BC7E-4536-82BB3ABEF419" otype="Entity" vid="5FB2079F-9BC5-0629-7982-30D08900F81F">
<hideElementsInCurrentOnly>false</hideElementsInCurrentOnly>
<bounds x="950" y="770" width="271" height="119"/>
</OView>
<OView class="oracle.dbtools.crest.swingui.logical.TVEntity" oid="F079D443-272B-D87A-15FA-D4DF02526A4B" otype="Entity" vid="9C9E3200-8308-1E7E-1C07-7DA7544865C3">
<hideElementsInCurrentOnly>false</hideElementsInCurrentOnly>
<bounds x="1330" y="920" width="291" height="131"/>
</OView>
<OView class="oracle.dbtools.crest.swingui.logical.TVEntity" oid="FDC3EC1B-207C-733E-C9AC-7B04350380EB" otype="Entity" vid="71BB1365-C88E-2A38-6180-E6B7EBF88552">
<hideElementsInCurrentOnly>false</hideElementsInCurrentOnly>
<bounds x="1090" y="580" width="261" height="131"/>
</OView>
</objectViews>
<connectors>
<Connector class="oracle.dbtools.crest.swingui.logical.TVRelation" oid="07A262AF-8FC2-898F-7BF3-645EF96DF607" otype="Relation" vid_source="303106E6-EC1A-426E-8CE6-2D19B30DBBCF" vid_target="5FB2079F-9BC5-0629-7982-30D08900F81F">
<hideElementsInCurrentOnly>false</hideElementsInCurrentOnly>
<backgroundColor>-16777216</backgroundColor>
<lineWidth>1</lineWidth>
<sourceLabel class="oracle.dbtools.crest.model.design.Label">
<site>0</site>
<labelBounds x="986" y="467" width="58" height="30"/>
<noBackgroundColor>true</noBackgroundColor>
<noForegroundColor>true</noForegroundColor>
</sourceLabel>
<targetLabel class="oracle.dbtools.crest.model.design.Label">
<site>2</site>
<labelBounds x="1016" y="734" width="84" height="30"/>
<noBackgroundColor>true</noBackgroundColor>
<noForegroundColor>true</noForegroundColor>
</targetLabel>
<points>
<point x="986" y="431"/>
<point x="1016" y="770"/>
</points>
</Connector>
<Connector class="oracle.dbtools.crest.swingui.logical.TVRelation" oid="0E487EC6-BBB6-64DA-B8A4-B1C515E27876" otype="Relation" vid_source="303106E6-EC1A-426E-8CE6-2D19B30DBBCF" vid_target="D7CDB458-2B56-A799-928B-5DDB1A6D1F2F">
<hideElementsInCurrentOnly>false</hideElementsInCurrentOnly>
<backgroundColor>-16777216</backgroundColor>
<lineWidth>1</lineWidth>
<points>
<point x="841" y="310"/>
<point x="841" y="181"/>
</points>
</Connector>
<Connector class="oracle.dbtools.crest.swingui.logical.TVRelation" oid="3E361071-F1B5-BEFC-8107-F265292AA204" otype="Relation" vid_source="BA184B50-DA3E-3960-9379-0F6A3DC286A5" vid_target="C7EE2559-3C92-2704-7752-1D34AEC5BBC8">
<hideElementsInCurrentOnly>false</hideElementsInCurrentOnly>
<backgroundColor>-16777216</backgroundColor>
<lineWidth>1</lineWidth>
<sourceLabel class="oracle.dbtools.crest.model.design.Label">
<site>0</site>
<labelBounds x="230" y="714" width="86" height="30"/>
<noBackgroundColor>true</noBackgroundColor>
<noForegroundColor>true</noForegroundColor>
</sourceLabel>
<targetLabel class="oracle.dbtools.crest.model.design.Label">
<site>2</site>
<labelBounds x="230" y="677" width="60" height="30"/>
<noBackgroundColor>true</noBackgroundColor>
<noForegroundColor>true</noForegroundColor>
</targetLabel>
<points>
<point x="230" y="750"/>
<point x="230" y="641"/>
</points>
</Connector>
<Connector class="oracle.dbtools.crest.swingui.logical.TVRelation" oid="4B262449-EE6B-C541-EC52-8330C9D3B653" otype="Relation" vid_source="3200B871-5F6A-79AF-67FC-BE9D0FDD7C23" vid_target="D7CDB458-2B56-A799-928B-5DDB1A6D1F2F">
<hideElementsInCurrentOnly>false</hideElementsInCurrentOnly>
<backgroundColor>-16777216</backgroundColor>
<lineWidth>1</lineWidth>
<sourceLabel class="oracle.dbtools.crest.model.design.Label">
<site>0</site>
<labelBounds x="1099" y="95" width="55" height="30"/>
<noBackgroundColor>true</noBackgroundColor>
<noForegroundColor>true</noForegroundColor>
</sourceLabel>
<targetLabel class="oracle.dbtools.crest.model.design.Label">
<site>2</site>
<labelBounds x="1023" y="128" width="85" height="30"/>
<noBackgroundColor>true</noBackgroundColor>
<noForegroundColor>true</noForegroundColor>
</targetLabel>
<points>
<point x="1160" y="125"/>
<point x="1013" y="125"/>
</points>
</Connector>
<Connector class="oracle.dbtools.crest.swingui.logical.TVRelation" oid="4DFFA1AF-2B74-9CA1-83F4-A70853F1ACAB" otype="Relation" vid_source="303106E6-EC1A-426E-8CE6-2D19B30DBBCF" vid_target="DB232169-EAC6-00D7-6734-BF76D97C4E22">
<hideElementsInCurrentOnly>false</hideElementsInCurrentOnly>
<backgroundColor>-16777216</backgroundColor>
<lineWidth>1</lineWidth>
<sourceLabel class="oracle.dbtools.crest.model.design.Label">
<site>0</site>
<labelBounds x="1032" y="340" width="49" height="30"/>
<noBackgroundColor>true</noBackgroundColor>
<noForegroundColor>true</noForegroundColor>
</sourceLabel>
<targetLabel class="oracle.dbtools.crest.model.design.Label">
<site>2</site>
<labelBounds x="1079" y="373" width="75" height="30"/>
<noBackgroundColor>true</noBackgroundColor>
<noForegroundColor>true</noForegroundColor>
</targetLabel>
<points>
<point x="1022" y="370"/>
<point x="1160" y="370"/>
</points>
</Connector>
<Connector class="oracle.dbtools.crest.swingui.logical.TVRelation" oid="4E698881-4C9F-AE43-BF01-CAB0C124D09D" otype="Relation" vid_source="5FB2079F-9BC5-0629-7982-30D08900F81F" vid_target="28222722-E788-3AF3-5E0B-45BF761E67C5">
<hideElementsInCurrentOnly>false</hideElementsInCurrentOnly>
<backgroundColor>-16777216</backgroundColor>
<lineWidth>1</lineWidth>
<sourceLabel class="oracle.dbtools.crest.model.design.Label">
<site>0</site>
<labelBounds x="1085" y="925" width="40" height="30"/>
<noBackgroundColor>true</noBackgroundColor>
<noForegroundColor>true</noForegroundColor>
</sourceLabel>
<targetLabel class="oracle.dbtools.crest.model.design.Label">
<site>2</site>
<labelBounds x="1035" y="904" width="73" height="30"/>
<noBackgroundColor>true</noBackgroundColor>
<noForegroundColor>true</noForegroundColor>
</targetLabel>
<points>
<point x="1085" y="889"/>
<point x="1035" y="940"/>
</points>
</Connector>
<Connector class="oracle.dbtools.crest.swingui.logical.TVRelation" oid="5B87FDB4-3800-5D28-37CC-15B289662D31" otype="Relation" vid_source="303106E6-EC1A-426E-8CE6-2D19B30DBBCF" vid_target="BA184B50-DA3E-3960-9379-0F6A3DC286A5">
<hideElementsInCurrentOnly>false</hideElementsInCurrentOnly>
<backgroundColor>-16777216</backgroundColor>
<lineWidth>1</lineWidth>
<sourceLabel class="oracle.dbtools.crest.model.design.Label">
<site>0</site>
<labelBounds x="833" y="491" width="50" height="30"/>
<noBackgroundColor>true</noBackgroundColor>
<noForegroundColor>true</noForegroundColor>
</sourceLabel>
<targetLabel class="oracle.dbtools.crest.model.design.Label">
<site>2</site>
<labelBounds x="204" y="995" width="85" height="30"/>
<noBackgroundColor>true</noBackgroundColor>
<noForegroundColor>true</noForegroundColor>
</targetLabel>
<points>
<point x="833" y="431"/>
<point x="833" y="920"/>
<point x="830" y="1020"/>
<point x="200" y="1020"/>
<point x="204" y="920"/>
<point x="204" y="951"/>
</points>
</Connector>
<Connector class="oracle.dbtools.crest.swingui.logical.TVRelation" oid="75FE0BC7-0AC1-0E47-9AFF-DCE9785AB147" otype="Relation" vid_source="38B9ACDA-9336-2E88-7E2D-2346EFB5F0E0" vid_target="C7EE2559-3C92-2704-7752-1D34AEC5BBC8">
<hideElementsInCurrentOnly>false</hideElementsInCurrentOnly>
<backgroundColor>-16777216</backgroundColor>
<lineWidth>1</lineWidth>
<sourceLabel class="oracle.dbtools.crest.model.design.Label">
<site>0</site>
<labelBounds x="389" y="571" width="55" height="30"/>
<noBackgroundColor>true</noBackgroundColor>
<noForegroundColor>true</noForegroundColor>
</sourceLabel>
<targetLabel class="oracle.dbtools.crest.model.design.Label">
<site>2</site>
<labelBounds x="241" y="685" width="85" height="30"/>
<noBackgroundColor>true</noBackgroundColor>
<noForegroundColor>true</noForegroundColor>
</targetLabel>
<points>
<point x="450" y="601"/>
<point x="241" y="601"/>
<point x="241" y="641"/>
</points>
</Connector>
<Connector class="oracle.dbtools.crest.swingui.logical.TVRelation" oid="98DC48B4-0407-A199-5E26-72E783563755" otype="Relation" vid_source="303106E6-EC1A-426E-8CE6-2D19B30DBBCF" vid_target="FF1A3C61-8A8B-FAC7-D2B2-37DD758890AF">
<hideElementsInCurrentOnly>false</hideElementsInCurrentOnly>
<backgroundColor>-16777216</backgroundColor>
<lineWidth>1</lineWidth>
<sourceLabel class="oracle.dbtools.crest.model.design.Label">
<site>0</site>
<labelBounds x="891" y="499" width="50" height="30"/>
<noBackgroundColor>true</noBackgroundColor>
<noForegroundColor>true</noForegroundColor>
</sourceLabel>
<targetLabel class="oracle.dbtools.crest.model.design.Label">
<site>2</site>
<labelBounds x="821" y="886" width="85" height="30"/>
<noBackgroundColor>true</noBackgroundColor>
<noForegroundColor>true</noForegroundColor>
</targetLabel>
<points>
<point x="891" y="431"/>
<point x="891" y="883"/>
<point x="811" y="883"/>
</points>
</Connector>
<Connector class="oracle.dbtools.crest.swingui.logical.TVRelation" oid="A11877C7-1F5B-663B-A6EE-AF32A12FB510" otype="Relation" vid_source="DB232169-EAC6-00D7-6734-BF76D97C4E22" vid_target="A2B7AAC0-0FB8-A73E-DA0A-F6C853723FFD">
<hideElementsInCurrentOnly>false</hideElementsInCurrentOnly>
<backgroundColor>-16777216</backgroundColor>
<lineWidth>1</lineWidth>
<sourceLabel class="oracle.dbtools.crest.model.design.Label">
<site>0</site>
<labelBounds x="1441" y="341" width="55" height="30"/>
<noBackgroundColor>true</noBackgroundColor>
<noForegroundColor>true</noForegroundColor>
</sourceLabel>
<targetLabel class="oracle.dbtools.crest.model.design.Label">
<site>2</site>
<labelBounds x="1609" y="544" width="79" height="30"/>
<noBackgroundColor>true</noBackgroundColor>
<noForegroundColor>true</noForegroundColor>
</targetLabel>
<points>
<point x="1431" y="371"/>
<point x="1609" y="371"/>
<point x="1609" y="580"/>
</points>
</Connector>
<Connector class="oracle.dbtools.crest.swingui.logical.TVRelation" oid="C3D507CA-5864-925A-C633-78A29660D17A" otype="Relation" vid_source="71BB1365-C88E-2A38-6180-E6B7EBF88552" vid_target="DB232169-EAC6-00D7-6734-BF76D97C4E22">
<hideElementsInCurrentOnly>false</hideElementsInCurrentOnly>
<backgroundColor>-16777216</backgroundColor>
<lineWidth>1</lineWidth>
<sourceLabel class="oracle.dbtools.crest.model.design.Label">
<site>0</site>
<labelBounds x="1255" y="544" width="43" height="30"/>
<noBackgroundColor>true</noBackgroundColor>
<noForegroundColor>true</noForegroundColor>
</sourceLabel>
<targetLabel class="oracle.dbtools.crest.model.design.Label">
<site>2</site>
<labelBounds x="1255" y="503" width="75" height="30"/>
<noBackgroundColor>true</noBackgroundColor>
<noForegroundColor>true</noForegroundColor>
</targetLabel>
<points>
<point x="1255" y="580"/>
<point x="1255" y="451"/>
</points>
</Connector>
<Connector class="oracle.dbtools.crest.swingui.logical.TVRelation" oid="DC482A1B-9D48-BA7B-0EEB-39D82069741C" otype="Relation" vid_source="145069DD-7779-0E4F-7C07-77634EC70320" vid_target="38B9ACDA-9336-2E88-7E2D-2346EFB5F0E0">
<hideElementsInCurrentOnly>false</hideElementsInCurrentOnly>
<backgroundColor>-16777216</backgroundColor>
<lineWidth>1</lineWidth>
<sourceLabel class="oracle.dbtools.crest.model.design.Label">
<site>0</site>
<labelBounds x="535" y="476" width="55" height="30"/>
<noBackgroundColor>true</noBackgroundColor>
<noForegroundColor>true</noForegroundColor>
</sourceLabel>
<targetLabel class="oracle.dbtools.crest.model.design.Label">
<site>2</site>
<labelBounds x="535" y="466" width="85" height="30"/>
<noBackgroundColor>true</noBackgroundColor>
<noForegroundColor>true</noForegroundColor>
</targetLabel>
<points>
<point x="535" y="440"/>
<point x="535" y="510"/>
</points>
</Connector>
<Connector class="oracle.dbtools.crest.swingui.logical.TVRelation" oid="E7DFFBF1-01FE-5186-3F5E-74AD456C750F" otype="Relation" vid_source="38B9ACDA-9336-2E88-7E2D-2346EFB5F0E0" vid_target="FF1A3C61-8A8B-FAC7-D2B2-37DD758890AF">
<hideElementsInCurrentOnly>false</hideElementsInCurrentOnly>
<backgroundColor>-16777216</backgroundColor>
<lineWidth>1</lineWidth>
<sourceLabel class="oracle.dbtools.crest.model.design.Label">
<site>0</site>
<labelBounds x="610" y="693" width="79" height="30"/>
<noBackgroundColor>true</noBackgroundColor>
<noForegroundColor>true</noForegroundColor>
</sourceLabel>
<targetLabel class="oracle.dbtools.crest.model.design.Label">
<site>2</site>
<labelBounds x="610" y="706" width="79" height="30"/>
<noBackgroundColor>true</noBackgroundColor>
<noForegroundColor>true</noForegroundColor>
</targetLabel>
<points>
<point x="610" y="641"/>
<point x="610" y="750"/>
</points>
</Connector>
<Connector class="oracle.dbtools.crest.swingui.logical.TVRelation" oid="EDCAC89C-95BF-B58B-8704-41378D5ACBA6" otype="Relation" vid_source="28222722-E788-3AF3-5E0B-45BF761E67C5" vid_target="9C9E3200-8308-1E7E-1C07-7DA7544865C3">
<hideElementsInCurrentOnly>false</hideElementsInCurrentOnly>
<backgroundColor>-16777216</backgroundColor>
<lineWidth>1</lineWidth>
<sourceLabel class="oracle.dbtools.crest.model.design.Label">
<site>0</site>
<labelBounds x="1231" y="995" width="60" height="30"/>
<noBackgroundColor>true</noBackgroundColor>
<noForegroundColor>true</noForegroundColor>
</sourceLabel>
<targetLabel class="oracle.dbtools.crest.model.design.Label">
<site>2</site>
<labelBounds x="1238" y="975" width="86" height="30"/>
<noBackgroundColor>true</noBackgroundColor>
<noForegroundColor>true</noForegroundColor>
</targetLabel>
<points>
<point x="1221" y="995"/>
<point x="1330" y="975"/>
</points>
</Connector>
</connectors>
</Diagram>