<?xml version = '1.0' encoding = 'UTF-8'?>
<Table class="oracle.dbtools.crest.model.design.relational.Table" directorySegmentName="seg_0" id="1BB10EF4-BB4B-02CB-E597-7F9400F41026" name="TRAINING_DATASET">
<createdBy>garre</createdBy>
<createdTime>2020-03-06 21:57:40 UTC</createdTime>
<generatorID>ED546189-28DD-BC7E-4536-82BB3ABEF419</generatorID>
<ownerDesignName>Logical2</ownerDesignName>
<allowColumnReorder>false</allowColumnReorder>
<existDependencyGenerateInDDl>true</existDependencyGenerateInDDl>
<parsed>true</parsed>
<columns itemClass="oracle.dbtools.crest.model.design.relational.Column">
<Column name="Dataset_ID" id="D5B7E538-6A4C-41A6-8710-754BF90B4691">
<createdBy>garre</createdBy>
<createdTime>2020-03-06 21:57:40 UTC</createdTime>
<generatorID>1E405DC8-F772-31D8-DD81-CE46CD8A86E6</generatorID>
<ownerDesignName>Logical2</ownerDesignName>
<useDomainConstraints>false</useDomainConstraints>
<use>1</use>
<logicalDatatype>LOGDT025</logicalDatatype>
<dataTypeSize>6</dataTypeSize>
<ownDataTypeParameters>6,,</ownDataTypeParameters>
<autoIncrementCycle>false</autoIncrementCycle>
</Column>
<Column name="Date_Time" id="9BA6299F-1A18-4D8C-4D96-BF56B7210CD5">
<createdBy>garre</createdBy>
<createdTime>2020-03-06 21:57:40 UTC</createdTime>
<generatorID>FE045C8B-8141-9A23-676E-31C383648C82</generatorID>
<ownerDesignName>Logical2</ownerDesignName>
<nullsAllowed>true</nullsAllowed>
<useDomainConstraints>false</useDomainConstraints>
<use>1</use>
<logicalDatatype>LOGDT008</logicalDatatype>
<ownDataTypeParameters>,,</ownDataTypeParameters>
<autoIncrementCycle>false</autoIncrementCycle>
</Column>
<Column name="Training_Data_Directory" id="558CF551-1FBD-551D-D463-0E712DD7E6D9">
<createdBy>garre</createdBy>
<createdTime>2020-03-06 21:57:40 UTC</createdTime>
<generatorID>ABC067CE-795E-9AFD-B18F-79B796CDFA6A</generatorID>
<ownerDesignName>Logical2</ownerDesignName>
<nullsAllowed>true</nullsAllowed>
<useDomainConstraints>false</useDomainConstraints>
<use>1</use>
<logicalDatatype>LOGDT024</logicalDatatype>
<dataTypeSize>256</dataTypeSize>
<ownDataTypeParameters>256,,</ownDataTypeParameters>
<autoIncrementCycle>false</autoIncrementCycle>
</Column>
<Column name="EMPLOYEE_Employee_ID" id="BBEA6692-DE39-1E7D-B439-6DD2D5C2B7EC">
<createdBy>garre</createdBy>
<createdTime>2020-03-06 21:57:40 UTC</createdTime>
<generatorID>ADC0248E-E8D2-B351-036C-841DA520EA0B</generatorID>
<ownerDesignName>Logical2</ownerDesignName>
<useDomainConstraints>false</useDomainConstraints>
<use>1</use>
<logicalDatatype>LOGDT025</logicalDatatype>
<dataTypeSize>16</dataTypeSize>
<ownDataTypeParameters>,,</ownDataTypeParameters>
<previousColumn>false</previousColumn>
<autoIncrementCycle>false</autoIncrementCycle>
<associations>
<colAssociation fkAssociation="CF09ADA1-2D9A-0FB1-1384-948BCDB2BD85" referredColumn="83C1E613-7DC1-CDC1-6808-8B80ECD57034"/>
</associations>
</Column>
</columns>
<indexes itemClass="oracle.dbtools.crest.model.design.relational.Index">
<ind_PK_UK id="5C4B9DE7-2CD7-B9F4-F6F4-E8A4828ADBAE" name="TRAINING_DATASET_PK">
<createdBy>garre</createdBy>
<createdTime>2020-03-06 21:57:40 UTC</createdTime>
<generatorID>E374AF70-6F54-93F5-29E9-EA12AB18600B</generatorID>
<ownerDesignName>Logical2</ownerDesignName>
<pk>true</pk>
<indexState>Primary Constraint</indexState>
<isSurrogateKey>false</isSurrogateKey>
<indexColumnUsage>
<colUsage columnID="D5B7E538-6A4C-41A6-8710-754BF90B4691"/>
</indexColumnUsage>
</ind_PK_UK>
<ind_PK_UK id="0AA82372-BBF2-6B42-B885-26DE8C2F2E7C" name="TRAINING_DATASET_EMPLOYEE_FK">
<createdBy>garre</createdBy>
<createdTime>2020-03-06 21:57:41 UTC</createdTime>
<generatorID>07A262AF-8FC2-898F-7BF3-645EF96DF607</generatorID>
<ownerDesignName>Logical2</ownerDesignName>
<indexState>Foreign Key</indexState>
<isSurrogateKey>false</isSurrogateKey>
<indexColumnUsage>
<colUsage columnID="BBEA6692-DE39-1E7D-B439-6DD2D5C2B7EC"/>
</indexColumnUsage>
</ind_PK_UK>
</indexes>
</Table>