<?xml version = '1.0' encoding = 'UTF-8'?>
<Table class="oracle.dbtools.crest.model.design.relational.Table" directorySegmentName="seg_0" id="49224350-CC26-AB9D-6FCF-EA2C62E4E0DA" name="SUPPORT_TICKET">
<createdBy>garre</createdBy>
<createdTime>2020-03-06 21:57:40 UTC</createdTime>
<generatorID>10A3F7C2-A7F1-9B5E-839A-7474C9169954</generatorID>
<ownerDesignName>Logical2</ownerDesignName>
<allowColumnReorder>false</allowColumnReorder>
<existDependencyGenerateInDDl>true</existDependencyGenerateInDDl>
<parsed>true</parsed>
<columns itemClass="oracle.dbtools.crest.model.design.relational.Column">
<Column name="Ticket_ID" id="1D544808-E9EC-1F10-4795-C8E0BEAB42C0">
<createdBy>garre</createdBy>
<createdTime>2020-03-06 21:57:40 UTC</createdTime>
<generatorID>9AA4042B-4F50-F1D5-BC04-BA9DC2643791</generatorID>
<ownerDesignName>Logical2</ownerDesignName>
<useDomainConstraints>false</useDomainConstraints>
<use>1</use>
<logicalDatatype>LOGDT025</logicalDatatype>
<dataTypeSize>16</dataTypeSize>
<ownDataTypeParameters>16,,</ownDataTypeParameters>
<autoIncrementCycle>false</autoIncrementCycle>
</Column>
<Column name="Submitted_By" id="67D369CE-F47D-003A-9222-42661512A7EE">
<createdBy>garre</createdBy>
<createdTime>2020-03-06 21:57:40 UTC</createdTime>
<generatorID>B4497B08-4B14-7F66-C5F5-66E6BA7422D0</generatorID>
<ownerDesignName>Logical2</ownerDesignName>
<nullsAllowed>true</nullsAllowed>
<useDomainConstraints>false</useDomainConstraints>
<use>1</use>
<logicalDatatype>LOGDT024</logicalDatatype>
<dataTypeSize>256</dataTypeSize>
<ownDataTypeParameters>256,,</ownDataTypeParameters>
<autoIncrementCycle>false</autoIncrementCycle>
</Column>
<Column name="Date_Time_Submitted" id="E46B564E-69EF-C0AE-78FE-F8F88BCF2400">
<createdBy>garre</createdBy>
<createdTime>2020-03-06 21:57:40 UTC</createdTime>
<generatorID>083C27D1-5186-CCA5-1E18-72F5FB374B78</generatorID>
<ownerDesignName>Logical2</ownerDesignName>
<nullsAllowed>true</nullsAllowed>
<useDomainConstraints>false</useDomainConstraints>
<use>1</use>
<logicalDatatype>LOGDT007</logicalDatatype>
<ownDataTypeParameters>,,</ownDataTypeParameters>
<autoIncrementCycle>false</autoIncrementCycle>
</Column>
<Column name="Ticket_Description" id="C0EE2BD8-B335-1BFF-8F17-2128C2293444">
<createdBy>garre</createdBy>
<createdTime>2020-03-06 21:57:40 UTC</createdTime>
<generatorID>A0AD2ED5-FF98-00A4-E8CC-7398B0FC4B42</generatorID>
<ownerDesignName>Logical2</ownerDesignName>
<nullsAllowed>true</nullsAllowed>
<useDomainConstraints>false</useDomainConstraints>
<use>1</use>
<logicalDatatype>LogDes-1768A872-F385-FDBA-D95E-0CB63F5908E2@LOGDT10045</logicalDatatype>
<ownDataTypeParameters>,,</ownDataTypeParameters>
<autoIncrementCycle>false</autoIncrementCycle>
</Column>
<Column name="Ticket_Assignee" id="A9F0398E-15E2-5540-4975-A7A990A1A67C">
<createdBy>garre</createdBy>
<createdTime>2020-03-06 21:57:40 UTC</createdTime>
<generatorID>70894DDF-6591-A87D-BDFD-819F9C9B0D7D</generatorID>
<ownerDesignName>Logical2</ownerDesignName>
<nullsAllowed>true</nullsAllowed>
<useDomainConstraints>false</useDomainConstraints>
<use>1</use>
<logicalDatatype>LOGDT024</logicalDatatype>
<dataTypeSize>256</dataTypeSize>
<ownDataTypeParameters>256,,</ownDataTypeParameters>
<autoIncrementCycle>false</autoIncrementCycle>
</Column>
<Column name="EMPLOYEE_Employee_ID" id="AF4DB02E-84EA-4BE2-A6C2-5B5CB30E16F5">
<createdBy>garre</createdBy>
<createdTime>2020-03-06 21:57:40 UTC</createdTime>
<generatorID>0B72AF95-5322-826E-FCAA-5D6BF641966A</generatorID>
<ownerDesignName>Logical2</ownerDesignName>
<useDomainConstraints>false</useDomainConstraints>
<use>1</use>
<logicalDatatype>LOGDT025</logicalDatatype>
<dataTypeSize>16</dataTypeSize>
<ownDataTypeParameters>16,,</ownDataTypeParameters>
<previousColumn>false</previousColumn>
<autoIncrementCycle>false</autoIncrementCycle>
<associations>
<colAssociation fkAssociation="6809DE68-FA36-8D8C-976D-0E2970298974" referredColumn="83C1E613-7DC1-CDC1-6808-8B80ECD57034"/>
</associations>
</Column>
<Column name="VC_ISSUE_VC_BRANCH_VC_PROJECT_Project_Name" id="BC9BA1EB-E6F4-9705-FA5E-F975350C487C">
<createdBy>garre</createdBy>
<createdTime>2020-03-06 21:57:40 UTC</createdTime>
<generatorID>1A78B9A4-21FF-D30C-3AC0-C19E77A1F034</generatorID>
<ownerDesignName>Logical2</ownerDesignName>
<useDomainConstraints>false</useDomainConstraints>
<use>1</use>
<logicalDatatype>LOGDT024</logicalDatatype>
<dataTypeSize>256</dataTypeSize>
<ownDataTypeParameters>256,,</ownDataTypeParameters>
<autoIncrementCycle>false</autoIncrementCycle>
</Column>
<Column name="VC_ISSUE_VC_BRANCH_Branch_Name" id="1FDAD647-4749-EF01-31CE-87973D788AB8">
<createdBy>garre</createdBy>
<createdTime>2020-03-06 21:57:40 UTC</createdTime>
<generatorID>9409AE41-54B7-72AC-9DA0-8A0AA5802DC0</generatorID>
<ownerDesignName>Logical2</ownerDesignName>
<useDomainConstraints>false</useDomainConstraints>
<use>1</use>
<logicalDatatype>LOGDT024</logicalDatatype>
<dataTypeSize>256</dataTypeSize>
<ownDataTypeParameters>256,,</ownDataTypeParameters>
<autoIncrementCycle>false</autoIncrementCycle>
</Column>
<Column name="VC_ISSUE_Issue_ID" id="0863E1F2-49F2-10D2-5B6A-F8D0D1692911">
<createdBy>garre</createdBy>
<createdTime>2020-03-06 21:57:40 UTC</createdTime>
<generatorID>623CF9D8-C8D5-51C7-A115-60059E2B9B76</generatorID>
<ownerDesignName>Logical2</ownerDesignName>
<useDomainConstraints>false</useDomainConstraints>
<use>1</use>
<logicalDatatype>LOGDT025</logicalDatatype>
<dataTypeSize>16</dataTypeSize>
<ownDataTypeParameters>16,,</ownDataTypeParameters>
<previousColumn>false</previousColumn>
<autoIncrementCycle>false</autoIncrementCycle>
<associations>
<colAssociation fkAssociation="BC80793E-4A73-E9FA-6C1B-DD96BCE92F6A" referredColumn="A8D4E5E8-7ABE-1DDC-02E6-8EC9303A82AF"/>
</associations>
</Column>
</columns>
<indexes itemClass="oracle.dbtools.crest.model.design.relational.Index">
<ind_PK_UK id="7683FFC9-6C05-0AEF-EE1D-1EE6DED83B26" name="SUPPORT_TICKET_PK">
<createdBy>garre</createdBy>
<createdTime>2020-03-06 21:57:40 UTC</createdTime>
<generatorID>2E1373AB-CB38-EA04-8F3F-6AE58DB6EF6E</generatorID>
<ownerDesignName>Logical2</ownerDesignName>
<pk>true</pk>
<indexState>Primary Constraint</indexState>
<isSurrogateKey>false</isSurrogateKey>
<indexColumnUsage>
<colUsage columnID="1D544808-E9EC-1F10-4795-C8E0BEAB42C0"/>
</indexColumnUsage>
</ind_PK_UK>
<ind_PK_UK id="54F74B6B-19E4-194C-D191-3B473B6AD3FC" name="SUPPORT_TICKET_VC_ISSUE_FK">
<createdBy>garre</createdBy>
<createdTime>2020-03-06 21:57:41 UTC</createdTime>
<generatorID>3E361071-F1B5-BEFC-8107-F265292AA204</generatorID>
<ownerDesignName>Logical2</ownerDesignName>
<indexState>Foreign Key</indexState>
<isSurrogateKey>false</isSurrogateKey>
<indexColumnUsage>
<colUsage columnID="0863E1F2-49F2-10D2-5B6A-F8D0D1692911"/>
</indexColumnUsage>
</ind_PK_UK>
<ind_PK_UK id="153919D2-E763-6DAA-4739-F86A6B562A72" name="SUPPORT_TICKET_EMPLOYEE_FK">
<createdBy>garre</createdBy>
<createdTime>2020-03-06 21:57:41 UTC</createdTime>
<generatorID>5B87FDB4-3800-5D28-37CC-15B289662D31</generatorID>
<ownerDesignName>Logical2</ownerDesignName>
<indexState>Foreign Key</indexState>
<isSurrogateKey>false</isSurrogateKey>
<indexColumnUsage>
<colUsage columnID="AF4DB02E-84EA-4BE2-A6C2-5B5CB30E16F5"/>
</indexColumnUsage>
</ind_PK_UK>
</indexes>
</Table>