<?xml version = '1.0' encoding = 'UTF-8'?>
<Table class="oracle.dbtools.crest.model.design.relational.Table" directorySegmentName="seg_0" id="F58E00B1-9F67-9DBD-CB76-22020C62DDFB" name="INSURANCE_CLAIM">
<createdBy>garre</createdBy>
<createdTime>2020-03-06 21:57:40 UTC</createdTime>
<generatorID>F079D443-272B-D87A-15FA-D4DF02526A4B</generatorID>
<ownerDesignName>Logical2</ownerDesignName>
<allowColumnReorder>false</allowColumnReorder>
<existDependencyGenerateInDDl>true</existDependencyGenerateInDDl>
<parsed>true</parsed>
<columns itemClass="oracle.dbtools.crest.model.design.relational.Column">
<Column name="Claim_ID" id="195A5414-E862-EDD0-831C-B935F1028F39">
<createdBy>garre</createdBy>
<createdTime>2020-03-06 21:57:40 UTC</createdTime>
<generatorID>A3D05160-0125-4011-1E1E-A0F12B0339E5</generatorID>
<ownerDesignName>Logical2</ownerDesignName>
<useDomainConstraints>false</useDomainConstraints>
<use>1</use>
<logicalDatatype>LOGDT025</logicalDatatype>
<dataTypeSize>16</dataTypeSize>
<ownDataTypeParameters>16,,</ownDataTypeParameters>
<autoIncrementCycle>false</autoIncrementCycle>
</Column>
<Column name="Claim_Username" id="D6309AF7-9271-6305-CABB-6E88E1B16FD5">
<createdBy>garre</createdBy>
<createdTime>2020-03-06 21:57:40 UTC</createdTime>
<generatorID>46F56F92-5A90-C6FC-9E7E-718DCF7E70A3</generatorID>
<ownerDesignName>Logical2</ownerDesignName>
<nullsAllowed>true</nullsAllowed>
<useDomainConstraints>false</useDomainConstraints>
<use>1</use>
<logicalDatatype>LOGDT024</logicalDatatype>
<dataTypeSize>256</dataTypeSize>
<ownDataTypeParameters>256,,</ownDataTypeParameters>
<autoIncrementCycle>false</autoIncrementCycle>
</Column>
<Column name="Cost_Of_Claim" id="D9F99DFC-7CB9-9A2B-988F-0D99002857D9">
<createdBy>garre</createdBy>
<createdTime>2020-03-06 21:57:40 UTC</createdTime>
<generatorID>C7CC32E1-8B39-70B9-AB95-5AACA21157CF</generatorID>
<ownerDesignName>Logical2</ownerDesignName>
<nullsAllowed>true</nullsAllowed>
<useDomainConstraints>false</useDomainConstraints>
<use>1</use>
<logicalDatatype>LOGDT043</logicalDatatype>
<ownDataTypeParameters>,,</ownDataTypeParameters>
<autoIncrementCycle>false</autoIncrementCycle>
</Column>
<Column name="Claim_Date_Submitted" id="2E35EC38-CB6F-FFBF-D09E-ADAEB91AE14D">
<createdBy>garre</createdBy>
<createdTime>2020-03-06 21:57:40 UTC</createdTime>
<generatorID>BCFA2B81-BE76-E9A9-E28F-055F0D72B562</generatorID>
<ownerDesignName>Logical2</ownerDesignName>
<nullsAllowed>true</nullsAllowed>
<useDomainConstraints>false</useDomainConstraints>
<use>1</use>
<logicalDatatype>LOGDT007</logicalDatatype>
<ownDataTypeParameters>,,</ownDataTypeParameters>
<autoIncrementCycle>false</autoIncrementCycle>
</Column>
<Column name="CLAIM_NET_Network_ID" id="6A6990D8-6A5F-BDF8-F63F-EF7A55824AE1">
<createdBy>garre</createdBy>
<createdTime>2020-03-06 21:57:40 UTC</createdTime>
<generatorID>E4DDFD1D-4899-F005-BC0B-1DDC9835C71C</generatorID>
<ownerDesignName>Logical2</ownerDesignName>
<useDomainConstraints>false</useDomainConstraints>
<use>1</use>
<logicalDatatype>LOGDT025</logicalDatatype>
<dataTypeSize>16</dataTypeSize>
<ownDataTypeParameters>16,,</ownDataTypeParameters>
<previousColumn>false</previousColumn>
<autoIncrementCycle>false</autoIncrementCycle>
<associations>
<colAssociation fkAssociation="A4BAF7E2-9792-8CAF-1DFA-CD3AFCFAD97B" referredColumn="5C32203D-DA57-91F0-8218-77B4C1A39ED5"/>
</associations>
</Column>
</columns>
<indexes itemClass="oracle.dbtools.crest.model.design.relational.Index">
<ind_PK_UK id="9B67EADB-7300-A8EE-E8B9-20EBC7BC7E84" name="INSURANCE_CLAIM_PK">
<createdBy>garre</createdBy>
<createdTime>2020-03-06 21:57:40 UTC</createdTime>
<generatorID>44112758-54D3-1868-8B60-33B03E20606C</generatorID>
<ownerDesignName>Logical2</ownerDesignName>
<pk>true</pk>
<indexState>Primary Constraint</indexState>
<isSurrogateKey>false</isSurrogateKey>
<indexColumnUsage>
<colUsage columnID="195A5414-E862-EDD0-831C-B935F1028F39"/>
</indexColumnUsage>
</ind_PK_UK>
<ind_PK_UK id="27819B64-23C1-E146-E006-D8166A73AFBC" name="INSURANCE_CLAIM_CLAIM_NET_FK">
<createdBy>garre</createdBy>
<createdTime>2020-03-06 21:57:41 UTC</createdTime>
<generatorID>EDCAC89C-95BF-B58B-8704-41378D5ACBA6</generatorID>
<ownerDesignName>Logical2</ownerDesignName>
<indexState>Foreign Key</indexState>
<isSurrogateKey>false</isSurrogateKey>
<indexColumnUsage>
<colUsage columnID="6A6990D8-6A5F-BDF8-F63F-EF7A55824AE1"/>
</indexColumnUsage>
</ind_PK_UK>
</indexes>
</Table>