<?xml version = '1.0' encoding = 'UTF-8'?>
<Table class="oracle.dbtools.crest.model.design.relational.Table" directorySegmentName="seg_0" id="1E855349-5AB8-E5D3-B5FF-1A98BC1C5C8D" name="Relation_9">
<createdBy>user</createdBy>
<createdTime>2020-02-17 04:50:18 UTC</createdTime>
<ownerDesignName>Lab2</ownerDesignName>
<allowColumnReorder>false</allowColumnReorder>
<existDependencyGenerateInDDl>true</existDependencyGenerateInDDl>
<parsed>true</parsed>
<columns itemClass="oracle.dbtools.crest.model.design.relational.Column">
<Column name="PROPERTY_TRACKING_COMPANY_InspectorID" id="95B0AF15-E4BB-3FEB-CFA3-114A3107D95D">
<createdBy>user</createdBy>
<createdTime>2020-02-17 04:50:18 UTC</createdTime>
<ownerDesignName>Lab2</ownerDesignName>
<useDomainConstraints>false</useDomainConstraints>
<use>1</use>
<logicalDatatype>LOGDT025</logicalDatatype>
<dataTypeSize>20</dataTypeSize>
<ownDataTypeParameters>,,</ownDataTypeParameters>
<previousColumn>false</previousColumn>
<autoIncrementCycle>false</autoIncrementCycle>
<associations>
<colAssociation fkAssociation="A4715662-E348-7D89-A762-E6B1E6FF902B" referredColumn="5CAE1F3B-9AB0-A10D-8BA5-0DB963510481"/>
</associations>
</Column>
<Column name="PROPERTY_PropertyNumber" id="8D8BEB2A-C37E-F52A-919B-283CBE099F45">
<createdBy>user</createdBy>
<createdTime>2020-02-17 04:50:18 UTC</createdTime>
<ownerDesignName>Lab2</ownerDesignName>
<useDomainConstraints>false</useDomainConstraints>
<use>1</use>
<logicalDatatype>LOGDT011</logicalDatatype>
<ownDataTypeParameters>,,</ownDataTypeParameters>
<previousColumn>false</previousColumn>
<autoIncrementCycle>false</autoIncrementCycle>
<associations>
<colAssociation fkAssociation="46E28359-B655-B7E7-23A5-A12485652FF6" referredColumn="4F7AB945-BF33-1FE8-56C4-81D158DC2632"/>
</associations>
</Column>
</columns>
<indexes itemClass="oracle.dbtools.crest.model.design.relational.Index">
<ind_PK_UK id="DAF8350F-FDA5-762D-2696-09CC67416C3E" name="Relation_9_PK">
<createdBy>user</createdBy>
<createdTime>2020-02-17 04:50:18 UTC</createdTime>
<ownerDesignName>Lab2</ownerDesignName>
<pk>true</pk>
<indexState>Primary Constraint</indexState>
<isSurrogateKey>false</isSurrogateKey>
<indexColumnUsage>
<colUsage columnID="95B0AF15-E4BB-3FEB-CFA3-114A3107D95D"/>
<colUsage columnID="8D8BEB2A-C37E-F52A-919B-283CBE099F45"/>
</indexColumnUsage>
</ind_PK_UK>
<ind_PK_UK id="8BFE2D90-925B-E07B-41ED-8A57097A0C94" name="Relation_9_PROPERTY_TRACKING_COMPANY_FK">
<createdBy>user</createdBy>
<createdTime>2020-02-17 04:50:18 UTC</createdTime>
<generatorID>4A834DC0-8487-CAB7-52CF-EFD0FD9143C2</generatorID>
<ownerDesignName>Lab2</ownerDesignName>
<indexState>Foreign Key</indexState>
<isSurrogateKey>false</isSurrogateKey>
<indexColumnUsage>
<colUsage columnID="95B0AF15-E4BB-3FEB-CFA3-114A3107D95D"/>
</indexColumnUsage>
</ind_PK_UK>
<ind_PK_UK id="C7918158-756C-66DD-EBC3-9E60FF0F541F" name="Relation_9_PROPERTY_FK">
<createdBy>user</createdBy>
<createdTime>2020-02-17 04:50:18 UTC</createdTime>
<generatorID>4A834DC0-8487-CAB7-52CF-EFD0FD9143C2</generatorID>
<ownerDesignName>Lab2</ownerDesignName>
<indexState>Foreign Key</indexState>
<isSurrogateKey>false</isSurrogateKey>
<indexColumnUsage>
<colUsage columnID="8D8BEB2A-C37E-F52A-919B-283CBE099F45"/>
</indexColumnUsage>
</ind_PK_UK>
</indexes>
</Table>