<?xml version = '1.0' encoding = 'UTF-8'?>
<Table class="oracle.dbtools.crest.model.design.relational.Table" directorySegmentName="seg_0" id="36516CD1-2F7E-68A4-4D69-8FD81F109BBE" name="INSPECTION">
<createdBy>user</createdBy>
<createdTime>2020-02-17 04:50:18 UTC</createdTime>
<generatorID>A8CCF0E0-5E7F-3FB8-B8C1-066D86453835</generatorID>
<ownerDesignName>Lab2</ownerDesignName>
<allowColumnReorder>false</allowColumnReorder>
<existDependencyGenerateInDDl>true</existDependencyGenerateInDDl>
<parsed>true</parsed>
<columns itemClass="oracle.dbtools.crest.model.design.relational.Column">
<Column name="InspectionDate" id="0191CFAB-A4BF-06B1-37DA-60DBA0A6A03D">
<createdBy>user</createdBy>
<createdTime>2020-02-17 04:50:18 UTC</createdTime>
<generatorID>A32B15FD-0225-248D-9A37-34C65109A136</generatorID>
<ownerDesignName>Lab2</ownerDesignName>
<useDomainConstraints>false</useDomainConstraints>
<use>1</use>
<logicalDatatype>LOGDT007</logicalDatatype>
<ownDataTypeParameters>,,</ownDataTypeParameters>
<autoIncrementCycle>false</autoIncrementCycle>
</Column>
<Column name="PropertyNumber" id="2259F805-469F-68FA-534E-06CF7FEF7D7A">
<createdBy>user</createdBy>
<createdTime>2020-02-17 04:50:18 UTC</createdTime>
<generatorID>B749BDBF-F81A-5D2A-38E3-98273297E9E8</generatorID>
<ownerDesignName>Lab2</ownerDesignName>
<nullsAllowed>true</nullsAllowed>
<useDomainConstraints>false</useDomainConstraints>
<use>1</use>
<logicalDatatype>LOGDT011</logicalDatatype>
<ownDataTypeParameters>,,</ownDataTypeParameters>
<autoIncrementCycle>false</autoIncrementCycle>
</Column>
<Column name="InspectorFirstName" id="E6AA9FC6-49DA-FC7C-CC7E-46825EF980A4">
<createdBy>user</createdBy>
<createdTime>2020-02-17 04:50:18 UTC</createdTime>
<generatorID>4A554C68-01CE-F9E2-8E33-F30F780B3947</generatorID>
<ownerDesignName>Lab2</ownerDesignName>
<nullsAllowed>true</nullsAllowed>
<useDomainConstraints>false</useDomainConstraints>
<use>1</use>
<logicalDatatype>LOGDT024</logicalDatatype>
<dataTypeSize>30</dataTypeSize>
<ownDataTypeParameters>30,,</ownDataTypeParameters>
<autoIncrementCycle>false</autoIncrementCycle>
</Column>
<Column name="InspectorLastName" id="5E1EAD92-A82A-F769-67E4-B0CCFF5BDF63">
<createdBy>user</createdBy>
<createdTime>2020-02-17 04:50:18 UTC</createdTime>
<generatorID>3F92B3A0-247D-E240-3A22-E981D6DA4D45</generatorID>
<ownerDesignName>Lab2</ownerDesignName>
<nullsAllowed>true</nullsAllowed>
<useDomainConstraints>false</useDomainConstraints>
<use>1</use>
<logicalDatatype>LOGDT024</logicalDatatype>
<dataTypeSize>30</dataTypeSize>
<ownDataTypeParameters>30,,</ownDataTypeParameters>
<autoIncrementCycle>false</autoIncrementCycle>
</Column>
<Column name="ReasonForInspection" id="93315AFF-8ABC-FA6E-8E9E-8C2C353E65F8">
<createdBy>user</createdBy>
<createdTime>2020-02-17 04:50:18 UTC</createdTime>
<generatorID>D3E9B87C-846B-20D1-B54D-0BAFDE2F2D63</generatorID>
<ownerDesignName>Lab2</ownerDesignName>
<nullsAllowed>true</nullsAllowed>
<useDomainConstraints>false</useDomainConstraints>
<use>1</use>
<logicalDatatype>LOGDT024</logicalDatatype>
<dataTypeSize>100</dataTypeSize>
<ownDataTypeParameters>100,,</ownDataTypeParameters>
<autoIncrementCycle>false</autoIncrementCycle>
</Column>
<Column name="NumberofHours" id="8809BD88-C3A5-C138-30FD-DF3542450C92">
<createdBy>user</createdBy>
<createdTime>2020-02-17 04:50:18 UTC</createdTime>
<generatorID>5C238AAA-AB35-74BC-825D-B5B88F8425DD</generatorID>
<ownerDesignName>Lab2</ownerDesignName>
<nullsAllowed>true</nullsAllowed>
<useDomainConstraints>false</useDomainConstraints>
<use>1</use>
<logicalDatatype>LOGDT011</logicalDatatype>
<ownDataTypeParameters>,,</ownDataTypeParameters>
<autoIncrementCycle>false</autoIncrementCycle>
</Column>
<Column name="ActualInspectionFee" id="B1C3AF17-2A40-722C-0CC5-15152C3F741B">
<createdBy>user</createdBy>
<createdTime>2020-02-17 04:50:18 UTC</createdTime>
<generatorID>8A7CC846-44B6-2377-415A-DD4D306EE3C5</generatorID>
<ownerDesignName>Lab2</ownerDesignName>
<nullsAllowed>true</nullsAllowed>
<useDomainConstraints>false</useDomainConstraints>
<use>1</use>
<logicalDatatype>LOGDT026</logicalDatatype>
<ownDataTypeParameters>,,</ownDataTypeParameters>
<autoIncrementCycle>false</autoIncrementCycle>
</Column>
<Column name="PROPERTY_TRACKING_COMPANY_InspectorID" id="53366A10-EB94-3D3D-D38F-9C75195C5152">
<createdBy>user</createdBy>
<createdTime>2020-02-17 04:50:18 UTC</createdTime>
<generatorID>FF1F09AF-249E-74EA-0008-78520DBC9199</generatorID>
<ownerDesignName>Lab2</ownerDesignName>
<useDomainConstraints>false</useDomainConstraints>
<use>1</use>
<logicalDatatype>LOGDT025</logicalDatatype>
<dataTypeSize>20</dataTypeSize>
<ownDataTypeParameters>,,</ownDataTypeParameters>
<previousColumn>false</previousColumn>
<autoIncrementCycle>false</autoIncrementCycle>
<associations>
<colAssociation fkAssociation="5C91995E-4456-0C90-E292-452052BE1A4F" referredColumn="5CAE1F3B-9AB0-A10D-8BA5-0DB963510481"/>
</associations>
</Column>
</columns>
<indexes itemClass="oracle.dbtools.crest.model.design.relational.Index">
<ind_PK_UK id="941205F3-A92F-68C6-BC45-D6CBE8FADE20" name="INSPECTION_PK">
<createdBy>user</createdBy>
<createdTime>2020-02-17 04:50:18 UTC</createdTime>
<generatorID>852D9901-6D47-01B5-E4F1-10E8F3D9507E</generatorID>
<ownerDesignName>Lab2</ownerDesignName>
<pk>true</pk>
<indexState>Primary Constraint</indexState>
<isSurrogateKey>false</isSurrogateKey>
<indexColumnUsage>
<colUsage columnID="0191CFAB-A4BF-06B1-37DA-60DBA0A6A03D"/>
<colUsage columnID="53366A10-EB94-3D3D-D38F-9C75195C5152"/>
</indexColumnUsage>
</ind_PK_UK>
<ind_PK_UK id="41D81C28-28DF-52D7-AA02-E6D4C2E6998D" name="INSPECTION_PROPERTY_TRACKING_COMPANY_FK">
<createdBy>user</createdBy>
<createdTime>2020-02-17 04:50:18 UTC</createdTime>
<generatorID>B4E523D3-4AC4-E712-86CF-46E1092CC71F</generatorID>
<ownerDesignName>Lab2</ownerDesignName>
<indexState>Foreign Key</indexState>
<isSurrogateKey>false</isSurrogateKey>
<indexColumnUsage>
<colUsage columnID="53366A10-EB94-3D3D-D38F-9C75195C5152"/>
</indexColumnUsage>
</ind_PK_UK>
</indexes>
</Table>