<?xml version = '1.0' encoding = 'UTF-8'?>
<Table class="oracle.dbtools.crest.model.design.relational.Table" directorySegmentName="seg_0" id="52BCBFF7-C78C-6B82-A8BE-8782558FF9CB" name="PROPERTY">
<createdBy>user</createdBy>
<createdTime>2020-02-17 04:50:18 UTC</createdTime>
<generatorID>CD28A990-A413-F00C-7EE0-73EBD588B737</generatorID>
<ownerDesignName>Lab2</ownerDesignName>
<allowColumnReorder>false</allowColumnReorder>
<existDependencyGenerateInDDl>true</existDependencyGenerateInDDl>
<parsed>true</parsed>
<columns itemClass="oracle.dbtools.crest.model.design.relational.Column">
<Column name="PropertyNumber" id="4F7AB945-BF33-1FE8-56C4-81D158DC2632">
<createdBy>user</createdBy>
<createdTime>2020-02-17 04:50:18 UTC</createdTime>
<generatorID>48F6612F-D497-F475-4FEF-57A37B422F46</generatorID>
<ownerDesignName>Lab2</ownerDesignName>
<useDomainConstraints>false</useDomainConstraints>
<use>1</use>
<logicalDatatype>LOGDT011</logicalDatatype>
<ownDataTypeParameters>,,</ownDataTypeParameters>
<autoIncrementCycle>false</autoIncrementCycle>
</Column>
<Column name="StreetAddress" id="5C76D1B7-0280-459B-8301-26887740A99F">
<createdBy>user</createdBy>
<createdTime>2020-02-17 04:50:18 UTC</createdTime>
<generatorID>B988EFC0-5965-CD41-9A5E-81CF863034E5</generatorID>
<ownerDesignName>Lab2</ownerDesignName>
<nullsAllowed>true</nullsAllowed>
<useDomainConstraints>false</useDomainConstraints>
<use>1</use>
<logicalDatatype>LOGDT024</logicalDatatype>
<dataTypeSize>30</dataTypeSize>
<ownDataTypeParameters>30,,</ownDataTypeParameters>
<autoIncrementCycle>false</autoIncrementCycle>
</Column>
<Column name="City" id="8ABC6038-06F1-D735-7413-DC3C4FB4AD0E">
<createdBy>user</createdBy>
<createdTime>2020-02-17 04:50:18 UTC</createdTime>
<generatorID>95E336D4-7213-E4EF-3EE7-C0257B86A616</generatorID>
<ownerDesignName>Lab2</ownerDesignName>
<nullsAllowed>true</nullsAllowed>
<useDomainConstraints>false</useDomainConstraints>
<use>1</use>
<logicalDatatype>LOGDT024</logicalDatatype>
<dataTypeSize>30</dataTypeSize>
<ownDataTypeParameters>30,,</ownDataTypeParameters>
<autoIncrementCycle>false</autoIncrementCycle>
</Column>
<Column name="State/Province" id="F006F16A-3825-2DBB-F141-24081A66A133">
<createdBy>user</createdBy>
<createdTime>2020-02-17 04:50:18 UTC</createdTime>
<generatorID>79881C65-3832-9FA8-2A6A-6698DC0DEBEC</generatorID>
<ownerDesignName>Lab2</ownerDesignName>
<nullsAllowed>true</nullsAllowed>
<useDomainConstraints>false</useDomainConstraints>
<use>1</use>
<logicalDatatype>LOGDT024</logicalDatatype>
<dataTypeSize>30</dataTypeSize>
<ownDataTypeParameters>30,,</ownDataTypeParameters>
<autoIncrementCycle>false</autoIncrementCycle>
</Column>
<Column name="ZIPCode/PostalCode" id="FD1CB89B-4972-3F8A-1B19-0A018A5B13F5">
<createdBy>user</createdBy>
<createdTime>2020-02-17 04:50:18 UTC</createdTime>
<generatorID>D4F1DC46-60DB-AEBB-E61D-6EBF569C1BC5</generatorID>
<ownerDesignName>Lab2</ownerDesignName>
<nullsAllowed>true</nullsAllowed>
<useDomainConstraints>false</useDomainConstraints>
<use>1</use>
<logicalDatatype>LOGDT011</logicalDatatype>
<ownDataTypeParameters>,,</ownDataTypeParameters>
<autoIncrementCycle>false</autoIncrementCycle>
</Column>
<Column name="SquareFootage" id="432F2F51-C682-4230-FD52-93D7C51623D5">
<createdBy>user</createdBy>
<createdTime>2020-02-17 04:50:18 UTC</createdTime>
<generatorID>64207CAC-597D-C7A5-CDE9-D5333D58FB7E</generatorID>
<ownerDesignName>Lab2</ownerDesignName>
<nullsAllowed>true</nullsAllowed>
<useDomainConstraints>false</useDomainConstraints>
<use>1</use>
<logicalDatatype>LOGDT026</logicalDatatype>
<ownDataTypeParameters>,,</ownDataTypeParameters>
<autoIncrementCycle>false</autoIncrementCycle>
</Column>
<Column name="YearBuilt" id="53A17036-EA64-9477-E5C4-9490CA97F974">
<createdBy>user</createdBy>
<createdTime>2020-02-17 04:50:18 UTC</createdTime>
<generatorID>EEC1B764-131C-60DA-E666-4CD3576C9563</generatorID>
<ownerDesignName>Lab2</ownerDesignName>
<nullsAllowed>true</nullsAllowed>
<useDomainConstraints>false</useDomainConstraints>
<use>1</use>
<logicalDatatype>LOGDT011</logicalDatatype>
<ownDataTypeParameters>,,</ownDataTypeParameters>
<autoIncrementCycle>false</autoIncrementCycle>
</Column>
<Column name="PropertyType" id="8CF41BFB-47E5-2190-6AF0-625557084D5D">
<createdBy>user</createdBy>
<createdTime>2020-02-17 04:50:18 UTC</createdTime>
<generatorID>8E3BC589-BF70-804F-3688-F6A239FB4382</generatorID>
<ownerDesignName>Lab2</ownerDesignName>
<nullsAllowed>true</nullsAllowed>
<useDomainConstraints>false</useDomainConstraints>
<use>1</use>
<logicalDatatype>LOGDT024</logicalDatatype>
<dataTypeSize>30</dataTypeSize>
<ownDataTypeParameters>30,,</ownDataTypeParameters>
<autoIncrementCycle>false</autoIncrementCycle>
</Column>
</columns>
<indexes itemClass="oracle.dbtools.crest.model.design.relational.Index">
<ind_PK_UK id="39959AEC-E167-920C-5F69-42B44E644FB2" name="PROPERTY_PK">
<createdBy>user</createdBy>
<createdTime>2020-02-17 04:50:18 UTC</createdTime>
<generatorID>0216C77E-B32D-F64D-E196-F1F2F4FD13AD</generatorID>
<ownerDesignName>Lab2</ownerDesignName>
<pk>true</pk>
<indexState>Primary Constraint</indexState>
<isSurrogateKey>false</isSurrogateKey>
<indexColumnUsage>
<colUsage columnID="4F7AB945-BF33-1FE8-56C4-81D158DC2632"/>
</indexColumnUsage>
</ind_PK_UK>
</indexes>
</Table>