<?xml version = '1.0' encoding = 'UTF-8'?>
<Table class="oracle.dbtools.crest.model.design.relational.Table" directorySegmentName="seg_0" id="819B94F2-4A46-0881-950F-EEF9A424C09C" name="POTENTIAL_CLIENT">
<createdBy>user</createdBy>
<createdTime>2020-02-17 04:50:18 UTC</createdTime>
<generatorID>66C2CD58-47C1-54FE-FCC9-7CEE23D740C0</generatorID>
<ownerDesignName>Lab2</ownerDesignName>
<allowColumnReorder>false</allowColumnReorder>
<existDependencyGenerateInDDl>true</existDependencyGenerateInDDl>
<parsed>true</parsed>
<columns itemClass="oracle.dbtools.crest.model.design.relational.Column">
<Column name="ClientID" id="FBF27CEB-C237-2CED-6011-6772D14C910C">
<createdBy>user</createdBy>
<createdTime>2020-02-17 04:50:18 UTC</createdTime>
<generatorID>83CC3833-D6A3-4999-5F16-9D404D468B0C</generatorID>
<ownerDesignName>Lab2</ownerDesignName>
<useDomainConstraints>false</useDomainConstraints>
<use>1</use>
<logicalDatatype>LOGDT025</logicalDatatype>
<dataTypeSize>20</dataTypeSize>
<ownDataTypeParameters>20,,</ownDataTypeParameters>
<autoIncrementCycle>false</autoIncrementCycle>
</Column>
<Column name="ClientFIrstName" id="7094534A-6850-5C6A-AD07-8F57CD8CD6CD">
<createdBy>user</createdBy>
<createdTime>2020-02-17 04:50:18 UTC</createdTime>
<generatorID>99CCF5C6-08E9-1928-1EE7-8F42198CA235</generatorID>
<ownerDesignName>Lab2</ownerDesignName>
<nullsAllowed>true</nullsAllowed>
<useDomainConstraints>false</useDomainConstraints>
<use>1</use>
<logicalDatatype>LOGDT024</logicalDatatype>
<dataTypeSize>30</dataTypeSize>
<ownDataTypeParameters>30,,</ownDataTypeParameters>
<autoIncrementCycle>false</autoIncrementCycle>
</Column>
<Column name="ClientLastName" id="8A1BF29B-141D-490F-412E-ACE13E57C15F">
<createdBy>user</createdBy>
<createdTime>2020-02-17 04:50:18 UTC</createdTime>
<generatorID>CE0FB35F-0F76-BFF5-612F-F8E65C95C993</generatorID>
<ownerDesignName>Lab2</ownerDesignName>
<nullsAllowed>true</nullsAllowed>
<useDomainConstraints>false</useDomainConstraints>
<use>1</use>
<logicalDatatype>LOGDT024</logicalDatatype>
<dataTypeSize>30</dataTypeSize>
<ownDataTypeParameters>30,,</ownDataTypeParameters>
<autoIncrementCycle>false</autoIncrementCycle>
</Column>
<Column name="ContactCellPhone" id="B0DF4DA7-7231-FFCB-2779-27034091C3FD">
<createdBy>user</createdBy>
<createdTime>2020-02-17 04:50:18 UTC</createdTime>
<generatorID>61779C3D-89AB-B540-FE9D-659243A2D743</generatorID>
<ownerDesignName>Lab2</ownerDesignName>
<nullsAllowed>true</nullsAllowed>
<useDomainConstraints>false</useDomainConstraints>
<use>1</use>
<logicalDatatype>LOGDT011</logicalDatatype>
<ownDataTypeParameters>,,</ownDataTypeParameters>
<autoIncrementCycle>false</autoIncrementCycle>
</Column>
<Column name="EmailAddress" id="BEFAD6F9-570B-5B48-81DF-D2F5AE6AA236">
<createdBy>user</createdBy>
<createdTime>2020-02-17 04:50:18 UTC</createdTime>
<generatorID>16CC53E2-5AE3-1604-5079-3D102CB3C5E2</generatorID>
<ownerDesignName>Lab2</ownerDesignName>
<nullsAllowed>true</nullsAllowed>
<useDomainConstraints>false</useDomainConstraints>
<use>1</use>
<logicalDatatype>LOGDT024</logicalDatatype>
<dataTypeSize>30</dataTypeSize>
<ownDataTypeParameters>30,,</ownDataTypeParameters>
<autoIncrementCycle>false</autoIncrementCycle>
</Column>
</columns>
<indexes itemClass="oracle.dbtools.crest.model.design.relational.Index">
<ind_PK_UK id="3DE265B1-4C8C-C66F-6B6A-5680792C4D8E" name="POTENTIAL_CLIENT_PK">
<createdBy>user</createdBy>
<createdTime>2020-02-17 04:50:18 UTC</createdTime>
<generatorID>E6A640FB-7452-ABAE-CB58-EB5131EC69F6</generatorID>
<ownerDesignName>Lab2</ownerDesignName>
<pk>true</pk>
<indexState>Primary Constraint</indexState>
<isSurrogateKey>false</isSurrogateKey>
<indexColumnUsage>
<colUsage columnID="FBF27CEB-C237-2CED-6011-6772D14C910C"/>
</indexColumnUsage>
</ind_PK_UK>
</indexes>
</Table>