<?xml version = '1.0' encoding = 'UTF-8'?>
<Table class="oracle.dbtools.crest.model.design.relational.Table" directorySegmentName="seg_0" id="FC7BBD17-D30D-82E3-EA48-2DFFAEE4AADF" name="PROPERTY_REVIEW">
<createdBy>user</createdBy>
<createdTime>2020-02-17 04:50:18 UTC</createdTime>
<generatorID>A575FC79-CDF5-3F3A-F465-33201CD2B453</generatorID>
<ownerDesignName>Lab2</ownerDesignName>
<allowColumnReorder>false</allowColumnReorder>
<existDependencyGenerateInDDl>true</existDependencyGenerateInDDl>
<parsed>true</parsed>
<columns itemClass="oracle.dbtools.crest.model.design.relational.Column">
<Column name="ViewDate" id="05C6AE50-8D6D-FDF5-F57D-8D251D6CD00C">
<createdBy>user</createdBy>
<createdTime>2020-02-17 04:50:18 UTC</createdTime>
<generatorID>9267E62C-34EA-7A77-BC02-8682AD45C1FB</generatorID>
<ownerDesignName>Lab2</ownerDesignName>
<useDomainConstraints>false</useDomainConstraints>
<use>1</use>
<logicalDatatype>LOGDT007</logicalDatatype>
<ownDataTypeParameters>,,</ownDataTypeParameters>
<autoIncrementCycle>false</autoIncrementCycle>
</Column>
<Column name="ClientID" id="A60F20B1-8F90-E499-CC21-45A475C5C641">
<createdBy>user</createdBy>
<createdTime>2020-02-17 04:50:18 UTC</createdTime>
<generatorID>1AA2442C-F249-8080-295E-C93E76D67FCB</generatorID>
<ownerDesignName>Lab2</ownerDesignName>
<useDomainConstraints>false</useDomainConstraints>
<use>1</use>
<logicalDatatype>LOGDT025</logicalDatatype>
<dataTypeSize>20</dataTypeSize>
<ownDataTypeParameters>20,,</ownDataTypeParameters>
<autoIncrementCycle>false</autoIncrementCycle>
</Column>
<Column name="InspectorID" id="C882358A-6EBC-57A5-6867-238B806F0239">
<createdBy>user</createdBy>
<createdTime>2020-02-17 04:50:18 UTC</createdTime>
<generatorID>66B636BE-85BE-39F9-2990-1023A89D76FB</generatorID>
<ownerDesignName>Lab2</ownerDesignName>
<useDomainConstraints>false</useDomainConstraints>
<use>1</use>
<logicalDatatype>LOGDT025</logicalDatatype>
<dataTypeSize>20</dataTypeSize>
<ownDataTypeParameters>20,,</ownDataTypeParameters>
<autoIncrementCycle>false</autoIncrementCycle>
</Column>
<Column name="FeedbackFromClient" id="BAB2CD62-CF0B-C826-AA1D-F1FA43CA68B7">
<createdBy>user</createdBy>
<createdTime>2020-02-17 04:50:18 UTC</createdTime>
<generatorID>A778ABBE-CCCB-FDA5-F96E-1DCD83DD2555</generatorID>
<ownerDesignName>Lab2</ownerDesignName>
<nullsAllowed>true</nullsAllowed>
<useDomainConstraints>false</useDomainConstraints>
<use>1</use>
<logicalDatatype>LOGDT024</logicalDatatype>
<dataTypeSize>100</dataTypeSize>
<ownDataTypeParameters>100,,</ownDataTypeParameters>
<autoIncrementCycle>false</autoIncrementCycle>
</Column>
<Column name="POTENTIAL_CLIENT_ClientID" id="D3C0947F-AB58-DB23-341E-9D59BF9D3B01">
<createdBy>user</createdBy>
<createdTime>2020-02-17 04:50:18 UTC</createdTime>
<generatorID>6A5DA02C-DE91-67C6-93D0-5124E0E98B72</generatorID>
<ownerDesignName>Lab2</ownerDesignName>
<useDomainConstraints>false</useDomainConstraints>
<use>1</use>
<logicalDatatype>LOGDT025</logicalDatatype>
<dataTypeSize>20</dataTypeSize>
<ownDataTypeParameters>,,</ownDataTypeParameters>
<previousColumn>false</previousColumn>
<autoIncrementCycle>false</autoIncrementCycle>
<associations>
<colAssociation fkAssociation="00032715-54B3-ADB3-1434-CA8A8361E693" referredColumn="FBF27CEB-C237-2CED-6011-6772D14C910C"/>
</associations>
</Column>
<Column name="PROPERTY_PropertyNumber" id="1F5F5F93-38F2-CB89-3CBB-844164978D34">
<createdBy>user</createdBy>
<createdTime>2020-02-17 04:50:18 UTC</createdTime>
<generatorID>E6DC84BF-0997-D0F7-BE19-257E40A2FE21</generatorID>
<ownerDesignName>Lab2</ownerDesignName>
<useDomainConstraints>false</useDomainConstraints>
<use>1</use>
<logicalDatatype>LOGDT011</logicalDatatype>
<ownDataTypeParameters>,,</ownDataTypeParameters>
<previousColumn>false</previousColumn>
<autoIncrementCycle>false</autoIncrementCycle>
<associations>
<colAssociation fkAssociation="2846DE32-6849-BC29-F811-C38C395AE009" referredColumn="4F7AB945-BF33-1FE8-56C4-81D158DC2632"/>
</associations>
</Column>
</columns>
<indexes itemClass="oracle.dbtools.crest.model.design.relational.Index">
<ind_PK_UK id="154806EF-2C77-ADC3-AC2E-34B7CD700962" name="PROPERTY_REVIEW_PK">
<createdBy>user</createdBy>
<createdTime>2020-02-17 04:50:18 UTC</createdTime>
<generatorID>8F53925A-BD50-2A85-7EA4-1255860368D2</generatorID>
<ownerDesignName>Lab2</ownerDesignName>
<pk>true</pk>
<indexState>Primary Constraint</indexState>
<isSurrogateKey>false</isSurrogateKey>
<indexColumnUsage>
<colUsage columnID="05C6AE50-8D6D-FDF5-F57D-8D251D6CD00C"/>
<colUsage columnID="C882358A-6EBC-57A5-6867-238B806F0239"/>
<colUsage columnID="A60F20B1-8F90-E499-CC21-45A475C5C641"/>
</indexColumnUsage>
</ind_PK_UK>
<ind_PK_UK id="023192CB-1479-AC97-7FA1-665106A177B9" name="PROPERTY_REVIEW_POTENTIAL_CLIENT_FK">
<createdBy>user</createdBy>
<createdTime>2020-02-17 04:50:18 UTC</createdTime>
<generatorID>1C6F5549-546D-D194-7BF1-FE61F24BF8E4</generatorID>
<ownerDesignName>Lab2</ownerDesignName>
<indexState>Foreign Key</indexState>
<isSurrogateKey>false</isSurrogateKey>
<indexColumnUsage>
<colUsage columnID="D3C0947F-AB58-DB23-341E-9D59BF9D3B01"/>
</indexColumnUsage>
</ind_PK_UK>
<ind_PK_UK id="DACA1E25-4105-DB4F-B73B-AA46FD3D27DF" name="PROPERTY_REVIEW_PROPERTY_FK">
<createdBy>user</createdBy>
<createdTime>2020-02-17 04:50:18 UTC</createdTime>
<generatorID>746051CA-628E-EA19-8607-F99BAA4162B0</generatorID>
<ownerDesignName>Lab2</ownerDesignName>
<indexState>Foreign Key</indexState>
<isSurrogateKey>false</isSurrogateKey>
<indexColumnUsage>
<colUsage columnID="1F5F5F93-38F2-CB89-3CBB-844164978D34"/>
</indexColumnUsage>
</ind_PK_UK>
</indexes>
</Table>