<?xml version = '1.0' encoding = 'UTF-8'?>
<Table class="oracle.dbtools.crest.model.design.relational.Table" directorySegmentName="seg_0" id="00241A80-A480-9BE2-CE8D-55843ECE24E8" name="VC_PROJECT">
<createdBy>garre</createdBy>
<createdTime>2020-03-06 21:57:40 UTC</createdTime>
<generatorID>D17FD156-0D95-A9B6-FAC6-3B91F3D6ECF4</generatorID>
<ownerDesignName>Physical2</ownerDesignName>
<allowColumnReorder>false</allowColumnReorder>
<existDependencyGenerateInDDl>true</existDependencyGenerateInDDl>
<parsed>true</parsed>
<columns itemClass="oracle.dbtools.crest.model.design.relational.Column">
<Column name="Project_Name" id="C88EDB68-5163-8D4B-9875-2C34182D6EAB">
<createdBy>garre</createdBy>
<createdTime>2020-03-06 21:57:40 UTC</createdTime>
<generatorID>F9FA038F-2552-ABD1-9A38-7F2EFD819F81</generatorID>
<ownerDesignName>Physical2</ownerDesignName>
<useDomainConstraints>false</useDomainConstraints>
<use>1</use>
<logicalDatatype>LOGDT024</logicalDatatype>
<dataTypeSize>256</dataTypeSize>
<ownDataTypeParameters>256,,</ownDataTypeParameters>
<autoIncrementCycle>false</autoIncrementCycle>
</Column>
<Column name="Project_Creator" id="0DA6CF88-B763-710C-EDB2-6B3F599E2693">
<createdBy>garre</createdBy>
<createdTime>2020-03-06 21:57:40 UTC</createdTime>
<generatorID>C9840C51-DD5B-3F37-9AA7-1AAF80FE3AAB</generatorID>
<ownerDesignName>Physical2</ownerDesignName>
<nullsAllowed>true</nullsAllowed>
<useDomainConstraints>false</useDomainConstraints>
<use>1</use>
<logicalDatatype>LOGDT024</logicalDatatype>
<dataTypeSize>256</dataTypeSize>
<ownDataTypeParameters>256,,</ownDataTypeParameters>
<autoIncrementCycle>false</autoIncrementCycle>
</Column>
<Column name="Project_Creation_Date" id="6E9D3116-61E2-3481-7989-B16AB5972F41">
<createdBy>garre</createdBy>
<createdTime>2020-03-06 21:57:40 UTC</createdTime>
<generatorID>FAC69F57-1881-30A0-31B0-43C98A13474C</generatorID>
<ownerDesignName>Physical2</ownerDesignName>
<nullsAllowed>true</nullsAllowed>
<useDomainConstraints>false</useDomainConstraints>
<use>1</use>
<logicalDatatype>LOGDT007</logicalDatatype>
<ownDataTypeParameters>,,</ownDataTypeParameters>
<autoIncrementCycle>false</autoIncrementCycle>
</Column>
<Column name="Project_URL" id="997E2CE2-5918-9CB6-F616-33781C30E85B">
<createdBy>garre</createdBy>
<createdTime>2020-03-06 21:57:40 UTC</createdTime>
<generatorID>0CD95D19-EF59-3B12-A48F-08A13DFF1667</generatorID>
<ownerDesignName>Physical2</ownerDesignName>
<nullsAllowed>true</nullsAllowed>
<useDomainConstraints>false</useDomainConstraints>
<use>1</use>
<logicalDatatype>LOGDT024</logicalDatatype>
<dataTypeSize>512</dataTypeSize>
<ownDataTypeParameters>512,,</ownDataTypeParameters>
<autoIncrementCycle>false</autoIncrementCycle>
</Column>
<Column name="Project_Description" id="B0B1E252-B1D1-53C1-31AF-07B78DC81A13">
<createdBy>garre</createdBy>
<createdTime>2020-03-06 21:57:40 UTC</createdTime>
<generatorID>55AADEF7-A916-6DF3-2BAD-168D12A79F55</generatorID>
<ownerDesignName>Physical2</ownerDesignName>
<nullsAllowed>true</nullsAllowed>
<useDomainConstraints>false</useDomainConstraints>
<use>1</use>
<logicalDatatype>LogDes-1768A872-F385-FDBA-D95E-0CB63F5908E2@LOGDT10045</logicalDatatype>
<ownDataTypeParameters>,,</ownDataTypeParameters>
<autoIncrementCycle>false</autoIncrementCycle>
</Column>
</columns>
<indexes itemClass="oracle.dbtools.crest.model.design.relational.Index">
<ind_PK_UK id="A8C06E98-5E7B-DE8C-96FD-E1AF29136680" name="VC_PROJECT_PK">
<createdBy>garre</createdBy>
<createdTime>2020-03-06 21:57:40 UTC</createdTime>
<generatorID>060048A0-B41C-3BC2-976D-2AD25A60D076</generatorID>
<ownerDesignName>Physical2</ownerDesignName>
<pk>true</pk>
<indexState>Primary Constraint</indexState>
<isSurrogateKey>false</isSurrogateKey>
<indexColumnUsage>
<colUsage columnID="C88EDB68-5163-8D4B-9875-2C34182D6EAB"/>
</indexColumnUsage>
</ind_PK_UK>
</indexes>
</Table>