<?xml version = '1.0' encoding = 'UTF-8'?>
<Table class="oracle.dbtools.crest.model.design.relational.Table" directorySegmentName="seg_0" id="2C75D9AE-616C-5E76-AAA6-B120A9DF5E35" name="HARDWARE_REQUEST">
<createdBy>garre</createdBy>
<createdTime>2020-03-06 21:57:40 UTC</createdTime>
<generatorID>CDD09DC0-3553-EBC7-54EC-E46E7D6C914A</generatorID>
<ownerDesignName>Physical2</ownerDesignName>
<allowColumnReorder>false</allowColumnReorder>
<existDependencyGenerateInDDl>true</existDependencyGenerateInDDl>
<parsed>true</parsed>
<columns itemClass="oracle.dbtools.crest.model.design.relational.Column">
<Column name="Request_ID" id="B346F5B3-080D-D35B-916C-1CC3D8E2DB81">
<createdBy>garre</createdBy>
<createdTime>2020-03-06 21:57:40 UTC</createdTime>
<generatorID>44DC361E-2465-EC7E-B11F-50526171E421</generatorID>
<ownerDesignName>Physical2</ownerDesignName>
<useDomainConstraints>false</useDomainConstraints>
<use>1</use>
<logicalDatatype>LOGDT025</logicalDatatype>
<dataTypeSize>16</dataTypeSize>
<ownDataTypeParameters>16,,</ownDataTypeParameters>
<autoIncrementCycle>false</autoIncrementCycle>
</Column>
<Column name="Date_Time" id="B8D0E61C-9BC0-9E0D-E5A0-3F02E0B4DFB2">
<createdBy>garre</createdBy>
<createdTime>2020-03-06 21:57:40 UTC</createdTime>
<generatorID>731A8514-1175-CA06-62D4-1845B2EF7D6E</generatorID>
<ownerDesignName>Physical2</ownerDesignName>
<nullsAllowed>true</nullsAllowed>
<useDomainConstraints>false</useDomainConstraints>
<use>1</use>
<logicalDatatype>LOGDT007</logicalDatatype>
<ownDataTypeParameters>,,</ownDataTypeParameters>
<autoIncrementCycle>false</autoIncrementCycle>
</Column>
<Column name="Hardware_Name" id="BD3A6BC8-52BD-CA62-C912-D87366CA96CA">
<createdBy>garre</createdBy>
<createdTime>2020-03-06 21:57:40 UTC</createdTime>
<generatorID>09D7EDE7-1CF7-8EA7-E779-B6D0462E9B7D</generatorID>
<ownerDesignName>Physical2</ownerDesignName>
<nullsAllowed>true</nullsAllowed>
<useDomainConstraints>false</useDomainConstraints>
<use>1</use>
<logicalDatatype>LOGDT024</logicalDatatype>
<dataTypeSize>1024</dataTypeSize>
<ownDataTypeParameters>1024,,</ownDataTypeParameters>
<autoIncrementCycle>false</autoIncrementCycle>
</Column>
<Column name="Hardware_Price" id="C0EE6028-F714-E97C-6F57-2E51515E67E4">
<createdBy>garre</createdBy>
<createdTime>2020-03-06 21:57:40 UTC</createdTime>
<generatorID>89D57413-1039-D91F-27AD-0A9D1AF6D3E7</generatorID>
<ownerDesignName>Physical2</ownerDesignName>
<nullsAllowed>true</nullsAllowed>
<useDomainConstraints>false</useDomainConstraints>
<use>1</use>
<logicalDatatype>LOGDT043</logicalDatatype>
<ownDataTypeParameters>,,</ownDataTypeParameters>
<autoIncrementCycle>false</autoIncrementCycle>
</Column>
<Column name="Hardware_Shipping" id="3C72BCB3-3FD6-305B-801B-F98306E6CC5D">
<createdBy>garre</createdBy>
<createdTime>2020-03-06 21:57:40 UTC</createdTime>
<generatorID>CA73C3BB-0BE9-E216-0D3A-2AE820BFA787</generatorID>
<ownerDesignName>Physical2</ownerDesignName>
<nullsAllowed>true</nullsAllowed>
<useDomainConstraints>false</useDomainConstraints>
<use>1</use>
<logicalDatatype>LOGDT043</logicalDatatype>
<ownDataTypeParameters>,,</ownDataTypeParameters>
<autoIncrementCycle>false</autoIncrementCycle>
</Column>
<Column name="EMPLOYEE_Employee_ID" id="F242A034-A03A-B9A8-96DE-743FB9D6BDEB">
<createdBy>garre</createdBy>
<createdTime>2020-03-06 21:57:40 UTC</createdTime>
<generatorID>EC09C04E-62B6-0E3B-DF2E-85CFC28B2C1E</generatorID>
<ownerDesignName>Physical2</ownerDesignName>
<useDomainConstraints>false</useDomainConstraints>
<use>1</use>
<logicalDatatype>LOGDT025</logicalDatatype>
<dataTypeSize>16</dataTypeSize>
<ownDataTypeParameters>,,</ownDataTypeParameters>
<previousColumn>false</previousColumn>
<autoIncrementCycle>false</autoIncrementCycle>
<associations>
<colAssociation fkAssociation="7174A29D-0673-4129-212D-4FB698C7786D" referredColumn="83C1E613-7DC1-CDC1-6808-8B80ECD57034"/>
</associations>
</Column>
<Column name="HARDWARE_VENDOR_Vendor_ID" id="6C7643D1-768E-940B-2098-BD5D5517F199">
<createdBy>garre</createdBy>
<createdTime>2020-03-06 21:57:40 UTC</createdTime>
<generatorID>36754E43-CDAB-93B9-01D7-C3C408C8699C</generatorID>
<ownerDesignName>Physical2</ownerDesignName>
<useDomainConstraints>false</useDomainConstraints>
<use>1</use>
<logicalDatatype>LOGDT025</logicalDatatype>
<dataTypeSize>16</dataTypeSize>
<ownDataTypeParameters>,,</ownDataTypeParameters>
<previousColumn>false</previousColumn>
<autoIncrementCycle>false</autoIncrementCycle>
<associations>
<colAssociation fkAssociation="EC58704D-29DA-34FF-3C18-127644102477" referredColumn="21A7C503-3814-099F-881C-E9CC3EF0C8E5"/>
</associations>
</Column>
</columns>
<indexes itemClass="oracle.dbtools.crest.model.design.relational.Index">
<ind_PK_UK id="F84990FA-E6C9-4664-2774-F3011F217743" name="HARDWARE_REQUEST_PK">
<createdBy>garre</createdBy>
<createdTime>2020-03-06 21:57:40 UTC</createdTime>
<generatorID>E2ED57CD-5895-614D-2978-62CAFC5315F3</generatorID>
<ownerDesignName>Physical2</ownerDesignName>
<pk>true</pk>
<indexState>Primary Constraint</indexState>
<isSurrogateKey>false</isSurrogateKey>
<indexColumnUsage>
<colUsage columnID="6C7643D1-768E-940B-2098-BD5D5517F199"/>
<colUsage columnID="B346F5B3-080D-D35B-916C-1CC3D8E2DB81"/>
</indexColumnUsage>
</ind_PK_UK>
<ind_PK_UK id="0089FBFD-1F6C-F69C-3364-687E82FC75EA" name="HARDWARE_REQUEST_EMPLOYEE_FK">
<createdBy>garre</createdBy>
<createdTime>2020-03-06 21:57:41 UTC</createdTime>
<generatorID>4DFFA1AF-2B74-9CA1-83F4-A70853F1ACAB</generatorID>
<ownerDesignName>Physical2</ownerDesignName>
<indexState>Foreign Key</indexState>
<isSurrogateKey>false</isSurrogateKey>
<indexColumnUsage>
<colUsage columnID="F242A034-A03A-B9A8-96DE-743FB9D6BDEB"/>
</indexColumnUsage>
</ind_PK_UK>
<ind_PK_UK id="E4C6A322-004E-2C30-F7AC-90312047E940" name="HARDWARE_REQUEST_HARDWARE_VENDOR_FK">
<createdBy>garre</createdBy>
<createdTime>2020-03-06 21:57:41 UTC</createdTime>
<generatorID>C3D507CA-5864-925A-C633-78A29660D17A</generatorID>
<ownerDesignName>Physical2</ownerDesignName>
<indexState>Foreign Key</indexState>
<isSurrogateKey>false</isSurrogateKey>
<indexColumnUsage>
<colUsage columnID="6C7643D1-768E-940B-2098-BD5D5517F199"/>
</indexColumnUsage>
</ind_PK_UK>
</indexes>
</Table>