<?xml version = '1.0' encoding = 'UTF-8'?>
<Table class="oracle.dbtools.crest.model.design.relational.Table" directorySegmentName="seg_0" id="46035A55-4F65-DED8-F554-13D506E87E49" name="SERVER">
<createdBy>garre</createdBy>
<createdTime>2020-03-06 21:57:40 UTC</createdTime>
<generatorID>B36DB5D2-FF6E-9764-119C-BAFC8840E68A</generatorID>
<ownerDesignName>Physical2</ownerDesignName>
<allowColumnReorder>false</allowColumnReorder>
<existDependencyGenerateInDDl>true</existDependencyGenerateInDDl>
<parsed>true</parsed>
<columns itemClass="oracle.dbtools.crest.model.design.relational.Column">
<Column name="Server_ID" id="858F2A1F-9082-69FF-675C-9C6283F71E32">
<createdBy>garre</createdBy>
<createdTime>2020-03-06 21:57:40 UTC</createdTime>
<generatorID>9F0C1272-0CFE-B461-48EE-5BADF7B28DBB</generatorID>
<ownerDesignName>Physical2</ownerDesignName>
<useDomainConstraints>false</useDomainConstraints>
<use>1</use>
<logicalDatatype>LOGDT024</logicalDatatype>
<dataTypeSize>256</dataTypeSize>
<ownDataTypeParameters>256,,</ownDataTypeParameters>
<autoIncrementCycle>false</autoIncrementCycle>
</Column>
<Column name="Server_Make" id="7D8B8C3D-96D6-E3AF-1666-359E46B005E1">
<createdBy>garre</createdBy>
<createdTime>2020-03-06 21:57:40 UTC</createdTime>
<generatorID>5E2CEAB1-043C-89A0-730C-527BFEFDA9EF</generatorID>
<ownerDesignName>Physical2</ownerDesignName>
<nullsAllowed>true</nullsAllowed>
<useDomainConstraints>false</useDomainConstraints>
<use>1</use>
<logicalDatatype>LOGDT024</logicalDatatype>
<dataTypeSize>256</dataTypeSize>
<ownDataTypeParameters>256,,</ownDataTypeParameters>
<autoIncrementCycle>false</autoIncrementCycle>
</Column>
<Column name="Server_Model" id="17AB4587-E240-C7A1-1AD7-149EBE3C5350">
<createdBy>garre</createdBy>
<createdTime>2020-03-06 21:57:40 UTC</createdTime>
<generatorID>EE834777-6AE3-9AF3-A102-F7A5BBB2C805</generatorID>
<ownerDesignName>Physical2</ownerDesignName>
<nullsAllowed>true</nullsAllowed>
<useDomainConstraints>false</useDomainConstraints>
<use>1</use>
<logicalDatatype>LOGDT024</logicalDatatype>
<dataTypeSize>256</dataTypeSize>
<ownDataTypeParameters>256,,</ownDataTypeParameters>
<autoIncrementCycle>false</autoIncrementCycle>
</Column>
<Column name="Server_Specifications" id="C6574856-ED1C-86C0-4734-48768C24A1F4">
<createdBy>garre</createdBy>
<createdTime>2020-03-06 21:57:40 UTC</createdTime>
<generatorID>1411E1DB-854B-9DA8-47F2-04C75BD5E71C</generatorID>
<ownerDesignName>Physical2</ownerDesignName>
<nullsAllowed>true</nullsAllowed>
<useDomainConstraints>false</useDomainConstraints>
<use>1</use>
<logicalDatatype>LogDes-1768A872-F385-FDBA-D95E-0CB63F5908E2@LOGDT10045</logicalDatatype>
<ownDataTypeParameters>,,</ownDataTypeParameters>
<autoIncrementCycle>false</autoIncrementCycle>
</Column>
<Column name="Server_Date_To_Service" id="17EF9688-13C5-D79A-C4ED-334CE4392249">
<createdBy>garre</createdBy>
<createdTime>2020-03-06 21:57:40 UTC</createdTime>
<generatorID>49571425-0D47-2B2B-9D7C-C59027422615</generatorID>
<ownerDesignName>Physical2</ownerDesignName>
<nullsAllowed>true</nullsAllowed>
<useDomainConstraints>false</useDomainConstraints>
<use>1</use>
<logicalDatatype>LOGDT007</logicalDatatype>
<ownDataTypeParameters>,,</ownDataTypeParameters>
<autoIncrementCycle>false</autoIncrementCycle>
</Column>
<Column name="Server_Processes" id="2A299614-C785-9A14-4941-D3EF86673B9B">
<createdBy>garre</createdBy>
<createdTime>2020-03-06 21:57:40 UTC</createdTime>
<generatorID>C02338B3-07DF-8F05-1B14-983E1DBAC8B0</generatorID>
<ownerDesignName>Physical2</ownerDesignName>
<nullsAllowed>true</nullsAllowed>
<useDomainConstraints>false</useDomainConstraints>
<use>1</use>
<logicalDatatype>LOGDT024</logicalDatatype>
<dataTypeSize>256</dataTypeSize>
<ownDataTypeParameters>256,,</ownDataTypeParameters>
<autoIncrementCycle>false</autoIncrementCycle>
</Column>
<Column name="HARDWARE_REQUEST_Request_ID" id="0A0A7362-132C-AD7C-CD76-28C22DEAD044">
<createdBy>garre</createdBy>
<createdTime>2020-03-06 21:57:40 UTC</createdTime>
<generatorID>8567E5A0-DC48-1547-A079-E8CB1BDCCB3B</generatorID>
<ownerDesignName>Physical2</ownerDesignName>
<useDomainConstraints>false</useDomainConstraints>
<use>1</use>
<logicalDatatype>LOGDT025</logicalDatatype>
<dataTypeSize>16</dataTypeSize>
<ownDataTypeParameters>,,</ownDataTypeParameters>
<previousColumn>false</previousColumn>
<autoIncrementCycle>false</autoIncrementCycle>
<associations>
<colAssociation fkAssociation="9664BA4D-E670-5773-BEB2-9321E9F4FB48" referredColumn="B346F5B3-080D-D35B-916C-1CC3D8E2DB81"/>
</associations>
</Column>
<Column name="HARDWARE_REQUEST_HARDWARE_VENDOR_Vendor_ID" id="4316720A-37DC-A2C5-8B46-EFC841E5588F">
<createdBy>garre</createdBy>
<createdTime>2020-03-06 21:57:40 UTC</createdTime>
<generatorID>0BE6C43E-5AB9-6DBF-E6D2-196186DA78F9</generatorID>
<ownerDesignName>Physical2</ownerDesignName>
<useDomainConstraints>false</useDomainConstraints>
<use>1</use>
<logicalDatatype>LOGDT025</logicalDatatype>
<dataTypeSize>16</dataTypeSize>
<ownDataTypeParameters>,,</ownDataTypeParameters>
<previousColumn>false</previousColumn>
<autoIncrementCycle>false</autoIncrementCycle>
<associations>
<colAssociation fkAssociation="9664BA4D-E670-5773-BEB2-9321E9F4FB48" referredColumn="6C7643D1-768E-940B-2098-BD5D5517F199"/>
</associations>
</Column>
</columns>
<indexes itemClass="oracle.dbtools.crest.model.design.relational.Index">
<ind_PK_UK id="14111341-0199-020D-ED39-C896C49F6A32" name="SERVER_PK">
<createdBy>garre</createdBy>
<createdTime>2020-03-06 21:57:40 UTC</createdTime>
<generatorID>9CD9CDC6-DB6A-A075-8E2D-7D71BE4C0572</generatorID>
<ownerDesignName>Physical2</ownerDesignName>
<pk>true</pk>
<indexState>Primary Constraint</indexState>
<isSurrogateKey>false</isSurrogateKey>
<indexColumnUsage>
<colUsage columnID="858F2A1F-9082-69FF-675C-9C6283F71E32"/>
</indexColumnUsage>
</ind_PK_UK>
<ind_PK_UK id="F74F625E-9BD3-23FB-C15D-806BA705A841" name="SERVER_HARDWARE_REQUEST_FK">
<createdBy>garre</createdBy>
<createdTime>2020-03-06 21:57:41 UTC</createdTime>
<generatorID>A11877C7-1F5B-663B-A6EE-AF32A12FB510</generatorID>
<ownerDesignName>Physical2</ownerDesignName>
<indexState>Foreign Key</indexState>
<isSurrogateKey>false</isSurrogateKey>
<indexColumnUsage>
<colUsage columnID="4316720A-37DC-A2C5-8B46-EFC841E5588F"/>
<colUsage columnID="0A0A7362-132C-AD7C-CD76-28C22DEAD044"/>
</indexColumnUsage>
</ind_PK_UK>
</indexes>
</Table>