<?xml version = '1.0' encoding = 'UTF-8'?>
<Table class="oracle.dbtools.crest.model.design.relational.Table" directorySegmentName="seg_0" id="AB991BC7-27A6-0446-70D4-FDEA34A0EFFB" name="VC_BRANCH">
<createdBy>garre</createdBy>
<createdTime>2020-03-06 21:57:40 UTC</createdTime>
<generatorID>9568CB79-D3E7-DA59-B051-C5DAB14260B1</generatorID>
<ownerDesignName>Physical2</ownerDesignName>
<allowColumnReorder>false</allowColumnReorder>
<existDependencyGenerateInDDl>true</existDependencyGenerateInDDl>
<parsed>true</parsed>
<columns itemClass="oracle.dbtools.crest.model.design.relational.Column">
<Column name="Branch_Name" id="F5EF05FC-16A2-EFA6-47F8-7162942048BE">
<createdBy>garre</createdBy>
<createdTime>2020-03-06 21:57:40 UTC</createdTime>
<generatorID>4E28FB33-AA6E-3C05-ADB5-7753050B7771</generatorID>
<ownerDesignName>Physical2</ownerDesignName>
<useDomainConstraints>false</useDomainConstraints>
<use>1</use>
<logicalDatatype>LOGDT024</logicalDatatype>
<dataTypeSize>256</dataTypeSize>
<ownDataTypeParameters>256,,</ownDataTypeParameters>
<autoIncrementCycle>false</autoIncrementCycle>
</Column>
<Column name="Branch_Description" id="9A730B5E-353D-B709-63DA-89E995CB2A95">
<createdBy>garre</createdBy>
<createdTime>2020-03-06 21:57:40 UTC</createdTime>
<generatorID>C8812801-7806-1225-F79A-EDFBAEDCFE4F</generatorID>
<ownerDesignName>Physical2</ownerDesignName>
<nullsAllowed>true</nullsAllowed>
<useDomainConstraints>false</useDomainConstraints>
<use>1</use>
<logicalDatatype>LogDes-1768A872-F385-FDBA-D95E-0CB63F5908E2@LOGDT10045</logicalDatatype>
<ownDataTypeParameters>,,</ownDataTypeParameters>
<autoIncrementCycle>false</autoIncrementCycle>
</Column>
<Column name="Branch_URL" id="C2A10646-43E8-E207-0C74-94AB49D1100E">
<createdBy>garre</createdBy>
<createdTime>2020-03-06 21:57:40 UTC</createdTime>
<generatorID>3CB40459-C406-949F-DCAA-9E57E88754DB</generatorID>
<ownerDesignName>Physical2</ownerDesignName>
<nullsAllowed>true</nullsAllowed>
<useDomainConstraints>false</useDomainConstraints>
<use>1</use>
<logicalDatatype>LOGDT024</logicalDatatype>
<dataTypeSize>256</dataTypeSize>
<ownDataTypeParameters>256,,</ownDataTypeParameters>
<autoIncrementCycle>false</autoIncrementCycle>
</Column>
<Column name="VC_PROJECT_Project_Name" id="7540F4D5-037D-E27B-3CCC-FE3CC56CA5B6">
<createdBy>garre</createdBy>
<createdTime>2020-03-06 21:57:40 UTC</createdTime>
<generatorID>8A18CD7A-22A3-29AE-D9E8-418250D105AD</generatorID>
<ownerDesignName>Physical2</ownerDesignName>
<useDomainConstraints>false</useDomainConstraints>
<use>1</use>
<logicalDatatype>LOGDT024</logicalDatatype>
<dataTypeSize>256</dataTypeSize>
<ownDataTypeParameters>,,</ownDataTypeParameters>
<previousColumn>false</previousColumn>
<autoIncrementCycle>false</autoIncrementCycle>
<associations>
<colAssociation fkAssociation="E504FC36-220E-C214-F77B-E43424A7E755" referredColumn="C88EDB68-5163-8D4B-9875-2C34182D6EAB"/>
</associations>
</Column>
</columns>
<indexes itemClass="oracle.dbtools.crest.model.design.relational.Index">
<ind_PK_UK id="6B12E97A-4B67-2039-7952-31D613A7E16B" name="VC_BRANCH_PK">
<createdBy>garre</createdBy>
<createdTime>2020-03-06 21:57:40 UTC</createdTime>
<generatorID>D83665E2-F03E-1E13-E90D-0B819EB8D5D2</generatorID>
<ownerDesignName>Physical2</ownerDesignName>
<pk>true</pk>
<indexState>Primary Constraint</indexState>
<isSurrogateKey>false</isSurrogateKey>
<indexColumnUsage>
<colUsage columnID="7540F4D5-037D-E27B-3CCC-FE3CC56CA5B6"/>
<colUsage columnID="F5EF05FC-16A2-EFA6-47F8-7162942048BE"/>
</indexColumnUsage>
</ind_PK_UK>
<ind_PK_UK id="5A95C61B-A01E-CAAE-1BA2-B2C2693E991C" name="VC_BRANCH_VC_PROJECT_FK">
<createdBy>garre</createdBy>
<createdTime>2020-03-06 21:57:41 UTC</createdTime>
<generatorID>DC482A1B-9D48-BA7B-0EEB-39D82069741C</generatorID>
<ownerDesignName>Physical2</ownerDesignName>
<indexState>Foreign Key</indexState>
<isSurrogateKey>false</isSurrogateKey>
<indexColumnUsage>
<colUsage columnID="7540F4D5-037D-E27B-3CCC-FE3CC56CA5B6"/>
</indexColumnUsage>
</ind_PK_UK>
</indexes>
</Table>