<?xml version = '1.0' encoding = 'UTF-8'?>
<Relation class="oracle.dbtools.crest.model.design.logical.Relation" name="Relation_13" directorySegmentName="seg_0" id="07A262AF-8FC2-898F-7BF3-645EF96DF607">
<createdBy>garre</createdBy>
<createdTime>2020-03-02 20:42:15 UTC</createdTime>
<ownerDesignName>Logical2</ownerDesignName>
<engineerTo>
<item key="8ACADD0A-F242-4501-4609-2A074EED4066" value="true"/>
</engineerTo>
<sourcePk>97F32D95-1622-17BA-8F27-F123167132ED</sourcePk>
<identifying>false</identifying>
<nameOnSource>compiles</nameOnSource>
<nameOnTarget>is compiled by</nameOnTarget>
<optionalSource>true</optionalSource>
<optionalTarget>false</optionalTarget>
<sourceCardinality>1</sourceCardinality>
<sourceEntity>93838CE4-E82E-477A-5041-3BB19701DF4F</sourceEntity>
<targetCardinalityString>*</targetCardinalityString>
<targetEntity>ED546189-28DD-BC7E-4536-82BB3ABEF419</targetEntity>
<transferable>true</transferable>
<deleteRule>NO ACTION</deleteRule>
</Relation>