<?xml version = '1.0' encoding = 'UTF-8'?>
<Relation class="oracle.dbtools.crest.model.design.logical.Relation" name="Relation_3" directorySegmentName="seg_0" id="4DFFA1AF-2B74-9CA1-83F4-A70853F1ACAB">
<createdBy>garre</createdBy>
<createdTime>2020-03-02 20:01:11 UTC</createdTime>
<ownerDesignName>Logical2</ownerDesignName>
<engineerTo>
<item key="8ACADD0A-F242-4501-4609-2A074EED4066" value="true"/>
</engineerTo>
<sourcePk>97F32D95-1622-17BA-8F27-F123167132ED</sourcePk>
<identifying>false</identifying>
<nameOnSource>creates</nameOnSource>
<nameOnTarget>is created by</nameOnTarget>
<optionalSource>true</optionalSource>
<optionalTarget>false</optionalTarget>
<sourceCardinality>1</sourceCardinality>
<sourceEntity>93838CE4-E82E-477A-5041-3BB19701DF4F</sourceEntity>
<targetCardinalityString>*</targetCardinalityString>
<targetEntity>CDD09DC0-3553-EBC7-54EC-E46E7D6C914A</targetEntity>
<transferable>true</transferable>
<deleteRule>NO ACTION</deleteRule>
</Relation>