<?xml version = '1.0' encoding = 'UTF-8'?>
<Relation class="oracle.dbtools.crest.model.design.logical.Relation" name="Relation_22" directorySegmentName="seg_0" id="4E698881-4C9F-AE43-BF01-CAB0C124D09D">
<createdBy>garre</createdBy>
<createdTime>2020-03-06 21:27:52 UTC</createdTime>
<ownerDesignName>Logical2</ownerDesignName>
<engineerTo>
<item key="8ACADD0A-F242-4501-4609-2A074EED4066" value="true"/>
</engineerTo>
<sourcePk>E374AF70-6F54-93F5-29E9-EA12AB18600B</sourcePk>
<identifying>false</identifying>
<nameOnSource>trains</nameOnSource>
<nameOnTarget>is trained on</nameOnTarget>
<optionalSource>true</optionalSource>
<optionalTarget>false</optionalTarget>
<sourceCardinality>1</sourceCardinality>
<sourceEntity>ED546189-28DD-BC7E-4536-82BB3ABEF419</sourceEntity>
<targetCardinalityString>*</targetCardinalityString>
<targetEntity>20FDC2F8-6DEC-5D85-094A-1C593E0C574E</targetEntity>
<transferable>true</transferable>
<deleteRule>NO ACTION</deleteRule>
</Relation>