<?xml version = '1.0' encoding = 'UTF-8'?>
<Relation class="oracle.dbtools.crest.model.design.logical.Relation" name="Relation_12" directorySegmentName="seg_0" id="5B87FDB4-3800-5D28-37CC-15B289662D31">
<createdBy>garre</createdBy>
<createdTime>2020-03-02 20:14:45 UTC</createdTime>
<ownerDesignName>Logical2</ownerDesignName>
<engineerTo>
<item key="8ACADD0A-F242-4501-4609-2A074EED4066" value="true"/>
</engineerTo>
<sourcePk>97F32D95-1622-17BA-8F27-F123167132ED</sourcePk>
<identifying>false</identifying>
<nameOnSource>submits</nameOnSource>
<nameOnTarget>is submitted by</nameOnTarget>
<optionalSource>true</optionalSource>
<optionalTarget>false</optionalTarget>
<sourceCardinality>1</sourceCardinality>
<sourceEntity>93838CE4-E82E-477A-5041-3BB19701DF4F</sourceEntity>
<targetCardinalityString>*</targetCardinalityString>
<targetEntity>10A3F7C2-A7F1-9B5E-839A-7474C9169954</targetEntity>
<transferable>true</transferable>
<deleteRule>NO ACTION</deleteRule>
</Relation>