<?xml version = '1.0' encoding = 'UTF-8'?>
<Relation class="oracle.dbtools.crest.model.design.logical.Relation" name="Relation_20" directorySegmentName="seg_0" id="75FE0BC7-0AC1-0E47-9AFF-DCE9785AB147">
<createdBy>lee3118</createdBy>
<createdTime>2020-03-06 02:40:56 UTC</createdTime>
<ownerDesignName>Logical2</ownerDesignName>
<engineerTo>
<item key="8ACADD0A-F242-4501-4609-2A074EED4066" value="true"/>
</engineerTo>
<sourcePk>D83665E2-F03E-1E13-E90D-0B819EB8D5D2</sourcePk>
<identifying>true</identifying>
<nameOnSource>contains</nameOnSource>
<nameOnTarget>is contained in</nameOnTarget>
<optionalSource>true</optionalSource>
<optionalTarget>false</optionalTarget>
<sourceCardinality>1</sourceCardinality>
<sourceEntity>9568CB79-D3E7-DA59-B051-C5DAB14260B1</sourceEntity>
<targetCardinalityString>*</targetCardinalityString>
<targetEntity>A703A852-63F0-1A69-0FFA-FB029592F971</targetEntity>
<transferable>true</transferable>
<deleteRule>NO ACTION</deleteRule>
</Relation>