<?xml version = '1.0' encoding = 'UTF-8'?>
<FKIndexAssociation class="oracle.dbtools.crest.model.design.relational.FKIndexAssociation" directorySegmentName="seg_0" id="2869DB39-50BA-D6C8-D751-70E4B3AE95D7" containerWithKeyObject="19B6B08C-D7BF-15FE-77E6-3C09CDAF080E" localFKIndex="7CE4A94A-A761-B9A8-F124-8945A94C09E5" name="CLAIM_NET_TRAINING_DATASET_FK">
<createdBy>garre</createdBy>
<createdTime>2020-03-06 21:57:41 UTC</createdTime>
<generatorID>4E698881-4C9F-AE43-BF01-CAB0C124D09D</generatorID>
<ownerDesignName>LogicalPhase1</ownerDesignName>
<referredTableLongName>TRAINING_DATASET</referredTableLongName>
<deleteRule>NO ACTION</deleteRule>
<referredTableID>1BB10EF4-BB4B-02CB-E597-7F9400F41026</referredTableID>
<keyObject>5C4B9DE7-2CD7-B9F4-F6F4-E8A4828ADBAE</keyObject>
<referredKeyID>5C4B9DE7-2CD7-B9F4-F6F4-E8A4828ADBAE</referredKeyID>
<mandatory>true</mandatory>
<refColNames>Dataset_ID</refColNames>
<transferable>true</transferable>
<rely>false</rely>
<columnDependencyConstraintGenerateInDDL>true</columnDependencyConstraintGenerateInDDL>
</FKIndexAssociation>