<?xml version = '1.0' encoding = 'UTF-8'?>
<FKIndexAssociation class="oracle.dbtools.crest.model.design.relational.FKIndexAssociation" directorySegmentName="seg_0" id="A4BAF7E2-9792-8CAF-1DFA-CD3AFCFAD97B" containerWithKeyObject="F58E00B1-9F67-9DBD-CB76-22020C62DDFB" localFKIndex="27819B64-23C1-E146-E006-D8166A73AFBC" name="INSURANCE_CLAIM_CLAIM_NET_FK">
<createdBy>garre</createdBy>
<createdTime>2020-03-06 21:57:41 UTC</createdTime>
<generatorID>EDCAC89C-95BF-B58B-8704-41378D5ACBA6</generatorID>
<ownerDesignName>LogicalPhase1</ownerDesignName>
<referredTableLongName>CLAIM_NET</referredTableLongName>
<deleteRule>NO ACTION</deleteRule>
<referredTableID>19B6B08C-D7BF-15FE-77E6-3C09CDAF080E</referredTableID>
<keyObject>40806FF9-C73D-A435-96AF-E6F0C551DB62</keyObject>
<referredKeyID>40806FF9-C73D-A435-96AF-E6F0C551DB62</referredKeyID>
<mandatory>true</mandatory>
<refColNames>Network_ID</refColNames>
<transferable>true</transferable>
<rely>false</rely>
<columnDependencyConstraintGenerateInDDL>true</columnDependencyConstraintGenerateInDDL>
</FKIndexAssociation>