<?xml version = '1.0' encoding = 'UTF-8'?>
<FKIndexAssociation class="oracle.dbtools.crest.model.design.relational.FKIndexAssociation" directorySegmentName="seg_0" id="BC80793E-4A73-E9FA-6C1B-DD96BCE92F6A" containerWithKeyObject="49224350-CC26-AB9D-6FCF-EA2C62E4E0DA" localFKIndex="54F74B6B-19E4-194C-D191-3B473B6AD3FC" name="SUPPORT_TICKET_VC_ISSUE_FK">
<createdBy>garre</createdBy>
<createdTime>2020-03-06 21:57:41 UTC</createdTime>
<generatorID>3E361071-F1B5-BEFC-8107-F265292AA204</generatorID>
<ownerDesignName>LogicalPhase1</ownerDesignName>
<referredTableLongName>VC_ISSUE</referredTableLongName>
<deleteRule>NO ACTION</deleteRule>
<referredTableID>0F0293C5-3A51-487F-C9FF-84AFFEDFA143</referredTableID>
<keyObject>8C88DB4F-2B3C-0CD4-0530-93C06246B0D1</keyObject>
<referredKeyID>8C88DB4F-2B3C-0CD4-0530-93C06246B0D1</referredKeyID>
<mandatory>true</mandatory>
<refColNames>VC_BRANCH_VC_PROJECT_Project_Name,VC_BRANCH_Branch_Name,Issue_ID</refColNames>
<transferable>true</transferable>
<rely>false</rely>
<columnDependencyConstraintGenerateInDDL>true</columnDependencyConstraintGenerateInDDL>
</FKIndexAssociation>