<?xml version = '1.0' encoding = 'UTF-8'?>
<FKIndexAssociation class="oracle.dbtools.crest.model.design.relational.FKIndexAssociation" directorySegmentName="seg_0" id="CF09ADA1-2D9A-0FB1-1384-948BCDB2BD85" containerWithKeyObject="1BB10EF4-BB4B-02CB-E597-7F9400F41026" localFKIndex="0AA82372-BBF2-6B42-B885-26DE8C2F2E7C" name="TRAINING_DATASET_EMPLOYEE_FK">
<createdBy>garre</createdBy>
<createdTime>2020-03-06 21:57:41 UTC</createdTime>
<generatorID>07A262AF-8FC2-898F-7BF3-645EF96DF607</generatorID>
<ownerDesignName>LogicalPhase1</ownerDesignName>
<referredTableLongName>EMPLOYEE</referredTableLongName>
<deleteRule>NO ACTION</deleteRule>
<referredTableID>AB4BC86A-74B3-A92F-531F-73A76C1C8084</referredTableID>
<keyObject>31DCDA97-00CD-6444-7E96-0F6B81F59F0E</keyObject>
<referredKeyID>31DCDA97-00CD-6444-7E96-0F6B81F59F0E</referredKeyID>
<mandatory>true</mandatory>
<refColNames>Employee_ID</refColNames>
<transferable>true</transferable>
<rely>false</rely>
<columnDependencyConstraintGenerateInDDL>true</columnDependencyConstraintGenerateInDDL>
</FKIndexAssociation>