<?xml version = '1.0' encoding = 'UTF-8'?>
<FKIndexAssociation class="oracle.dbtools.crest.model.design.relational.FKIndexAssociation" directorySegmentName="seg_0" id="EC58704D-29DA-34FF-3C18-127644102477" containerWithKeyObject="2C75D9AE-616C-5E76-AAA6-B120A9DF5E35" localFKIndex="E4C6A322-004E-2C30-F7AC-90312047E940" name="HARDWARE_REQUEST_HARDWARE_VENDOR_FK">
<createdBy>garre</createdBy>
<createdTime>2020-03-06 21:57:41 UTC</createdTime>
<generatorID>C3D507CA-5864-925A-C633-78A29660D17A</generatorID>
<ownerDesignName>LogicalPhase1</ownerDesignName>
<referredTableLongName>HARDWARE_VENDOR</referredTableLongName>
<deleteRule>NO ACTION</deleteRule>
<referredTableID>B1404C2F-D7D8-B1F4-A48E-8A5FF90108C0</referredTableID>
<keyObject>CE8F12C9-2A70-82E7-C5A9-6F9CDA4078FF</keyObject>
<referredKeyID>CE8F12C9-2A70-82E7-C5A9-6F9CDA4078FF</referredKeyID>
<mandatory>true</mandatory>
<refColNames>Vendor_ID</refColNames>
<transferable>true</transferable>
<rely>false</rely>
<columnDependencyConstraintGenerateInDDL>true</columnDependencyConstraintGenerateInDDL>
</FKIndexAssociation>