<?xml version = '1.0' encoding = 'UTF-8'?>
<Diagram class="oracle.dbtools.crest.swingui.relational.DPVRelational" name="Relational_1" id="BC28686C-4653-CC5A-F7B5-A3AD84890DF9">
<createdBy>user</createdBy>
<modifiedBy>user</modifiedBy>
<createdTime>2020-02-17 04:50:18 UTC</createdTime>
<autoRoute>false</autoRoute>
<boxInbox>true</boxInbox>
<showLegend>false</showLegend>
<showLabels>false</showLabels>
<showRelAttributes>false</showRelAttributes>
<gridEnabled>false</gridEnabled>
<showGrid>false</showGrid>
<diagramColor>-1</diagramColor>
<display>false</display>
<notation>1</notation>
<objectViews>
<OView class="oracle.dbtools.crest.swingui.relational.TVTable" oid="1E855349-5AB8-E5D3-B5FF-1A98BC1C5C8D" otype="Table" vid="DA9AD0D2-36F8-5565-677F-61989A33B26F">
<hideElementsInCurrentOnly>false</hideElementsInCurrentOnly>
<bounds x="140" y="230" width="170" height="110"/>
</OView>
<OView class="oracle.dbtools.crest.swingui.relational.TVTable" oid="36516CD1-2F7E-68A4-4D69-8FD81F109BBE" otype="Table" vid="C1F241AB-99E1-B230-F4E6-B613A3D15849">
<hideElementsInCurrentOnly>false</hideElementsInCurrentOnly>
<bounds x="77" y="96" width="284" height="215"/>
</OView>
<OView class="oracle.dbtools.crest.swingui.relational.TVTable" oid="52BCBFF7-C78C-6B82-A8BE-8782558FF9CB" otype="Table" vid="7DD7FF40-5E2C-0C3E-C30F-B5B6B93DC30A">
<hideElementsInCurrentOnly>false</hideElementsInCurrentOnly>
<bounds x="961" y="106" width="279" height="238"/>
</OView>
<OView class="oracle.dbtools.crest.swingui.relational.TVTable" oid="819B94F2-4A46-0881-950F-EEF9A424C09C" otype="Table" vid="867D568F-E9B2-C9ED-A49A-CBDF08FDA29C">
<hideElementsInCurrentOnly>false</hideElementsInCurrentOnly>
<bounds x="1431" y="506" width="283" height="166"/>
</OView>
<OView class="oracle.dbtools.crest.swingui.relational.TVTable" oid="A276633E-150B-316F-2445-8B48CAADDB1D" otype="Table" vid="93E688B3-F382-DE67-3CEF-18CB15D5B207">
<hideElementsInCurrentOnly>false</hideElementsInCurrentOnly>
<bounds x="501" y="98" width="247" height="200"/>
</OView>
<OView class="oracle.dbtools.crest.swingui.relational.TVTable" oid="C6AE58F8-161C-0FEC-0D86-BE96E84E949C" otype="Table" vid="DD0934EF-F90E-9945-6F84-2D82D4E1399D">
<hideElementsInCurrentOnly>false</hideElementsInCurrentOnly>
<bounds x="91" y="422" width="282" height="220"/>
</OView>
<OView class="oracle.dbtools.crest.swingui.relational.TVTable" oid="FC7BBD17-D30D-82E3-EA48-2DFFAEE4AADF" otype="Table" vid="00940C14-0354-5801-088C-43378223E2F6">
<hideElementsInCurrentOnly>false</hideElementsInCurrentOnly>
<bounds x="954" y="488" width="298" height="223"/>
</OView>
</objectViews>
<connectors>
<Connector class="oracle.dbtools.crest.swingui.relational.TVFKRelation" oid="00032715-54B3-ADB3-1434-CA8A8361E693" otype="FKIndexAssociation" vid_source="867D568F-E9B2-C9ED-A49A-CBDF08FDA29C" vid_target="00940C14-0354-5801-088C-43378223E2F6">
<hideElementsInCurrentOnly>false</hideElementsInCurrentOnly>
<backgroundColor>-16777216</backgroundColor>
<lineWidth>1</lineWidth>
<points>
<point x="1431" y="574"/>
<point x="1252" y="574"/>
</points>
</Connector>
<Connector class="oracle.dbtools.crest.swingui.relational.TVFKRelation" oid="2846DE32-6849-BC29-F811-C38C395AE009" otype="FKIndexAssociation" vid_source="7DD7FF40-5E2C-0C3E-C30F-B5B6B93DC30A" vid_target="00940C14-0354-5801-088C-43378223E2F6">
<hideElementsInCurrentOnly>false</hideElementsInCurrentOnly>
<backgroundColor>-16777216</backgroundColor>
<lineWidth>1</lineWidth>
<points>
<point x="1130" y="344"/>
<point x="1130" y="488"/>
</points>
</Connector>
<Connector class="oracle.dbtools.crest.swingui.relational.TVFKRelation" oid="46E28359-B655-B7E7-23A5-A12485652FF6" otype="FKIndexAssociation" vid_source="7DD7FF40-5E2C-0C3E-C30F-B5B6B93DC30A" vid_target="DA9AD0D2-36F8-5565-677F-61989A33B26F">
<hideElementsInCurrentOnly>false</hideElementsInCurrentOnly>
<backgroundColor>-16777216</backgroundColor>
<lineWidth>1</lineWidth>
<points>
<point x="961" y="285"/>
<point x="310" y="285"/>
</points>
</Connector>
<Connector class="oracle.dbtools.crest.swingui.relational.TVFKRelation" oid="5C91995E-4456-0C90-E292-452052BE1A4F" otype="FKIndexAssociation" vid_source="93E688B3-F382-DE67-3CEF-18CB15D5B207" vid_target="C1F241AB-99E1-B230-F4E6-B613A3D15849">
<hideElementsInCurrentOnly>false</hideElementsInCurrentOnly>
<backgroundColor>-16777216</backgroundColor>
<lineWidth>1</lineWidth>
<points>
<point x="501" y="198"/>
<point x="361" y="198"/>
</points>
</Connector>
<Connector class="oracle.dbtools.crest.swingui.relational.TVFKRelation" oid="A4715662-E348-7D89-A762-E6B1E6FF902B" otype="FKIndexAssociation" vid_source="93E688B3-F382-DE67-3CEF-18CB15D5B207" vid_target="DA9AD0D2-36F8-5565-677F-61989A33B26F">
<hideElementsInCurrentOnly>false</hideElementsInCurrentOnly>
<backgroundColor>-16777216</backgroundColor>
<lineWidth>1</lineWidth>
<points>
<point x="501" y="264"/>
<point x="310" y="264"/>
</points>
</Connector>
</connectors>
</Diagram>