<?xml version = '1.0' encoding = 'UTF-8'?>
<Entity class="oracle.dbtools.crest.model.design.logical.Entity" directorySegmentName="seg_0" id="006E1B37-D290-A26C-96DC-11FA72257E94" name="EMPLOYEE">
<createdBy>lee3118</createdBy>
<createdTime>2020-02-03 04:28:51 UTC</createdTime>
<ownerDesignName>Lab1</ownerDesignName>
<engineerTo>
<item key="1FA4CBD7-FEEB-901E-62D2-AB40AAD793A2" value="true"/>
</engineerTo>
<adequatelyNormalized>NO</adequatelyNormalized>
<expectedVolumes>0</expectedVolumes>
<fwdEngineeringStrategyName>Single Table</fwdEngineeringStrategyName>
<growthPercent>0</growthPercent>
<growthType>Year</growthType>
<maxVolumes>9999999</maxVolumes>
<minVolumes>0</minVolumes>
<normalForm>Third</normalForm>
<attributes itemClass="oracle.dbtools.crest.model.design.logical.Attribute">
<Attribute name="EmployeeID" id="955582D9-6AD5-9316-CB70-E1FE35E1F101">
<createdBy>lee3118</createdBy>
<createdTime>2020-02-03 04:28:58 UTC</createdTime>
<ownerDesignName>Lab1</ownerDesignName>
<engineerTo>
<item key="1FA4CBD7-FEEB-901E-62D2-AB40AAD793A2" value="true"/>
</engineerTo>
<use>0</use>
<ownDataTypeParameters>,,</ownDataTypeParameters>
</Attribute>
<Attribute name="FirstName" id="85220AE5-1826-C6F9-34BE-3E9C032C6BE6">
<createdBy>lee3118</createdBy>
<createdTime>2020-02-03 04:29:04 UTC</createdTime>
<ownerDesignName>Lab1</ownerDesignName>
<engineerTo>
<item key="1FA4CBD7-FEEB-901E-62D2-AB40AAD793A2" value="true"/>
</engineerTo>
<nullsAllowed>true</nullsAllowed>
<use>0</use>
<ownDataTypeParameters>,,</ownDataTypeParameters>
</Attribute>
<Attribute name="LastName" id="36593961-1775-C222-E249-8E4DD6D73CF1">
<createdBy>lee3118</createdBy>
<createdTime>2020-02-03 04:29:08 UTC</createdTime>
<ownerDesignName>Lab1</ownerDesignName>
<engineerTo>
<item key="1FA4CBD7-FEEB-901E-62D2-AB40AAD793A2" value="true"/>
</engineerTo>
<nullsAllowed>true</nullsAllowed>
<use>0</use>
<ownDataTypeParameters>,,</ownDataTypeParameters>
</Attribute>
<Attribute name="JobTitle" id="F36E82B8-1A18-08E1-CBBA-61C32B9C55F6">
<createdBy>lee3118</createdBy>
<createdTime>2020-02-03 04:29:10 UTC</createdTime>
<ownerDesignName>Lab1</ownerDesignName>
<engineerTo>
<item key="1FA4CBD7-FEEB-901E-62D2-AB40AAD793A2" value="true"/>
</engineerTo>
<nullsAllowed>true</nullsAllowed>
<use>0</use>
<ownDataTypeParameters>,,</ownDataTypeParameters>
</Attribute>
<Attribute name="HomePhone" id="27C65F68-2582-3C0E-7562-82E4F4199AB2">
<createdBy>lee3118</createdBy>
<createdTime>2020-02-03 04:29:16 UTC</createdTime>
<ownerDesignName>Lab1</ownerDesignName>
<engineerTo>
<item key="1FA4CBD7-FEEB-901E-62D2-AB40AAD793A2" value="true"/>
</engineerTo>
<nullsAllowed>true</nullsAllowed>
<use>0</use>
<ownDataTypeParameters>,,</ownDataTypeParameters>
</Attribute>
<Attribute name="MobilePhone" id="77592D1C-5DD1-3078-9137-B972BBCF7CD7">
<createdBy>lee3118</createdBy>
<createdTime>2020-02-03 04:29:19 UTC</createdTime>
<ownerDesignName>Lab1</ownerDesignName>
<engineerTo>
<item key="1FA4CBD7-FEEB-901E-62D2-AB40AAD793A2" value="true"/>
</engineerTo>
<nullsAllowed>true</nullsAllowed>
<use>0</use>
<ownDataTypeParameters>,,</ownDataTypeParameters>
</Attribute>
<Attribute name="Address" id="05638CE1-1D49-DB35-5098-67467D2E9A53">
<createdBy>lee3118</createdBy>
<createdTime>2020-02-03 04:29:25 UTC</createdTime>
<ownerDesignName>Lab1</ownerDesignName>
<engineerTo>
<item key="1FA4CBD7-FEEB-901E-62D2-AB40AAD793A2" value="true"/>
</engineerTo>
<nullsAllowed>true</nullsAllowed>
<use>0</use>
<ownDataTypeParameters>,,</ownDataTypeParameters>
</Attribute>
<Attribute name="City" id="8D2C05D9-859A-2DE2-755E-D331C6A0B465">
<createdBy>lee3118</createdBy>
<createdTime>2020-02-03 04:29:27 UTC</createdTime>
<ownerDesignName>Lab1</ownerDesignName>
<engineerTo>
<item key="1FA4CBD7-FEEB-901E-62D2-AB40AAD793A2" value="true"/>
</engineerTo>
<nullsAllowed>true</nullsAllowed>
<use>0</use>
<ownDataTypeParameters>,,</ownDataTypeParameters>
</Attribute>
<Attribute name="State/Province" id="99EDCA6C-650D-8650-9F24-BE3AF47FE262">
<createdBy>lee3118</createdBy>
<createdTime>2020-02-03 04:29:31 UTC</createdTime>
<ownerDesignName>Lab1</ownerDesignName>
<engineerTo>
<item key="1FA4CBD7-FEEB-901E-62D2-AB40AAD793A2" value="true"/>
</engineerTo>
<nullsAllowed>true</nullsAllowed>
<use>0</use>
<ownDataTypeParameters>,,</ownDataTypeParameters>
</Attribute>
<Attribute name="ZIP/PostalCode" id="FF3CAC49-CDD1-F553-3026-2AD9B642D34F">
<createdBy>lee3118</createdBy>
<createdTime>2020-02-03 04:29:37 UTC</createdTime>
<ownerDesignName>Lab1</ownerDesignName>
<engineerTo>
<item key="1FA4CBD7-FEEB-901E-62D2-AB40AAD793A2" value="true"/>
</engineerTo>
<nullsAllowed>true</nullsAllowed>
<use>0</use>
<ownDataTypeParameters>,,</ownDataTypeParameters>
</Attribute>
<Attribute name="Country/Region" id="20D5F7A5-819F-33EC-C5A3-824C447611FD">
<createdBy>lee3118</createdBy>
<createdTime>2020-02-03 04:29:42 UTC</createdTime>
<ownerDesignName>Lab1</ownerDesignName>
<engineerTo>
<item key="1FA4CBD7-FEEB-901E-62D2-AB40AAD793A2" value="true"/>
</engineerTo>
<nullsAllowed>true</nullsAllowed>
<use>0</use>
<ownDataTypeParameters>,,</ownDataTypeParameters>
</Attribute>
<Attribute name="HireDate" id="2A555ED1-77EA-282A-6284-94018C19E852">
<createdBy>lee3118</createdBy>
<createdTime>2020-02-03 04:29:52 UTC</createdTime>
<ownerDesignName>Lab1</ownerDesignName>
<engineerTo>
<item key="1FA4CBD7-FEEB-901E-62D2-AB40AAD793A2" value="true"/>
</engineerTo>
<nullsAllowed>true</nullsAllowed>
<use>0</use>
<ownDataTypeParameters>,,</ownDataTypeParameters>
</Attribute>
<Attribute name="CompanyID" id="D055E6A1-90F4-1E62-9F24-ABB385467958">
<createdBy>lee3118</createdBy>
<createdTime>2020-02-03 04:42:19 UTC</createdTime>
<generatorID>994599B7-8664-1AA7-2A27-C532B59BFF81</generatorID>
<ownerDesignName>Lab1</ownerDesignName>
<engineerTo>
<item key="1FA4CBD7-FEEB-901E-62D2-AB40AAD793A2" value="true"/>
</engineerTo>
<referedAttribute>44B1F1E3-9105-9109-9B06-0C163CFC5CE4</referedAttribute>
<use>0</use>
<ownDataTypeParameters>,,</ownDataTypeParameters>
</Attribute>
</attributes>
<identifiers itemClass="oracle.dbtools.crest.model.design.logical.CandidateKey">
<identifier id="7BED9B95-0571-6844-4D69-A6A52668D206" name="EMPLOYEE PK">
<createdBy>lee3118</createdBy>
<createdTime>2020-02-03 04:36:18 UTC</createdTime>
<ownerDesignName>Lab1</ownerDesignName>
<engineerTo>
<item key="1FA4CBD7-FEEB-901E-62D2-AB40AAD793A2" value="true"/>
</engineerTo>
<pk>true</pk>
<usedAttributes>
<attributeRef>955582D9-6AD5-9316-CB70-E1FE35E1F101</attributeRef>
</usedAttributes>
</identifier>
</identifiers>
</Entity>