<?xml version = '1.0' encoding = 'UTF-8'?>
<Entity class="oracle.dbtools.crest.model.design.logical.Entity" directorySegmentName="seg_0" id="3646184F-AFE3-F43E-123D-541FA0C9AD62" name="INVOICE DETAILS">
<createdBy>lee3118</createdBy>
<createdTime>2020-02-03 04:31:52 UTC</createdTime>
<ownerDesignName>Lab1</ownerDesignName>
<engineerTo>
<item key="1FA4CBD7-FEEB-901E-62D2-AB40AAD793A2" value="true"/>
</engineerTo>
<adequatelyNormalized>NO</adequatelyNormalized>
<expectedVolumes>0</expectedVolumes>
<fwdEngineeringStrategyName>Single Table</fwdEngineeringStrategyName>
<growthPercent>0</growthPercent>
<growthType>Year</growthType>
<maxVolumes>9999999</maxVolumes>
<minVolumes>0</minVolumes>
<normalForm>Third</normalForm>
<attributes itemClass="oracle.dbtools.crest.model.design.logical.Attribute">
<Attribute name="InvoiceNumber" id="9BC5149E-B852-B0BD-7C05-9DB9832420FC">
<createdBy>lee3118</createdBy>
<createdTime>2020-02-03 04:32:07 UTC</createdTime>
<ownerDesignName>Lab1</ownerDesignName>
<engineerTo>
<item key="1FA4CBD7-FEEB-901E-62D2-AB40AAD793A2" value="true"/>
</engineerTo>
<use>0</use>
<ownDataTypeParameters>,,</ownDataTypeParameters>
</Attribute>
<Attribute name="PartNumber" id="59031901-32B2-ADB7-6465-3740D3B1C850">
<createdBy>lee3118</createdBy>
<createdTime>2020-02-03 04:32:14 UTC</createdTime>
<ownerDesignName>Lab1</ownerDesignName>
<engineerTo>
<item key="1FA4CBD7-FEEB-901E-62D2-AB40AAD793A2" value="true"/>
</engineerTo>
<use>0</use>
<ownDataTypeParameters>,,</ownDataTypeParameters>
</Attribute>
<Attribute name="Quantity" id="A5CCA7ED-4486-4F0F-A862-BF4E751667BB">
<createdBy>lee3118</createdBy>
<createdTime>2020-02-03 04:32:18 UTC</createdTime>
<ownerDesignName>Lab1</ownerDesignName>
<engineerTo>
<item key="1FA4CBD7-FEEB-901E-62D2-AB40AAD793A2" value="true"/>
</engineerTo>
<nullsAllowed>true</nullsAllowed>
<use>0</use>
<ownDataTypeParameters>,,</ownDataTypeParameters>
</Attribute>
<Attribute name="SellPrice" id="1B2FD6EA-CF9E-5634-E0CD-EC137480DA1F">
<createdBy>lee3118</createdBy>
<createdTime>2020-02-03 04:32:23 UTC</createdTime>
<ownerDesignName>Lab1</ownerDesignName>
<engineerTo>
<item key="1FA4CBD7-FEEB-901E-62D2-AB40AAD793A2" value="true"/>
</engineerTo>
<nullsAllowed>true</nullsAllowed>
<use>0</use>
<ownDataTypeParameters>,,</ownDataTypeParameters>
</Attribute>
<Attribute name="Discount" id="DA1C78C9-BC74-7126-7FED-5E8B0403B66A">
<createdBy>lee3118</createdBy>
<createdTime>2020-02-03 04:32:46 UTC</createdTime>
<ownerDesignName>Lab1</ownerDesignName>
<engineerTo>
<item key="1FA4CBD7-FEEB-901E-62D2-AB40AAD793A2" value="true"/>
</engineerTo>
<nullsAllowed>true</nullsAllowed>
<use>0</use>
<ownDataTypeParameters>,,</ownDataTypeParameters>
</Attribute>
<Attribute name="InvoiceNumber1" id="76749254-E641-55C1-B721-2AD309BD8EC6">
<createdBy>lee3118</createdBy>
<createdTime>2020-02-03 04:38:02 UTC</createdTime>
<generatorID>19602B88-2ECF-1F08-73B5-C1ABE6D32293</generatorID>
<ownerDesignName>Lab1</ownerDesignName>
<engineerTo>
<item key="1FA4CBD7-FEEB-901E-62D2-AB40AAD793A2" value="true"/>
</engineerTo>
<referedAttribute>7EAEE24F-1AB5-91E6-6ACF-EAAC91F58F33</referedAttribute>
<use>0</use>
<ownDataTypeParameters>,,</ownDataTypeParameters>
</Attribute>
</attributes>
<identifiers itemClass="oracle.dbtools.crest.model.design.logical.CandidateKey">
<identifier id="7CD78C75-E9F9-BB85-FD65-9386CBFE3BE0" name="INVOICE DETAILS PK">
<createdBy>lee3118</createdBy>
<createdTime>2020-02-03 04:36:55 UTC</createdTime>
<ownerDesignName>Lab1</ownerDesignName>
<engineerTo>
<item key="1FA4CBD7-FEEB-901E-62D2-AB40AAD793A2" value="true"/>
</engineerTo>
<pk>true</pk>
<usedAttributes>
<attributeRef>9BC5149E-B852-B0BD-7C05-9DB9832420FC</attributeRef>
<attributeRef>76749254-E641-55C1-B721-2AD309BD8EC6</attributeRef>
<attributeRef>59031901-32B2-ADB7-6465-3740D3B1C850</attributeRef>
</usedAttributes>
</identifier>
</identifiers>
</Entity>