<?xml version = '1.0' encoding = 'UTF-8'?>
<Entity class="oracle.dbtools.crest.model.design.logical.Entity" directorySegmentName="seg_0" id="8F489F9E-A000-712C-EC0D-FA6EB3F18714" name="INVOICE">
<createdBy>lee3118</createdBy>
<createdTime>2020-02-03 04:29:58 UTC</createdTime>
<ownerDesignName>Lab1</ownerDesignName>
<engineerTo>
<item key="1FA4CBD7-FEEB-901E-62D2-AB40AAD793A2" value="true"/>
</engineerTo>
<adequatelyNormalized>NO</adequatelyNormalized>
<expectedVolumes>0</expectedVolumes>
<fwdEngineeringStrategyName>Single Table</fwdEngineeringStrategyName>
<growthPercent>0</growthPercent>
<growthType>Year</growthType>
<maxVolumes>9999999</maxVolumes>
<minVolumes>0</minVolumes>
<normalForm>Third</normalForm>
<attributes itemClass="oracle.dbtools.crest.model.design.logical.Attribute">
<Attribute name="InvoiceNumber" id="7EAEE24F-1AB5-91E6-6ACF-EAAC91F58F33">
<createdBy>lee3118</createdBy>
<createdTime>2020-02-03 04:30:08 UTC</createdTime>
<ownerDesignName>Lab1</ownerDesignName>
<engineerTo>
<item key="1FA4CBD7-FEEB-901E-62D2-AB40AAD793A2" value="true"/>
</engineerTo>
<use>0</use>
<ownDataTypeParameters>,,</ownDataTypeParameters>
</Attribute>
<Attribute name="InvoiceDate" id="48A47881-8D8A-0F57-6189-018065C38CBF">
<createdBy>lee3118</createdBy>
<createdTime>2020-02-03 04:30:20 UTC</createdTime>
<ownerDesignName>Lab1</ownerDesignName>
<engineerTo>
<item key="1FA4CBD7-FEEB-901E-62D2-AB40AAD793A2" value="true"/>
</engineerTo>
<nullsAllowed>true</nullsAllowed>
<use>0</use>
<ownDataTypeParameters>,,</ownDataTypeParameters>
</Attribute>
<Attribute name="VehicleID" id="0B2A47A1-9DC8-4571-7BE2-120380DDED79">
<createdBy>lee3118</createdBy>
<createdTime>2020-02-03 04:30:24 UTC</createdTime>
<ownerDesignName>Lab1</ownerDesignName>
<engineerTo>
<item key="1FA4CBD7-FEEB-901E-62D2-AB40AAD793A2" value="true"/>
</engineerTo>
<nullsAllowed>true</nullsAllowed>
<use>0</use>
<ownDataTypeParameters>,,</ownDataTypeParameters>
</Attribute>
<Attribute name="Employee" id="DF157081-6F35-7A07-EE0A-21162509DD5E">
<createdBy>lee3118</createdBy>
<createdTime>2020-02-03 04:30:35 UTC</createdTime>
<ownerDesignName>Lab1</ownerDesignName>
<engineerTo>
<item key="1FA4CBD7-FEEB-901E-62D2-AB40AAD793A2" value="true"/>
</engineerTo>
<nullsAllowed>true</nullsAllowed>
<use>0</use>
<ownDataTypeParameters>,,</ownDataTypeParameters>
</Attribute>
<Attribute name="Comments" id="449D2DC3-727B-3711-FF1A-44A8E5C6C69D">
<createdBy>lee3118</createdBy>
<createdTime>2020-02-03 04:30:38 UTC</createdTime>
<ownerDesignName>Lab1</ownerDesignName>
<engineerTo>
<item key="1FA4CBD7-FEEB-901E-62D2-AB40AAD793A2" value="true"/>
</engineerTo>
<nullsAllowed>true</nullsAllowed>
<use>0</use>
<ownDataTypeParameters>,,</ownDataTypeParameters>
</Attribute>
<Attribute name="EmployeeID" id="1E823919-D2D1-D7F6-04EB-C9AF2253FD02">
<createdBy>lee3118</createdBy>
<createdTime>2020-02-03 04:42:35 UTC</createdTime>
<generatorID>C2D33894-4D8C-C374-82FD-EACC87F338B7</generatorID>
<ownerDesignName>Lab1</ownerDesignName>
<engineerTo>
<item key="1FA4CBD7-FEEB-901E-62D2-AB40AAD793A2" value="true"/>
</engineerTo>
<referedAttribute>955582D9-6AD5-9316-CB70-E1FE35E1F101</referedAttribute>
<use>0</use>
<ownDataTypeParameters>,,</ownDataTypeParameters>
</Attribute>
</attributes>
<identifiers itemClass="oracle.dbtools.crest.model.design.logical.CandidateKey">
<identifier id="A7989FBF-C2E4-D909-6DAD-836F5B0956B8" name="INVOICE PK">
<createdBy>lee3118</createdBy>
<createdTime>2020-02-03 04:37:02 UTC</createdTime>
<ownerDesignName>Lab1</ownerDesignName>
<engineerTo>
<item key="1FA4CBD7-FEEB-901E-62D2-AB40AAD793A2" value="true"/>
</engineerTo>
<pk>true</pk>
<usedAttributes>
<attributeRef>7EAEE24F-1AB5-91E6-6ACF-EAAC91F58F33</attributeRef>
</usedAttributes>
</identifier>
</identifiers>
</Entity>