<?xml version = '1.0' encoding = 'UTF-8'?>
<Entity class="oracle.dbtools.crest.model.design.logical.Entity" directorySegmentName="seg_0" id="A1C3E67B-232B-CE06-6583-A397BC9E5EC4" name="VEHICLES">
<createdBy>lee3118</createdBy>
<createdTime>2020-02-03 04:28:01 UTC</createdTime>
<ownerDesignName>Lab1</ownerDesignName>
<engineerTo>
<item key="1FA4CBD7-FEEB-901E-62D2-AB40AAD793A2" value="true"/>
</engineerTo>
<adequatelyNormalized>NO</adequatelyNormalized>
<expectedVolumes>0</expectedVolumes>
<fwdEngineeringStrategyName>Single Table</fwdEngineeringStrategyName>
<growthPercent>0</growthPercent>
<growthType>Year</growthType>
<maxVolumes>9999999</maxVolumes>
<minVolumes>0</minVolumes>
<normalForm>Third</normalForm>
<attributes itemClass="oracle.dbtools.crest.model.design.logical.Attribute">
<Attribute name="VehicleID" id="D5025662-BFFB-4224-9B6B-5846C69679AD">
<createdBy>lee3118</createdBy>
<createdTime>2020-02-03 04:28:09 UTC</createdTime>
<ownerDesignName>Lab1</ownerDesignName>
<engineerTo>
<item key="1FA4CBD7-FEEB-901E-62D2-AB40AAD793A2" value="true"/>
</engineerTo>
<use>0</use>
<ownDataTypeParameters>,,</ownDataTypeParameters>
</Attribute>
<Attribute name="VIN" id="06E33938-8485-CFF5-0E51-6AF048B560C9">
<createdBy>lee3118</createdBy>
<createdTime>2020-02-03 04:28:16 UTC</createdTime>
<ownerDesignName>Lab1</ownerDesignName>
<engineerTo>
<item key="1FA4CBD7-FEEB-901E-62D2-AB40AAD793A2" value="true"/>
</engineerTo>
<nullsAllowed>true</nullsAllowed>
<use>0</use>
<ownDataTypeParameters>,,</ownDataTypeParameters>
</Attribute>
<Attribute name="Owner" id="18E449BB-7C42-5DB1-BDE4-EC82FC9F121E">
<createdBy>lee3118</createdBy>
<createdTime>2020-02-03 04:28:28 UTC</createdTime>
<ownerDesignName>Lab1</ownerDesignName>
<engineerTo>
<item key="1FA4CBD7-FEEB-901E-62D2-AB40AAD793A2" value="true"/>
</engineerTo>
<nullsAllowed>true</nullsAllowed>
<use>0</use>
<ownDataTypeParameters>,,</ownDataTypeParameters>
</Attribute>
<Attribute name="Make" id="A7DAA5D5-8E92-7799-9008-370F0FFF2B78">
<createdBy>lee3118</createdBy>
<createdTime>2020-02-03 04:28:32 UTC</createdTime>
<ownerDesignName>Lab1</ownerDesignName>
<engineerTo>
<item key="1FA4CBD7-FEEB-901E-62D2-AB40AAD793A2" value="true"/>
</engineerTo>
<nullsAllowed>true</nullsAllowed>
<use>0</use>
<ownDataTypeParameters>,,</ownDataTypeParameters>
</Attribute>
<Attribute name="Model" id="7F3EB7DC-A156-E11A-8B1A-DFBB68324D84">
<createdBy>lee3118</createdBy>
<createdTime>2020-02-03 04:28:34 UTC</createdTime>
<ownerDesignName>Lab1</ownerDesignName>
<engineerTo>
<item key="1FA4CBD7-FEEB-901E-62D2-AB40AAD793A2" value="true"/>
</engineerTo>
<nullsAllowed>true</nullsAllowed>
<use>0</use>
<ownDataTypeParameters>,,</ownDataTypeParameters>
</Attribute>
<Attribute name="ModelYear" id="CDC31C44-0084-8B5C-4D41-EC1080C7D07A">
<createdBy>lee3118</createdBy>
<createdTime>2020-02-03 04:28:36 UTC</createdTime>
<ownerDesignName>Lab1</ownerDesignName>
<engineerTo>
<item key="1FA4CBD7-FEEB-901E-62D2-AB40AAD793A2" value="true"/>
</engineerTo>
<nullsAllowed>true</nullsAllowed>
<use>0</use>
<ownDataTypeParameters>,,</ownDataTypeParameters>
</Attribute>
<Attribute name="ModelType" id="1D0F8D94-C606-48E6-50D6-DDA3EBCEEDC3">
<createdBy>lee3118</createdBy>
<createdTime>2020-02-03 04:28:39 UTC</createdTime>
<ownerDesignName>Lab1</ownerDesignName>
<engineerTo>
<item key="1FA4CBD7-FEEB-901E-62D2-AB40AAD793A2" value="true"/>
</engineerTo>
<nullsAllowed>true</nullsAllowed>
<use>0</use>
<ownDataTypeParameters>,,</ownDataTypeParameters>
</Attribute>
<Attribute name="Color" id="CBB8272C-1EB1-C390-172F-B2D0E29D0793">
<createdBy>lee3118</createdBy>
<createdTime>2020-02-03 04:28:47 UTC</createdTime>
<ownerDesignName>Lab1</ownerDesignName>
<engineerTo>
<item key="1FA4CBD7-FEEB-901E-62D2-AB40AAD793A2" value="true"/>
</engineerTo>
<nullsAllowed>true</nullsAllowed>
<use>0</use>
<ownDataTypeParameters>,,</ownDataTypeParameters>
</Attribute>
<Attribute name="CustomerID" id="82A5AB0A-8BE8-AE8B-6FBD-A467B8B5EF95">
<createdBy>lee3118</createdBy>
<createdTime>2020-02-03 04:37:41 UTC</createdTime>
<generatorID>1A3770C8-54BE-E18B-3F02-290354DBA0C5</generatorID>
<ownerDesignName>Lab1</ownerDesignName>
<engineerTo>
<item key="1FA4CBD7-FEEB-901E-62D2-AB40AAD793A2" value="true"/>
</engineerTo>
<referedAttribute>A9C0A630-B06D-B6C0-8FF6-5DC64C4241B3</referedAttribute>
<use>0</use>
<ownDataTypeParameters>,,</ownDataTypeParameters>
</Attribute>
<Attribute name="CompanyID" id="2F7A98EF-2E5D-D6E4-917B-03C5839693F3">
<createdBy>lee3118</createdBy>
<createdTime>2020-02-03 04:41:31 UTC</createdTime>
<generatorID>26FEB256-5748-06CB-ECEE-D6244ABF5F4A</generatorID>
<ownerDesignName>Lab1</ownerDesignName>
<engineerTo>
<item key="1FA4CBD7-FEEB-901E-62D2-AB40AAD793A2" value="true"/>
</engineerTo>
<referedAttribute>44B1F1E3-9105-9109-9B06-0C163CFC5CE4</referedAttribute>
<use>0</use>
<ownDataTypeParameters>,,</ownDataTypeParameters>
</Attribute>
</attributes>
<identifiers itemClass="oracle.dbtools.crest.model.design.logical.CandidateKey">
<identifier id="A7F982EF-99AD-3B08-61E0-CFE67B9A8248" name="VEHICLES PK">
<createdBy>lee3118</createdBy>
<createdTime>2020-02-03 04:28:18 UTC</createdTime>
<ownerDesignName>Lab1</ownerDesignName>
<engineerTo>
<item key="1FA4CBD7-FEEB-901E-62D2-AB40AAD793A2" value="true"/>
</engineerTo>
<pk>true</pk>
<usedAttributes>
<attributeRef>D5025662-BFFB-4224-9B6B-5846C69679AD</attributeRef>
</usedAttributes>
</identifier>
</identifiers>
</Entity>