<?xml version = '1.0' encoding = 'UTF-8'?>
<Entity class="oracle.dbtools.crest.model.design.logical.Entity" directorySegmentName="seg_0" id="D00C9E08-F6A1-9FAF-4ABE-3C86D9C54E36" name="PRODUCTION">
<createdBy>lee3118</createdBy>
<createdTime>2020-02-03 04:32:57 UTC</createdTime>
<ownerDesignName>Lab1</ownerDesignName>
<engineerTo>
<item key="1FA4CBD7-FEEB-901E-62D2-AB40AAD793A2" value="true"/>
</engineerTo>
<adequatelyNormalized>NO</adequatelyNormalized>
<expectedVolumes>0</expectedVolumes>
<fwdEngineeringStrategyName>Single Table</fwdEngineeringStrategyName>
<growthPercent>0</growthPercent>
<growthType>Year</growthType>
<maxVolumes>9999999</maxVolumes>
<minVolumes>0</minVolumes>
<normalForm>Third</normalForm>
<attributes itemClass="oracle.dbtools.crest.model.design.logical.Attribute">
<Attribute name="FactoryID" id="993B121B-2D3F-3551-D0EF-86A64AC1659D">
<createdBy>lee3118</createdBy>
<createdTime>2020-02-03 04:33:06 UTC</createdTime>
<ownerDesignName>Lab1</ownerDesignName>
<engineerTo>
<item key="1FA4CBD7-FEEB-901E-62D2-AB40AAD793A2" value="true"/>
</engineerTo>
<use>0</use>
<ownDataTypeParameters>,,</ownDataTypeParameters>
</Attribute>
<Attribute name="Address" id="F1E11AC5-C241-EDD9-9A4F-16BF27E6B8A7">
<createdBy>lee3118</createdBy>
<createdTime>2020-02-03 04:33:13 UTC</createdTime>
<ownerDesignName>Lab1</ownerDesignName>
<engineerTo>
<item key="1FA4CBD7-FEEB-901E-62D2-AB40AAD793A2" value="true"/>
</engineerTo>
<nullsAllowed>true</nullsAllowed>
<use>0</use>
<ownDataTypeParameters>,,</ownDataTypeParameters>
</Attribute>
<Attribute name="City" id="5A734705-500C-4389-F1CE-1540AF402375">
<createdBy>lee3118</createdBy>
<createdTime>2020-02-03 04:33:17 UTC</createdTime>
<ownerDesignName>Lab1</ownerDesignName>
<engineerTo>
<item key="1FA4CBD7-FEEB-901E-62D2-AB40AAD793A2" value="true"/>
</engineerTo>
<nullsAllowed>true</nullsAllowed>
<use>0</use>
<ownDataTypeParameters>,,</ownDataTypeParameters>
</Attribute>
<Attribute name="State/Province" id="E3FF8856-72B6-246E-45AD-EB55E947FBAC">
<createdBy>lee3118</createdBy>
<createdTime>2020-02-03 04:33:26 UTC</createdTime>
<ownerDesignName>Lab1</ownerDesignName>
<engineerTo>
<item key="1FA4CBD7-FEEB-901E-62D2-AB40AAD793A2" value="true"/>
</engineerTo>
<nullsAllowed>true</nullsAllowed>
<use>0</use>
<ownDataTypeParameters>,,</ownDataTypeParameters>
</Attribute>
<Attribute name="ZIP/PostalCode" id="57FA3EA2-10AD-F12B-ECCA-B788809FB74C">
<createdBy>lee3118</createdBy>
<createdTime>2020-02-03 04:33:33 UTC</createdTime>
<ownerDesignName>Lab1</ownerDesignName>
<engineerTo>
<item key="1FA4CBD7-FEEB-901E-62D2-AB40AAD793A2" value="true"/>
</engineerTo>
<nullsAllowed>true</nullsAllowed>
<use>0</use>
<ownDataTypeParameters>,,</ownDataTypeParameters>
</Attribute>
<Attribute name="Country/Region" id="79F5896C-6C47-22C7-89D1-573632D1B7FA">
<createdBy>lee3118</createdBy>
<createdTime>2020-02-03 04:33:41 UTC</createdTime>
<ownerDesignName>Lab1</ownerDesignName>
<engineerTo>
<item key="1FA4CBD7-FEEB-901E-62D2-AB40AAD793A2" value="true"/>
</engineerTo>
<nullsAllowed>true</nullsAllowed>
<use>0</use>
<ownDataTypeParameters>,,</ownDataTypeParameters>
</Attribute>
<Attribute name="Employee" id="1AD162D3-FA24-C8C9-47E4-FC51C125D7DC">
<createdBy>lee3118</createdBy>
<createdTime>2020-02-03 04:33:51 UTC</createdTime>
<ownerDesignName>Lab1</ownerDesignName>
<engineerTo>
<item key="1FA4CBD7-FEEB-901E-62D2-AB40AAD793A2" value="true"/>
</engineerTo>
<nullsAllowed>true</nullsAllowed>
<use>0</use>
<ownDataTypeParameters>,,</ownDataTypeParameters>
</Attribute>
<Attribute name="InvoiceNumber" id="86391D01-FD0A-028B-E5A7-D08DF2D48D46">
<createdBy>lee3118</createdBy>
<createdTime>2020-02-03 04:38:31 UTC</createdTime>
<generatorID>D31BCC0A-8FE5-DEBC-C865-FC4C72A583DD</generatorID>
<ownerDesignName>Lab1</ownerDesignName>
<engineerTo>
<item key="1FA4CBD7-FEEB-901E-62D2-AB40AAD793A2" value="true"/>
</engineerTo>
<referedAttribute>9BC5149E-B852-B0BD-7C05-9DB9832420FC</referedAttribute>
<use>0</use>
<ownDataTypeParameters>,,</ownDataTypeParameters>
</Attribute>
<Attribute name="InvoiceNumber1" id="814FF869-0629-3A16-B12F-7A8CC1AA1DB5">
<createdBy>lee3118</createdBy>
<createdTime>2020-02-03 04:38:31 UTC</createdTime>
<generatorID>D31BCC0A-8FE5-DEBC-C865-FC4C72A583DD</generatorID>
<ownerDesignName>Lab1</ownerDesignName>
<engineerTo>
<item key="1FA4CBD7-FEEB-901E-62D2-AB40AAD793A2" value="true"/>
</engineerTo>
<referedAttribute>76749254-E641-55C1-B721-2AD309BD8EC6</referedAttribute>
<use>0</use>
<ownDataTypeParameters>,,</ownDataTypeParameters>
</Attribute>
<Attribute name="PartNumber" id="52B31DE4-F27D-8311-1071-EA3B163B92EF">
<createdBy>lee3118</createdBy>
<createdTime>2020-02-03 04:43:33 UTC</createdTime>
<generatorID>D31BCC0A-8FE5-DEBC-C865-FC4C72A583DD</generatorID>
<ownerDesignName>Lab1</ownerDesignName>
<engineerTo>
<item key="1FA4CBD7-FEEB-901E-62D2-AB40AAD793A2" value="true"/>
</engineerTo>
<referedAttribute>59031901-32B2-ADB7-6465-3740D3B1C850</referedAttribute>
<use>0</use>
<ownDataTypeParameters>,,</ownDataTypeParameters>
</Attribute>
</attributes>
<identifiers itemClass="oracle.dbtools.crest.model.design.logical.CandidateKey">
<identifier id="672701A5-F6FD-D2FE-8C35-8B1B9FB25147" name="PRODUCTION PK">
<createdBy>lee3118</createdBy>
<createdTime>2020-02-03 04:37:27 UTC</createdTime>
<ownerDesignName>Lab1</ownerDesignName>
<engineerTo>
<item key="1FA4CBD7-FEEB-901E-62D2-AB40AAD793A2" value="true"/>
</engineerTo>
<pk>true</pk>
<usedAttributes>
<attributeRef>993B121B-2D3F-3551-D0EF-86A64AC1659D</attributeRef>
</usedAttributes>
</identifier>
</identifiers>
</Entity>