<?xml version = '1.0' encoding = 'UTF-8'?>
<Entity class="oracle.dbtools.crest.model.design.logical.Entity" directorySegmentName="seg_0" id="DE09CF5C-5616-FE9D-1BD5-797278821FA2" name="PARTS">
<createdBy>lee3118</createdBy>
<createdTime>2020-02-03 04:30:54 UTC</createdTime>
<ownerDesignName>Lab1</ownerDesignName>
<engineerTo>
<item key="1FA4CBD7-FEEB-901E-62D2-AB40AAD793A2" value="true"/>
</engineerTo>
<adequatelyNormalized>NO</adequatelyNormalized>
<expectedVolumes>0</expectedVolumes>
<fwdEngineeringStrategyName>Single Table</fwdEngineeringStrategyName>
<growthPercent>0</growthPercent>
<growthType>Year</growthType>
<maxVolumes>9999999</maxVolumes>
<minVolumes>0</minVolumes>
<normalForm>Third</normalForm>
<attributes itemClass="oracle.dbtools.crest.model.design.logical.Attribute">
<Attribute name="PartNumber" id="954DECAA-3ECD-8AD6-4B00-AD024602048C">
<createdBy>lee3118</createdBy>
<createdTime>2020-02-03 04:31:01 UTC</createdTime>
<ownerDesignName>Lab1</ownerDesignName>
<engineerTo>
<item key="1FA4CBD7-FEEB-901E-62D2-AB40AAD793A2" value="true"/>
</engineerTo>
<use>0</use>
<ownDataTypeParameters>,,</ownDataTypeParameters>
</Attribute>
<Attribute name="PartName" id="4A1BB214-424A-F167-F298-215F09467CC0">
<createdBy>lee3118</createdBy>
<createdTime>2020-02-03 04:31:07 UTC</createdTime>
<ownerDesignName>Lab1</ownerDesignName>
<engineerTo>
<item key="1FA4CBD7-FEEB-901E-62D2-AB40AAD793A2" value="true"/>
</engineerTo>
<nullsAllowed>true</nullsAllowed>
<use>0</use>
<ownDataTypeParameters>,,</ownDataTypeParameters>
</Attribute>
<Attribute name="Cost" id="8BF5FE31-386F-09B2-E2FC-28A81267CB8C">
<createdBy>lee3118</createdBy>
<createdTime>2020-02-03 04:31:15 UTC</createdTime>
<ownerDesignName>Lab1</ownerDesignName>
<engineerTo>
<item key="1FA4CBD7-FEEB-901E-62D2-AB40AAD793A2" value="true"/>
</engineerTo>
<nullsAllowed>true</nullsAllowed>
<use>0</use>
<ownDataTypeParameters>,,</ownDataTypeParameters>
</Attribute>
<Attribute name="SellPrice" id="0D96B2A3-18A8-480B-4AD3-5C91A59DC743">
<createdBy>lee3118</createdBy>
<createdTime>2020-02-03 04:31:18 UTC</createdTime>
<ownerDesignName>Lab1</ownerDesignName>
<engineerTo>
<item key="1FA4CBD7-FEEB-901E-62D2-AB40AAD793A2" value="true"/>
</engineerTo>
<nullsAllowed>true</nullsAllowed>
<use>0</use>
<ownDataTypeParameters>,,</ownDataTypeParameters>
</Attribute>
<Attribute name="Supplier" id="D6E9517F-D322-2C45-CBCC-C675314F8204">
<createdBy>lee3118</createdBy>
<createdTime>2020-02-03 04:31:20 UTC</createdTime>
<ownerDesignName>Lab1</ownerDesignName>
<engineerTo>
<item key="1FA4CBD7-FEEB-901E-62D2-AB40AAD793A2" value="true"/>
</engineerTo>
<nullsAllowed>true</nullsAllowed>
<use>0</use>
<ownDataTypeParameters>,,</ownDataTypeParameters>
</Attribute>
<Attribute name="QtyinStock" id="C8C9C832-87F2-85A2-3929-6BB446F8EE83">
<createdBy>lee3118</createdBy>
<createdTime>2020-02-03 04:31:24 UTC</createdTime>
<ownerDesignName>Lab1</ownerDesignName>
<engineerTo>
<item key="1FA4CBD7-FEEB-901E-62D2-AB40AAD793A2" value="true"/>
</engineerTo>
<nullsAllowed>true</nullsAllowed>
<use>0</use>
<ownDataTypeParameters>,,</ownDataTypeParameters>
</Attribute>
<Attribute name="LastOrderDate" id="D4D4EB8C-BD20-574C-7220-2C0E93304A51">
<createdBy>lee3118</createdBy>
<createdTime>2020-02-03 04:31:32 UTC</createdTime>
<ownerDesignName>Lab1</ownerDesignName>
<engineerTo>
<item key="1FA4CBD7-FEEB-901E-62D2-AB40AAD793A2" value="true"/>
</engineerTo>
<nullsAllowed>true</nullsAllowed>
<use>0</use>
<ownDataTypeParameters>,,</ownDataTypeParameters>
</Attribute>
<Attribute name="FactoryID" id="A130E975-7FDE-A14D-8C55-AEBEAA79BB85">
<createdBy>lee3118</createdBy>
<createdTime>2020-02-03 04:38:37 UTC</createdTime>
<generatorID>E9D4654E-6B93-639E-9542-9F2497276888</generatorID>
<ownerDesignName>Lab1</ownerDesignName>
<engineerTo>
<item key="1FA4CBD7-FEEB-901E-62D2-AB40AAD793A2" value="true"/>
</engineerTo>
<referedAttribute>993B121B-2D3F-3551-D0EF-86A64AC1659D</referedAttribute>
<use>0</use>
<ownDataTypeParameters>,,</ownDataTypeParameters>
</Attribute>
<Attribute name="SupplierID" id="F1A4BEBD-9961-5F03-D0BB-28EC6817E015">
<createdBy>lee3118</createdBy>
<createdTime>2020-02-03 04:38:44 UTC</createdTime>
<generatorID>36B0A092-6EB7-C810-92BF-2B03A199B564</generatorID>
<ownerDesignName>Lab1</ownerDesignName>
<engineerTo>
<item key="1FA4CBD7-FEEB-901E-62D2-AB40AAD793A2" value="true"/>
</engineerTo>
<referedAttribute>549D5968-D915-1635-8951-56637AAEB068</referedAttribute>
<use>0</use>
<ownDataTypeParameters>,,</ownDataTypeParameters>
</Attribute>
</attributes>
<identifiers itemClass="oracle.dbtools.crest.model.design.logical.CandidateKey">
<identifier id="EA1B92F0-F7E8-23C8-B356-09732DF0AE75" name="PARTS PK">
<createdBy>lee3118</createdBy>
<createdTime>2020-02-03 04:31:06 UTC</createdTime>
<ownerDesignName>Lab1</ownerDesignName>
<engineerTo>
<item key="1FA4CBD7-FEEB-901E-62D2-AB40AAD793A2" value="true"/>
</engineerTo>
<pk>true</pk>
<usedAttributes>
<attributeRef>954DECAA-3ECD-8AD6-4B00-AD024602048C</attributeRef>
</usedAttributes>
</identifier>
</identifiers>
</Entity>