<?xml version = '1.0' encoding = 'UTF-8'?>
<Entity class="oracle.dbtools.crest.model.design.logical.Entity" directorySegmentName="seg_0" id="EBE54564-35D8-5731-8BF2-916BBC0CDBA0" name="SUPPLIERS">
<createdBy>lee3118</createdBy>
<createdTime>2020-02-03 04:34:18 UTC</createdTime>
<ownerDesignName>Lab1</ownerDesignName>
<engineerTo>
<item key="1FA4CBD7-FEEB-901E-62D2-AB40AAD793A2" value="true"/>
</engineerTo>
<adequatelyNormalized>NO</adequatelyNormalized>
<expectedVolumes>0</expectedVolumes>
<fwdEngineeringStrategyName>Single Table</fwdEngineeringStrategyName>
<growthPercent>0</growthPercent>
<growthType>Year</growthType>
<maxVolumes>9999999</maxVolumes>
<minVolumes>0</minVolumes>
<normalForm>Third</normalForm>
<attributes itemClass="oracle.dbtools.crest.model.design.logical.Attribute">
<Attribute name="SupplierID" id="549D5968-D915-1635-8951-56637AAEB068">
<createdBy>lee3118</createdBy>
<createdTime>2020-02-03 04:34:24 UTC</createdTime>
<ownerDesignName>Lab1</ownerDesignName>
<engineerTo>
<item key="1FA4CBD7-FEEB-901E-62D2-AB40AAD793A2" value="true"/>
</engineerTo>
<use>0</use>
<ownDataTypeParameters>,,</ownDataTypeParameters>
</Attribute>
<Attribute name="Company" id="E66FA48E-A011-F5AB-4030-98E740CCAD9F">
<createdBy>lee3118</createdBy>
<createdTime>2020-02-03 04:34:32 UTC</createdTime>
<ownerDesignName>Lab1</ownerDesignName>
<engineerTo>
<item key="1FA4CBD7-FEEB-901E-62D2-AB40AAD793A2" value="true"/>
</engineerTo>
<nullsAllowed>true</nullsAllowed>
<use>0</use>
<ownDataTypeParameters>,,</ownDataTypeParameters>
</Attribute>
<Attribute name="ContactPerson" id="26025825-B7ED-DCB8-0A5F-5ADD68E9421A">
<createdBy>lee3118</createdBy>
<createdTime>2020-02-03 04:34:39 UTC</createdTime>
<ownerDesignName>Lab1</ownerDesignName>
<engineerTo>
<item key="1FA4CBD7-FEEB-901E-62D2-AB40AAD793A2" value="true"/>
</engineerTo>
<nullsAllowed>true</nullsAllowed>
<use>0</use>
<ownDataTypeParameters>,,</ownDataTypeParameters>
</Attribute>
<Attribute name="EmailAddress" id="676BF063-D6F1-3C05-CEAB-EB7E6FBEBCB5">
<createdBy>lee3118</createdBy>
<createdTime>2020-02-03 04:34:43 UTC</createdTime>
<ownerDesignName>Lab1</ownerDesignName>
<engineerTo>
<item key="1FA4CBD7-FEEB-901E-62D2-AB40AAD793A2" value="true"/>
</engineerTo>
<nullsAllowed>true</nullsAllowed>
<use>0</use>
<ownDataTypeParameters>,,</ownDataTypeParameters>
</Attribute>
<Attribute name="BusinessPhone" id="D8617FE9-0263-5C8E-B928-AE7EAFDBE1A5">
<createdBy>lee3118</createdBy>
<createdTime>2020-02-03 04:34:47 UTC</createdTime>
<ownerDesignName>Lab1</ownerDesignName>
<engineerTo>
<item key="1FA4CBD7-FEEB-901E-62D2-AB40AAD793A2" value="true"/>
</engineerTo>
<nullsAllowed>true</nullsAllowed>
<use>0</use>
<ownDataTypeParameters>,,</ownDataTypeParameters>
</Attribute>
<Attribute name="FaxNumber" id="FFB2F803-E5EB-6B89-28C8-EF97D4FF3605">
<createdBy>lee3118</createdBy>
<createdTime>2020-02-03 04:34:52 UTC</createdTime>
<ownerDesignName>Lab1</ownerDesignName>
<engineerTo>
<item key="1FA4CBD7-FEEB-901E-62D2-AB40AAD793A2" value="true"/>
</engineerTo>
<nullsAllowed>true</nullsAllowed>
<use>0</use>
<ownDataTypeParameters>,,</ownDataTypeParameters>
</Attribute>
<Attribute name="Address" id="E3DFE259-9DC7-DB61-1413-D0D19563EC9E">
<createdBy>lee3118</createdBy>
<createdTime>2020-02-03 04:34:56 UTC</createdTime>
<ownerDesignName>Lab1</ownerDesignName>
<engineerTo>
<item key="1FA4CBD7-FEEB-901E-62D2-AB40AAD793A2" value="true"/>
</engineerTo>
<nullsAllowed>true</nullsAllowed>
<use>0</use>
<ownDataTypeParameters>,,</ownDataTypeParameters>
</Attribute>
<Attribute name="City" id="55995A94-692D-6EE6-A93A-F8702C8F2A84">
<createdBy>lee3118</createdBy>
<createdTime>2020-02-03 04:34:59 UTC</createdTime>
<ownerDesignName>Lab1</ownerDesignName>
<engineerTo>
<item key="1FA4CBD7-FEEB-901E-62D2-AB40AAD793A2" value="true"/>
</engineerTo>
<nullsAllowed>true</nullsAllowed>
<use>0</use>
<ownDataTypeParameters>,,</ownDataTypeParameters>
</Attribute>
<Attribute name="State/Province" id="1C32A7C7-E86E-40C4-7131-64C2A73E4DC0">
<createdBy>lee3118</createdBy>
<createdTime>2020-02-03 04:35:03 UTC</createdTime>
<ownerDesignName>Lab1</ownerDesignName>
<engineerTo>
<item key="1FA4CBD7-FEEB-901E-62D2-AB40AAD793A2" value="true"/>
</engineerTo>
<nullsAllowed>true</nullsAllowed>
<use>0</use>
<ownDataTypeParameters>,,</ownDataTypeParameters>
</Attribute>
<Attribute name="ZIP/PostalCode" id="2416651B-FF5E-F61D-30D7-E591CB407934">
<createdBy>lee3118</createdBy>
<createdTime>2020-02-03 04:35:08 UTC</createdTime>
<ownerDesignName>Lab1</ownerDesignName>
<engineerTo>
<item key="1FA4CBD7-FEEB-901E-62D2-AB40AAD793A2" value="true"/>
</engineerTo>
<nullsAllowed>true</nullsAllowed>
<use>0</use>
<ownDataTypeParameters>,,</ownDataTypeParameters>
</Attribute>
<Attribute name="Country/Region" id="B67FAA54-E981-5E9A-7701-EC9C1B514874">
<createdBy>lee3118</createdBy>
<createdTime>2020-02-03 04:35:14 UTC</createdTime>
<ownerDesignName>Lab1</ownerDesignName>
<engineerTo>
<item key="1FA4CBD7-FEEB-901E-62D2-AB40AAD793A2" value="true"/>
</engineerTo>
<nullsAllowed>true</nullsAllowed>
<use>0</use>
<ownDataTypeParameters>,,</ownDataTypeParameters>
</Attribute>
<Attribute name="WebPage" id="BE3EE106-37B4-E48F-D669-42B31E43346B">
<createdBy>lee3118</createdBy>
<createdTime>2020-02-03 04:35:19 UTC</createdTime>
<ownerDesignName>Lab1</ownerDesignName>
<engineerTo>
<item key="1FA4CBD7-FEEB-901E-62D2-AB40AAD793A2" value="true"/>
</engineerTo>
<nullsAllowed>true</nullsAllowed>
<use>0</use>
<ownDataTypeParameters>,,</ownDataTypeParameters>
</Attribute>
<Attribute name="Terms" id="1C568104-21D9-4EAE-09DA-F52EAF8C18CD">
<createdBy>lee3118</createdBy>
<createdTime>2020-02-03 04:35:22 UTC</createdTime>
<ownerDesignName>Lab1</ownerDesignName>
<engineerTo>
<item key="1FA4CBD7-FEEB-901E-62D2-AB40AAD793A2" value="true"/>
</engineerTo>
<nullsAllowed>true</nullsAllowed>
<use>0</use>
<ownDataTypeParameters>,,</ownDataTypeParameters>
</Attribute>
</attributes>
<identifiers itemClass="oracle.dbtools.crest.model.design.logical.CandidateKey">
<identifier id="811E6C47-66BB-84D9-4F52-CCDF5809B3CE" name="SUPPLIERS PK">
<createdBy>lee3118</createdBy>
<createdTime>2020-02-03 04:34:31 UTC</createdTime>
<ownerDesignName>Lab1</ownerDesignName>
<engineerTo>
<item key="1FA4CBD7-FEEB-901E-62D2-AB40AAD793A2" value="true"/>
</engineerTo>
<pk>true</pk>
<usedAttributes>
<attributeRef>549D5968-D915-1635-8951-56637AAEB068</attributeRef>
</usedAttributes>
</identifier>
</identifiers>
</Entity>