<?xml version = '1.0' encoding = 'UTF-8'?>
<FKIndexAssociation class="oracle.dbtools.crest.model.design.relational.FKIndexAssociation" directorySegmentName="seg_0" id="00032715-54B3-ADB3-1434-CA8A8361E693" containerWithKeyObject="FC7BBD17-D30D-82E3-EA48-2DFFAEE4AADF" localFKIndex="023192CB-1479-AC97-7FA1-665106A177B9" name="PROPERTY_REVIEW_POTENTIAL_CLIENT_FK">
<createdBy>user</createdBy>
<createdTime>2020-02-17 04:50:18 UTC</createdTime>
<generatorID>1C6F5549-546D-D194-7BF1-FE61F24BF8E4</generatorID>
<ownerDesignName>Lab2</ownerDesignName>
<referredTableLongName>POTENTIAL_CLIENT</referredTableLongName>
<deleteRule>NO ACTION</deleteRule>
<referredTableID>819B94F2-4A46-0881-950F-EEF9A424C09C</referredTableID>
<keyObject>3DE265B1-4C8C-C66F-6B6A-5680792C4D8E</keyObject>
<referredKeyID>3DE265B1-4C8C-C66F-6B6A-5680792C4D8E</referredKeyID>
<mandatory>true</mandatory>
<refColNames>ClientID</refColNames>
<transferable>true</transferable>
<rely>false</rely>
<columnDependencyConstraintGenerateInDDL>true</columnDependencyConstraintGenerateInDDL>
</FKIndexAssociation>