<?xml version = '1.0' encoding = 'UTF-8'?>
<FKIndexAssociation class="oracle.dbtools.crest.model.design.relational.FKIndexAssociation" directorySegmentName="seg_0" id="2846DE32-6849-BC29-F811-C38C395AE009" containerWithKeyObject="FC7BBD17-D30D-82E3-EA48-2DFFAEE4AADF" localFKIndex="DACA1E25-4105-DB4F-B73B-AA46FD3D27DF" name="PROPERTY_REVIEW_PROPERTY_FK">
<createdBy>user</createdBy>
<createdTime>2020-02-17 04:50:18 UTC</createdTime>
<generatorID>746051CA-628E-EA19-8607-F99BAA4162B0</generatorID>
<ownerDesignName>Lab2</ownerDesignName>
<referredTableLongName>PROPERTY</referredTableLongName>
<deleteRule>NO ACTION</deleteRule>
<referredTableID>52BCBFF7-C78C-6B82-A8BE-8782558FF9CB</referredTableID>
<keyObject>39959AEC-E167-920C-5F69-42B44E644FB2</keyObject>
<referredKeyID>39959AEC-E167-920C-5F69-42B44E644FB2</referredKeyID>
<mandatory>true</mandatory>
<refColNames>PropertyNumber</refColNames>
<transferable>true</transferable>
<rely>false</rely>
<columnDependencyConstraintGenerateInDDL>true</columnDependencyConstraintGenerateInDDL>
</FKIndexAssociation>