<?xml version = '1.0' encoding = 'UTF-8'?>
<FKIndexAssociation class="oracle.dbtools.crest.model.design.relational.FKIndexAssociation" directorySegmentName="seg_0" id="46E28359-B655-B7E7-23A5-A12485652FF6" containerWithKeyObject="1E855349-5AB8-E5D3-B5FF-1A98BC1C5C8D" localFKIndex="C7918158-756C-66DD-EBC3-9E60FF0F541F" name="Relation_9_PROPERTY_FK">
<createdBy>user</createdBy>
<createdTime>2020-02-17 04:50:18 UTC</createdTime>
<generatorID>4A834DC0-8487-CAB7-52CF-EFD0FD9143C2</generatorID>
<ownerDesignName>Lab2</ownerDesignName>
<referredTableLongName>PROPERTY</referredTableLongName>
<deleteRule>NO ACTION</deleteRule>
<referredTableID>52BCBFF7-C78C-6B82-A8BE-8782558FF9CB</referredTableID>
<keyObject>39959AEC-E167-920C-5F69-42B44E644FB2</keyObject>
<referredKeyID>39959AEC-E167-920C-5F69-42B44E644FB2</referredKeyID>
<mandatory>true</mandatory>
<refColNames>PropertyNumber</refColNames>
<transferable>true</transferable>
<rely>false</rely>
<columnDependencyConstraintGenerateInDDL>true</columnDependencyConstraintGenerateInDDL>
</FKIndexAssociation>