<?xml version = '1.0' encoding = 'UTF-8'?>
<FKIndexAssociation class="oracle.dbtools.crest.model.design.relational.FKIndexAssociation" directorySegmentName="seg_0" id="5C91995E-4456-0C90-E292-452052BE1A4F" containerWithKeyObject="36516CD1-2F7E-68A4-4D69-8FD81F109BBE" localFKIndex="41D81C28-28DF-52D7-AA02-E6D4C2E6998D" name="INSPECTION_PROPERTY_TRACKING_COMPANY_FK">
<createdBy>user</createdBy>
<createdTime>2020-02-17 04:50:18 UTC</createdTime>
<generatorID>B4E523D3-4AC4-E712-86CF-46E1092CC71F</generatorID>
<ownerDesignName>Lab2</ownerDesignName>
<referredTableLongName>PROPERTY_TRACKING_COMPANY</referredTableLongName>
<deleteRule>NO ACTION</deleteRule>
<referredTableID>A276633E-150B-316F-2445-8B48CAADDB1D</referredTableID>
<keyObject>5CE8273B-21AC-91D5-7C28-C558683979C9</keyObject>
<referredKeyID>5CE8273B-21AC-91D5-7C28-C558683979C9</referredKeyID>
<mandatory>true</mandatory>
<refColNames>InspectorID</refColNames>
<transferable>true</transferable>
<rely>false</rely>
<columnDependencyConstraintGenerateInDDL>true</columnDependencyConstraintGenerateInDDL>
</FKIndexAssociation>