<?xml version = '1.0' encoding = 'UTF-8'?>
<FKIndexAssociation class="oracle.dbtools.crest.model.design.relational.FKIndexAssociation" directorySegmentName="seg_0" id="A4715662-E348-7D89-A762-E6B1E6FF902B" containerWithKeyObject="1E855349-5AB8-E5D3-B5FF-1A98BC1C5C8D" localFKIndex="8BFE2D90-925B-E07B-41ED-8A57097A0C94" name="Relation_9_PROPERTY_TRACKING_COMPANY_FK">
<createdBy>user</createdBy>
<createdTime>2020-02-17 04:50:18 UTC</createdTime>
<generatorID>4A834DC0-8487-CAB7-52CF-EFD0FD9143C2</generatorID>
<ownerDesignName>Lab2</ownerDesignName>
<referredTableLongName>PROPERTY_TRACKING_COMPANY</referredTableLongName>
<deleteRule>NO ACTION</deleteRule>
<referredTableID>A276633E-150B-316F-2445-8B48CAADDB1D</referredTableID>
<keyObject>5CE8273B-21AC-91D5-7C28-C558683979C9</keyObject>
<referredKeyID>5CE8273B-21AC-91D5-7C28-C558683979C9</referredKeyID>
<mandatory>true</mandatory>
<refColNames>InspectorID</refColNames>
<transferable>true</transferable>
<rely>false</rely>
<columnDependencyConstraintGenerateInDDL>true</columnDependencyConstraintGenerateInDDL>
</FKIndexAssociation>