<?xml version = '1.0' encoding = 'UTF-8'?>
<Entity class="oracle.dbtools.crest.model.design.logical.Entity" directorySegmentName="seg_0" id="1284D39F-24AF-309B-F114-BADC92652E2E" name="CHAT_MESSAGE">
<createdBy>garre</createdBy>
<createdTime>2020-03-02 19:49:26 UTC</createdTime>
<ownerDesignName>LogicalPhase1</ownerDesignName>
<engineerTo>
<item key="8ACADD0A-F242-4501-4609-2A074EED4066" value="true"/>
</engineerTo>
<adequatelyNormalized>NO</adequatelyNormalized>
<expectedVolumes>0</expectedVolumes>
<fwdEngineeringStrategyName>Single Table</fwdEngineeringStrategyName>
<growthPercent>0</growthPercent>
<growthType>Year</growthType>
<maxVolumes>9999999</maxVolumes>
<minVolumes>0</minVolumes>
<normalForm>Third</normalForm>
<attributes itemClass="oracle.dbtools.crest.model.design.logical.Attribute">
<Attribute name="Date_Time" id="96389A62-D957-EF79-EF62-D1B0CD654747">
<createdBy>garre</createdBy>
<createdTime>2020-03-02 20:05:04 UTC</createdTime>
<ownerDesignName>LogicalPhase1</ownerDesignName>
<engineerTo>
<item key="8ACADD0A-F242-4501-4609-2A074EED4066" value="true"/>
</engineerTo>
<useDomainConstraints>false</useDomainConstraints>
<use>1</use>
<logicalDatatype>LOGDT008</logicalDatatype>
<ownDataTypeParameters>,,</ownDataTypeParameters>
</Attribute>
<Attribute name="Employee_ID" id="C8768715-9893-326A-BBD2-864D2C54DA5A">
<createdBy>lee3118</createdBy>
<createdTime>2020-03-06 00:23:31 UTC</createdTime>
<generatorID>0E487EC6-BBB6-64DA-B8A4-B1C515E27876</generatorID>
<ownerDesignName>LogicalPhase1</ownerDesignName>
<engineerTo>
<item key="8ACADD0A-F242-4501-4609-2A074EED4066" value="true"/>
</engineerTo>
<referedAttribute>445821E2-8A07-E16B-9D15-61D61D84F6EE</referedAttribute>
<useDomainConstraints>false</useDomainConstraints>
<use>1</use>
<logicalDatatype>LOGDT025</logicalDatatype>
<dataTypeSize>16</dataTypeSize>
<ownDataTypeParameters>,,</ownDataTypeParameters>
</Attribute>
<Attribute name="Message_Contents" id="B57D5D52-EAB9-5FED-0959-3280D991C02A">
<createdBy>garre</createdBy>
<createdTime>2020-03-02 20:05:19 UTC</createdTime>
<ownerDesignName>LogicalPhase1</ownerDesignName>
<engineerTo>
<item key="8ACADD0A-F242-4501-4609-2A074EED4066" value="true"/>
</engineerTo>
<nullsAllowed>true</nullsAllowed>
<useDomainConstraints>false</useDomainConstraints>
<use>1</use>
<logicalDatatype>LogDes-1768A872-F385-FDBA-D95E-0CB63F5908E2@LOGDT10045</logicalDatatype>
<ownDataTypeParameters>,,</ownDataTypeParameters>
</Attribute>
<Attribute name="Chat_Room_Name" id="434D53C0-F56A-89FD-AD50-6429F9958263">
<createdBy>lee3118</createdBy>
<createdTime>2020-03-06 00:24:40 UTC</createdTime>
<generatorID>4B262449-EE6B-C541-EC52-8330C9D3B653</generatorID>
<ownerDesignName>LogicalPhase1</ownerDesignName>
<engineerTo>
<item key="8ACADD0A-F242-4501-4609-2A074EED4066" value="true"/>
</engineerTo>
<referedAttribute>EC741417-E320-E2A2-E512-650C1A3C8D90</referedAttribute>
<useDomainConstraints>false</useDomainConstraints>
<use>1</use>
<logicalDatatype>LOGDT024</logicalDatatype>
<dataTypeSize>128</dataTypeSize>
<ownDataTypeParameters>,,</ownDataTypeParameters>
</Attribute>
</attributes>
<identifiers itemClass="oracle.dbtools.crest.model.design.logical.CandidateKey">
<identifier id="CB163999-94AC-D64C-B86F-07476DF7A212" name="CHAT_MESSAGE PK">
<createdBy>garre</createdBy>
<createdTime>2020-03-02 20:05:10 UTC</createdTime>
<ownerDesignName>LogicalPhase1</ownerDesignName>
<engineerTo>
<item key="8ACADD0A-F242-4501-4609-2A074EED4066" value="true"/>
</engineerTo>
<pk>true</pk>
<usedAttributes>
<attributeRef>C8768715-9893-326A-BBD2-864D2C54DA5A</attributeRef>
<attributeRef>96389A62-D957-EF79-EF62-D1B0CD654747</attributeRef>
</usedAttributes>
</identifier>
</identifiers>
</Entity>