<?xml version = '1.0' encoding = 'UTF-8'?>
<Entity class="oracle.dbtools.crest.model.design.logical.Entity" directorySegmentName="seg_0" id="20FDC2F8-6DEC-5D85-094A-1C593E0C574E" name="CLAIM_NET">
<createdBy>garre</createdBy>
<createdTime>2020-03-06 21:27:13 UTC</createdTime>
<ownerDesignName>LogicalPhase1</ownerDesignName>
<engineerTo>
<item key="8ACADD0A-F242-4501-4609-2A074EED4066" value="true"/>
</engineerTo>
<adequatelyNormalized>NO</adequatelyNormalized>
<expectedVolumes>0</expectedVolumes>
<fwdEngineeringStrategyName>Single Table</fwdEngineeringStrategyName>
<growthPercent>0</growthPercent>
<growthType>Year</growthType>
<maxVolumes>9999999</maxVolumes>
<minVolumes>0</minVolumes>
<normalForm>Third</normalForm>
<attributes itemClass="oracle.dbtools.crest.model.design.logical.Attribute">
<Attribute name="Network_ID" id="BD249ACD-CADA-9487-61C0-31ED21D62315">
<createdBy>garre</createdBy>
<createdTime>2020-03-06 21:27:19 UTC</createdTime>
<ownerDesignName>LogicalPhase1</ownerDesignName>
<engineerTo>
<item key="8ACADD0A-F242-4501-4609-2A074EED4066" value="true"/>
</engineerTo>
<useDomainConstraints>false</useDomainConstraints>
<use>1</use>
<logicalDatatype>LOGDT025</logicalDatatype>
<dataTypeSize>6</dataTypeSize>
<ownDataTypeParameters>6,,</ownDataTypeParameters>
</Attribute>
<Attribute name="Network_Accuracy" id="E8846647-3982-531C-0870-763402252202">
<createdBy>garre</createdBy>
<createdTime>2020-03-06 21:27:25 UTC</createdTime>
<ownerDesignName>LogicalPhase1</ownerDesignName>
<engineerTo>
<item key="8ACADD0A-F242-4501-4609-2A074EED4066" value="true"/>
</engineerTo>
<nullsAllowed>true</nullsAllowed>
<useDomainConstraints>false</useDomainConstraints>
<use>1</use>
<logicalDatatype>LOGDT020</logicalDatatype>
<ownDataTypeParameters>,,</ownDataTypeParameters>
</Attribute>
<Attribute name="Network_Training_Duration" id="DC0BA2E7-E089-3E1F-5326-49463222682F">
<createdBy>garre</createdBy>
<createdTime>2020-03-06 21:27:32 UTC</createdTime>
<ownerDesignName>LogicalPhase1</ownerDesignName>
<engineerTo>
<item key="8ACADD0A-F242-4501-4609-2A074EED4066" value="true"/>
</engineerTo>
<nullsAllowed>true</nullsAllowed>
<useDomainConstraints>false</useDomainConstraints>
<use>1</use>
<logicalDatatype>LOGDT011</logicalDatatype>
<ownDataTypeParameters>,,</ownDataTypeParameters>
</Attribute>
<Attribute name="Dataset_ID" id="50D8EB14-BBA2-7757-7B06-13E8C62FBA69">
<createdBy>garre</createdBy>
<createdTime>2020-03-06 21:27:52 UTC</createdTime>
<generatorID>4E698881-4C9F-AE43-BF01-CAB0C124D09D</generatorID>
<ownerDesignName>LogicalPhase1</ownerDesignName>
<engineerTo>
<item key="8ACADD0A-F242-4501-4609-2A074EED4066" value="true"/>
</engineerTo>
<referedAttribute>1E405DC8-F772-31D8-DD81-CE46CD8A86E6</referedAttribute>
<useDomainConstraints>false</useDomainConstraints>
<use>1</use>
<logicalDatatype>LOGDT025</logicalDatatype>
<dataTypeSize>6</dataTypeSize>
<ownDataTypeParameters>,,</ownDataTypeParameters>
</Attribute>
</attributes>
<identifiers itemClass="oracle.dbtools.crest.model.design.logical.CandidateKey">
<identifier id="9EFA84EC-ED16-990B-9788-BB1957790A7D" name="CLAIM_NETv1 PK">
<createdBy>garre</createdBy>
<createdTime>2020-03-06 21:27:59 UTC</createdTime>
<ownerDesignName>LogicalPhase1</ownerDesignName>
<engineerTo>
<item key="8ACADD0A-F242-4501-4609-2A074EED4066" value="true"/>
</engineerTo>
<pk>true</pk>
<usedAttributes>
<attributeRef>BD249ACD-CADA-9487-61C0-31ED21D62315</attributeRef>
</usedAttributes>
</identifier>
</identifiers>
</Entity>