<?xml version = '1.0' encoding = 'UTF-8'?>
<Entity class="oracle.dbtools.crest.model.design.logical.Entity" directorySegmentName="seg_0" id="7F9729A8-F0A3-9297-F93A-F21D21D407AD" name="VC_COMMIT">
<createdBy>garre</createdBy>
<createdTime>2020-03-02 19:53:07 UTC</createdTime>
<ownerDesignName>LogicalPhase1</ownerDesignName>
<engineerTo>
<item key="8ACADD0A-F242-4501-4609-2A074EED4066" value="true"/>
</engineerTo>
<adequatelyNormalized>NO</adequatelyNormalized>
<expectedVolumes>0</expectedVolumes>
<fwdEngineeringStrategyName>Single Table</fwdEngineeringStrategyName>
<growthPercent>0</growthPercent>
<growthType>Year</growthType>
<maxVolumes>9999999</maxVolumes>
<minVolumes>0</minVolumes>
<normalForm>Third</normalForm>
<attributes itemClass="oracle.dbtools.crest.model.design.logical.Attribute">
<Attribute name="Commit_ID" id="AE2DF35F-F2D3-EE50-4747-487084FC9C3A">
<createdBy>garre</createdBy>
<createdTime>2020-03-02 20:12:46 UTC</createdTime>
<ownerDesignName>LogicalPhase1</ownerDesignName>
<engineerTo>
<item key="8ACADD0A-F242-4501-4609-2A074EED4066" value="true"/>
</engineerTo>
<useDomainConstraints>false</useDomainConstraints>
<use>1</use>
<logicalDatatype>LOGDT025</logicalDatatype>
<dataTypeSize>16</dataTypeSize>
<ownDataTypeParameters>16,,</ownDataTypeParameters>
</Attribute>
<Attribute name="Branch_Name" id="1238FA5B-DD43-267D-D14A-3EF8C62A5EB8">
<createdBy>lee3118</createdBy>
<createdTime>2020-03-06 02:39:42 UTC</createdTime>
<generatorID>E7DFFBF1-01FE-5186-3F5E-74AD456C750F</generatorID>
<ownerDesignName>LogicalPhase1</ownerDesignName>
<engineerTo>
<item key="8ACADD0A-F242-4501-4609-2A074EED4066" value="true"/>
</engineerTo>
<referedAttribute>4E28FB33-AA6E-3C05-ADB5-7753050B7771</referedAttribute>
<useDomainConstraints>false</useDomainConstraints>
<use>1</use>
<logicalDatatype>LOGDT024</logicalDatatype>
<dataTypeSize>256</dataTypeSize>
<ownDataTypeParameters>256,,</ownDataTypeParameters>
</Attribute>
<Attribute name="Commit_Description" id="3BF719F4-BD76-FC65-ECEF-41DE6B4E9014">
<createdBy>garre</createdBy>
<createdTime>2020-03-02 20:13:01 UTC</createdTime>
<ownerDesignName>LogicalPhase1</ownerDesignName>
<engineerTo>
<item key="8ACADD0A-F242-4501-4609-2A074EED4066" value="true"/>
</engineerTo>
<nullsAllowed>true</nullsAllowed>
<useDomainConstraints>false</useDomainConstraints>
<use>1</use>
<logicalDatatype>LogDes-1768A872-F385-FDBA-D95E-0CB63F5908E2@LOGDT10045</logicalDatatype>
<ownDataTypeParameters>,,</ownDataTypeParameters>
</Attribute>
<Attribute name="Date_Time" id="E99C4EBB-231E-8CC0-178E-B9995E7531C3">
<createdBy>garre</createdBy>
<createdTime>2020-03-02 20:12:49 UTC</createdTime>
<ownerDesignName>LogicalPhase1</ownerDesignName>
<engineerTo>
<item key="8ACADD0A-F242-4501-4609-2A074EED4066" value="true"/>
</engineerTo>
<nullsAllowed>true</nullsAllowed>
<useDomainConstraints>false</useDomainConstraints>
<use>1</use>
<logicalDatatype>LOGDT007</logicalDatatype>
<ownDataTypeParameters>,,</ownDataTypeParameters>
</Attribute>
<Attribute name="Commit_Source_Code" id="79465421-0F3B-2681-8EFD-93684B20FC5F">
<createdBy>lee3118</createdBy>
<createdTime>2020-03-06 00:08:11 UTC</createdTime>
<ownerDesignName>LogicalPhase1</ownerDesignName>
<engineerTo>
<item key="8ACADD0A-F242-4501-4609-2A074EED4066" value="true"/>
</engineerTo>
<nullsAllowed>true</nullsAllowed>
<useDomainConstraints>false</useDomainConstraints>
<use>1</use>
<logicalDatatype>LogDes-1768A872-F385-FDBA-D95E-0CB63F5908E2@LOGDT10045</logicalDatatype>
<ownDataTypeParameters>,,</ownDataTypeParameters>
</Attribute>
<Attribute name="Files_Changed" id="20F963BD-3C9E-E2B5-A17C-79763E023714">
<createdBy>lee3118</createdBy>
<createdTime>2020-03-06 00:08:24 UTC</createdTime>
<ownerDesignName>LogicalPhase1</ownerDesignName>
<engineerTo>
<item key="8ACADD0A-F242-4501-4609-2A074EED4066" value="true"/>
</engineerTo>
<nullsAllowed>true</nullsAllowed>
<useDomainConstraints>false</useDomainConstraints>
<use>1</use>
<logicalDatatype>LogDes-1768A872-F385-FDBA-D95E-0CB63F5908E2@LOGDT10045</logicalDatatype>
<ownDataTypeParameters>,,</ownDataTypeParameters>
</Attribute>
<Attribute name="Change_Reason" id="2E0B0FF7-68D0-2EAA-49DF-E42AA35B779F">
<createdBy>lee3118</createdBy>
<createdTime>2020-03-06 00:08:30 UTC</createdTime>
<ownerDesignName>LogicalPhase1</ownerDesignName>
<engineerTo>
<item key="8ACADD0A-F242-4501-4609-2A074EED4066" value="true"/>
</engineerTo>
<nullsAllowed>true</nullsAllowed>
<useDomainConstraints>false</useDomainConstraints>
<use>1</use>
<logicalDatatype>LogDes-1768A872-F385-FDBA-D95E-0CB63F5908E2@LOGDT10045</logicalDatatype>
<ownDataTypeParameters>,,</ownDataTypeParameters>
</Attribute>
<Attribute name="Employee_ID" id="DD5892BE-BC6D-75EA-9A31-E81640059847">
<createdBy>lee3118</createdBy>
<createdTime>2020-03-06 00:23:31 UTC</createdTime>
<generatorID>98DC48B4-0407-A199-5E26-72E783563755</generatorID>
<ownerDesignName>LogicalPhase1</ownerDesignName>
<engineerTo>
<item key="8ACADD0A-F242-4501-4609-2A074EED4066" value="true"/>
</engineerTo>
<referedAttribute>445821E2-8A07-E16B-9D15-61D61D84F6EE</referedAttribute>
<useDomainConstraints>false</useDomainConstraints>
<use>1</use>
<logicalDatatype>LOGDT025</logicalDatatype>
<dataTypeSize>16</dataTypeSize>
<ownDataTypeParameters>,,</ownDataTypeParameters>
</Attribute>
<Attribute name="Project_Name" id="84D40767-C9F1-091C-43E3-B588C2A2C42A">
<createdBy>lee3118</createdBy>
<createdTime>2020-03-06 02:38:15 UTC</createdTime>
<generatorID>E7DFFBF1-01FE-5186-3F5E-74AD456C750F</generatorID>
<ownerDesignName>LogicalPhase1</ownerDesignName>
<engineerTo>
<item key="8ACADD0A-F242-4501-4609-2A074EED4066" value="true"/>
</engineerTo>
<referedAttribute>8A18CD7A-22A3-29AE-D9E8-418250D105AD</referedAttribute>
<useDomainConstraints>false</useDomainConstraints>
<use>1</use>
<logicalDatatype>LOGDT024</logicalDatatype>
<dataTypeSize>256</dataTypeSize>
<ownDataTypeParameters>256,,</ownDataTypeParameters>
</Attribute>
</attributes>
<identifiers itemClass="oracle.dbtools.crest.model.design.logical.CandidateKey">
<identifier id="C7EFBE4F-B63C-296E-183C-68A622BE09B3" name="VC_COMMIT PK">
<createdBy>garre</createdBy>
<createdTime>2020-03-02 20:13:09 UTC</createdTime>
<ownerDesignName>LogicalPhase1</ownerDesignName>
<engineerTo>
<item key="8ACADD0A-F242-4501-4609-2A074EED4066" value="true"/>
</engineerTo>
<pk>true</pk>
<usedAttributes>
<attributeRef>AE2DF35F-F2D3-EE50-4747-487084FC9C3A</attributeRef>
<attributeRef>1238FA5B-DD43-267D-D14A-3EF8C62A5EB8</attributeRef>
<attributeRef>84D40767-C9F1-091C-43E3-B588C2A2C42A</attributeRef>
</usedAttributes>
</identifier>
</identifiers>
</Entity>