<?xml version = '1.0' encoding = 'UTF-8'?>
<Entity class="oracle.dbtools.crest.model.design.logical.Entity" directorySegmentName="seg_0" id="A703A852-63F0-1A69-0FFA-FB029592F971" name="VC_ISSUE">
<createdBy>garre</createdBy>
<createdTime>2020-03-02 19:53:15 UTC</createdTime>
<ownerDesignName>LogicalPhase1</ownerDesignName>
<engineerTo>
<item key="8ACADD0A-F242-4501-4609-2A074EED4066" value="true"/>
</engineerTo>
<adequatelyNormalized>NO</adequatelyNormalized>
<expectedVolumes>0</expectedVolumes>
<fwdEngineeringStrategyName>Single Table</fwdEngineeringStrategyName>
<growthPercent>0</growthPercent>
<growthType>Year</growthType>
<maxVolumes>9999999</maxVolumes>
<minVolumes>0</minVolumes>
<normalForm>Third</normalForm>
<attributes itemClass="oracle.dbtools.crest.model.design.logical.Attribute">
<Attribute name="Issue_ID" id="56498385-B4F5-44F0-FA3B-4C22FFDC8352">
<createdBy>garre</createdBy>
<createdTime>2020-03-06 19:30:25 UTC</createdTime>
<ownerDesignName>LogicalPhase1</ownerDesignName>
<engineerTo>
<item key="8ACADD0A-F242-4501-4609-2A074EED4066" value="true"/>
</engineerTo>
<useDomainConstraints>false</useDomainConstraints>
<use>1</use>
<logicalDatatype>LOGDT025</logicalDatatype>
<dataTypeSize>16</dataTypeSize>
<ownDataTypeParameters>16,,</ownDataTypeParameters>
</Attribute>
<Attribute name="Issue_Submitter" id="23EC1C8B-FDBD-F46C-665F-7B99DB100311">
<createdBy>lee3118</createdBy>
<createdTime>2020-03-06 00:10:04 UTC</createdTime>
<ownerDesignName>LogicalPhase1</ownerDesignName>
<engineerTo>
<item key="8ACADD0A-F242-4501-4609-2A074EED4066" value="true"/>
</engineerTo>
<useDomainConstraints>false</useDomainConstraints>
<use>1</use>
<logicalDatatype>LOGDT024</logicalDatatype>
<dataTypeSize>256</dataTypeSize>
<ownDataTypeParameters>256,,</ownDataTypeParameters>
</Attribute>
<Attribute name="Issue_Description" id="BC9E8A02-4934-63BA-B8D4-64579AD1770D">
<createdBy>lee3118</createdBy>
<createdTime>2020-03-06 00:10:20 UTC</createdTime>
<ownerDesignName>LogicalPhase1</ownerDesignName>
<engineerTo>
<item key="8ACADD0A-F242-4501-4609-2A074EED4066" value="true"/>
</engineerTo>
<nullsAllowed>true</nullsAllowed>
<useDomainConstraints>false</useDomainConstraints>
<use>1</use>
<logicalDatatype>LogDes-1768A872-F385-FDBA-D95E-0CB63F5908E2@LOGDT10045</logicalDatatype>
<ownDataTypeParameters>,,</ownDataTypeParameters>
</Attribute>
<Attribute name="Issue_Severity" id="E10F8D6F-2843-EDAD-FE39-5A2790450F1A">
<createdBy>lee3118</createdBy>
<createdTime>2020-03-06 00:10:30 UTC</createdTime>
<ownerDesignName>LogicalPhase1</ownerDesignName>
<engineerTo>
<item key="8ACADD0A-F242-4501-4609-2A074EED4066" value="true"/>
</engineerTo>
<nullsAllowed>true</nullsAllowed>
<useDomainConstraints>false</useDomainConstraints>
<use>1</use>
<logicalDatatype>LOGDT011</logicalDatatype>
<ownDataTypeParameters>,,</ownDataTypeParameters>
</Attribute>
<Attribute name="Issue_Category" id="98D450CD-D501-73CA-F681-7F085AE066C0">
<createdBy>lee3118</createdBy>
<createdTime>2020-03-06 00:11:05 UTC</createdTime>
<ownerDesignName>LogicalPhase1</ownerDesignName>
<engineerTo>
<item key="8ACADD0A-F242-4501-4609-2A074EED4066" value="true"/>
</engineerTo>
<nullsAllowed>true</nullsAllowed>
<useDomainConstraints>false</useDomainConstraints>
<use>1</use>
<logicalDatatype>LOGDT024</logicalDatatype>
<dataTypeSize>32</dataTypeSize>
<ownDataTypeParameters>32,,</ownDataTypeParameters>
</Attribute>
<Attribute name="Issue_Assignee" id="04BED308-3EDF-D3CD-19EC-9E5EE6597364">
<createdBy>lee3118</createdBy>
<createdTime>2020-03-06 00:11:13 UTC</createdTime>
<ownerDesignName>LogicalPhase1</ownerDesignName>
<engineerTo>
<item key="8ACADD0A-F242-4501-4609-2A074EED4066" value="true"/>
</engineerTo>
<nullsAllowed>true</nullsAllowed>
<useDomainConstraints>false</useDomainConstraints>
<use>1</use>
<logicalDatatype>LOGDT024</logicalDatatype>
<dataTypeSize>256</dataTypeSize>
<ownDataTypeParameters>256,,</ownDataTypeParameters>
</Attribute>
<Attribute name="Project_Name" id="4A627088-9E84-5E73-AC02-C8B89F20DB16">
<createdBy>lee3118</createdBy>
<createdTime>2020-03-06 02:40:56 UTC</createdTime>
<generatorID>75FE0BC7-0AC1-0E47-9AFF-DCE9785AB147</generatorID>
<ownerDesignName>LogicalPhase1</ownerDesignName>
<engineerTo>
<item key="8ACADD0A-F242-4501-4609-2A074EED4066" value="true"/>
</engineerTo>
<referedAttribute>8A18CD7A-22A3-29AE-D9E8-418250D105AD</referedAttribute>
<useDomainConstraints>false</useDomainConstraints>
<use>1</use>
<logicalDatatype>LOGDT024</logicalDatatype>
<dataTypeSize>256</dataTypeSize>
<ownDataTypeParameters>,,</ownDataTypeParameters>
</Attribute>
<Attribute name="Branch_Name" id="722E39FE-9BFD-ABA3-A731-33A90C7257D8">
<createdBy>lee3118</createdBy>
<createdTime>2020-03-06 02:40:56 UTC</createdTime>
<generatorID>75FE0BC7-0AC1-0E47-9AFF-DCE9785AB147</generatorID>
<ownerDesignName>LogicalPhase1</ownerDesignName>
<engineerTo>
<item key="8ACADD0A-F242-4501-4609-2A074EED4066" value="true"/>
</engineerTo>
<referedAttribute>4E28FB33-AA6E-3C05-ADB5-7753050B7771</referedAttribute>
<useDomainConstraints>false</useDomainConstraints>
<use>1</use>
<logicalDatatype>LOGDT024</logicalDatatype>
<dataTypeSize>256</dataTypeSize>
<ownDataTypeParameters>256,,</ownDataTypeParameters>
</Attribute>
</attributes>
<identifiers itemClass="oracle.dbtools.crest.model.design.logical.CandidateKey">
<identifier id="3E638F3B-49E7-8E19-82C7-EC6B0A370815" name="VC_ISSUE PK">
<createdBy>lee3118</createdBy>
<createdTime>2020-03-06 02:40:10 UTC</createdTime>
<ownerDesignName>LogicalPhase1</ownerDesignName>
<engineerTo>
<item key="8ACADD0A-F242-4501-4609-2A074EED4066" value="true"/>
</engineerTo>
<pk>true</pk>
<usedAttributes>
<attributeRef>4A627088-9E84-5E73-AC02-C8B89F20DB16</attributeRef>
<attributeRef>722E39FE-9BFD-ABA3-A731-33A90C7257D8</attributeRef>
<attributeRef>56498385-B4F5-44F0-FA3B-4C22FFDC8352</attributeRef>
</usedAttributes>
</identifier>
</identifiers>
</Entity>