<?xml version = '1.0' encoding = 'UTF-8'?>
<Entity class="oracle.dbtools.crest.model.design.logical.Entity" directorySegmentName="seg_0" id="ED546189-28DD-BC7E-4536-82BB3ABEF419" name="TRAINING_DATASET">
<createdBy>garre</createdBy>
<createdTime>2020-03-06 19:34:32 UTC</createdTime>
<ownerDesignName>LogicalPhase1</ownerDesignName>
<engineerTo>
<item key="8ACADD0A-F242-4501-4609-2A074EED4066" value="true"/>
</engineerTo>
<adequatelyNormalized>NO</adequatelyNormalized>
<expectedVolumes>0</expectedVolumes>
<fwdEngineeringStrategyName>Single Table</fwdEngineeringStrategyName>
<growthPercent>0</growthPercent>
<growthType>Year</growthType>
<maxVolumes>9999999</maxVolumes>
<minVolumes>0</minVolumes>
<normalForm>Third</normalForm>
<attributes itemClass="oracle.dbtools.crest.model.design.logical.Attribute">
<Attribute name="Dataset_ID" id="1E405DC8-F772-31D8-DD81-CE46CD8A86E6">
<createdBy>garre</createdBy>
<createdTime>2020-03-06 19:35:08 UTC</createdTime>
<ownerDesignName>LogicalPhase1</ownerDesignName>
<engineerTo>
<item key="8ACADD0A-F242-4501-4609-2A074EED4066" value="true"/>
</engineerTo>
<useDomainConstraints>false</useDomainConstraints>
<use>1</use>
<logicalDatatype>LOGDT025</logicalDatatype>
<dataTypeSize>6</dataTypeSize>
<ownDataTypeParameters>6,,</ownDataTypeParameters>
</Attribute>
<Attribute name="Date_Time" id="FE045C8B-8141-9A23-676E-31C383648C82">
<createdBy>garre</createdBy>
<createdTime>2020-03-06 19:35:45 UTC</createdTime>
<ownerDesignName>LogicalPhase1</ownerDesignName>
<engineerTo>
<item key="8ACADD0A-F242-4501-4609-2A074EED4066" value="true"/>
</engineerTo>
<nullsAllowed>true</nullsAllowed>
<useDomainConstraints>false</useDomainConstraints>
<use>1</use>
<logicalDatatype>LOGDT008</logicalDatatype>
<ownDataTypeParameters>,,</ownDataTypeParameters>
</Attribute>
<Attribute name="Training_Data_Directory" id="ABC067CE-795E-9AFD-B18F-79B796CDFA6A">
<createdBy>garre</createdBy>
<createdTime>2020-03-06 19:36:22 UTC</createdTime>
<ownerDesignName>LogicalPhase1</ownerDesignName>
<engineerTo>
<item key="8ACADD0A-F242-4501-4609-2A074EED4066" value="true"/>
</engineerTo>
<nullsAllowed>true</nullsAllowed>
<useDomainConstraints>false</useDomainConstraints>
<use>1</use>
<logicalDatatype>LOGDT024</logicalDatatype>
<dataTypeSize>256</dataTypeSize>
<ownDataTypeParameters>256,,</ownDataTypeParameters>
</Attribute>
<Attribute name="Employee_ID" id="ADC0248E-E8D2-B351-036C-841DA520EA0B">
<createdBy>garre</createdBy>
<createdTime>2020-03-06 19:37:01 UTC</createdTime>
<generatorID>07A262AF-8FC2-898F-7BF3-645EF96DF607</generatorID>
<ownerDesignName>LogicalPhase1</ownerDesignName>
<engineerTo>
<item key="8ACADD0A-F242-4501-4609-2A074EED4066" value="true"/>
</engineerTo>
<referedAttribute>445821E2-8A07-E16B-9D15-61D61D84F6EE</referedAttribute>
<useDomainConstraints>false</useDomainConstraints>
<use>1</use>
<logicalDatatype>LOGDT025</logicalDatatype>
<dataTypeSize>16</dataTypeSize>
<ownDataTypeParameters>,,</ownDataTypeParameters>
</Attribute>
</attributes>
<identifiers itemClass="oracle.dbtools.crest.model.design.logical.CandidateKey">
<identifier id="E374AF70-6F54-93F5-29E9-EA12AB18600B" name="TRAINING_DATASET PK">
<createdBy>garre</createdBy>
<createdTime>2020-03-06 19:35:28 UTC</createdTime>
<ownerDesignName>LogicalPhase1</ownerDesignName>
<engineerTo>
<item key="8ACADD0A-F242-4501-4609-2A074EED4066" value="true"/>
</engineerTo>
<pk>true</pk>
<usedAttributes>
<attributeRef>1E405DC8-F772-31D8-DD81-CE46CD8A86E6</attributeRef>
</usedAttributes>
</identifier>
</identifiers>
</Entity>