<?xml version = '1.0' encoding = 'UTF-8'?>
<Relation class="oracle.dbtools.crest.model.design.logical.Relation" name="Relation_2" directorySegmentName="seg_0" id="19602B88-2ECF-1F08-73B5-C1ABE6D32293">
<createdBy>lee3118</createdBy>
<createdTime>2020-02-03 04:38:02 UTC</createdTime>
<ownerDesignName>Lab1</ownerDesignName>
<engineerTo>
<item key="1FA4CBD7-FEEB-901E-62D2-AB40AAD793A2" value="true"/>
</engineerTo>
<sourcePk>A7989FBF-C2E4-D909-6DAD-836F5B0956B8</sourcePk>
<identifying>true</identifying>
<nameOnSource>Expands</nameOnSource>
<nameOnTarget>Is expanded by</nameOnTarget>
<optionalSource>true</optionalSource>
<optionalTarget>false</optionalTarget>
<sourceCardinality>1</sourceCardinality>
<sourceEntity>8F489F9E-A000-712C-EC0D-FA6EB3F18714</sourceEntity>
<targetCardinalityString>*</targetCardinalityString>
<targetEntity>3646184F-AFE3-F43E-123D-541FA0C9AD62</targetEntity>
<transferable>true</transferable>
<deleteRule>NO ACTION</deleteRule>
</Relation>