<?xml version = '1.0' encoding = 'UTF-8'?>
<Relation class="oracle.dbtools.crest.model.design.logical.Relation" name="Relation_1" directorySegmentName="seg_0" id="1A3770C8-54BE-E18B-3F02-290354DBA0C5">
<createdBy>lee3118</createdBy>
<createdTime>2020-02-03 04:37:40 UTC</createdTime>
<ownerDesignName>Lab1</ownerDesignName>
<engineerTo>
<item key="1FA4CBD7-FEEB-901E-62D2-AB40AAD793A2" value="true"/>
</engineerTo>
<sourcePk>85B36101-33B2-678F-AD1A-7B854CEDB742</sourcePk>
<identifying>false</identifying>
<nameOnSource>Orders</nameOnSource>
<nameOnTarget>Is ordered by</nameOnTarget>
<optionalSource>true</optionalSource>
<optionalTarget>false</optionalTarget>
<sourceCardinality>1</sourceCardinality>
<sourceEntity>A9896635-BE4E-2CC6-4E9E-32B61EFABD77</sourceEntity>
<targetCardinalityString>*</targetCardinalityString>
<targetEntity>A1C3E67B-232B-CE06-6583-A397BC9E5EC4</targetEntity>
<transferable>true</transferable>
<deleteRule>NO ACTION</deleteRule>
</Relation>