<?xml version = '1.0' encoding = 'UTF-8'?>
<Relation class="oracle.dbtools.crest.model.design.logical.Relation" name="Relation_7" directorySegmentName="seg_0" id="26FEB256-5748-06CB-ECEE-D6244ABF5F4A">
<createdBy>lee3118</createdBy>
<createdTime>2020-02-03 04:41:31 UTC</createdTime>
<ownerDesignName>Lab1</ownerDesignName>
<engineerTo>
<item key="1FA4CBD7-FEEB-901E-62D2-AB40AAD793A2" value="true"/>
</engineerTo>
<sourcePk>5E046E47-B0F9-D906-CA9A-2F889A55E7DC</sourcePk>
<identifying>false</identifying>
<nameOnSource>Requests</nameOnSource>
<nameOnTarget>Is requested by</nameOnTarget>
<optionalSource>true</optionalSource>
<optionalTarget>false</optionalTarget>
<sourceCardinality>1</sourceCardinality>
<sourceEntity>0A93D1E5-E13A-EE3D-ED4A-4CC0D9558390</sourceEntity>
<targetCardinalityString>*</targetCardinalityString>
<targetEntity>A1C3E67B-232B-CE06-6583-A397BC9E5EC4</targetEntity>
<transferable>true</transferable>
<deleteRule>NO ACTION</deleteRule>
</Relation>