<?xml version = '1.0' encoding = 'UTF-8'?>
<Relation class="oracle.dbtools.crest.model.design.logical.Relation" name="Relation_6" directorySegmentName="seg_0" id="36B0A092-6EB7-C810-92BF-2B03A199B564">
<createdBy>lee3118</createdBy>
<createdTime>2020-02-03 04:38:44 UTC</createdTime>
<ownerDesignName>Lab1</ownerDesignName>
<engineerTo>
<item key="1FA4CBD7-FEEB-901E-62D2-AB40AAD793A2" value="true"/>
</engineerTo>
<sourcePk>811E6C47-66BB-84D9-4F52-CCDF5809B3CE</sourcePk>
<identifying>false</identifying>
<nameOnSource>Supplies</nameOnSource>
<nameOnTarget>Is supplied by</nameOnTarget>
<optionalSource>true</optionalSource>
<optionalTarget>false</optionalTarget>
<sourceCardinality>1</sourceCardinality>
<sourceEntity>EBE54564-35D8-5731-8BF2-916BBC0CDBA0</sourceEntity>
<targetCardinalityString>*</targetCardinalityString>
<targetEntity>DE09CF5C-5616-FE9D-1BD5-797278821FA2</targetEntity>
<transferable>true</transferable>
<deleteRule>NO ACTION</deleteRule>
</Relation>