<?xml version = '1.0' encoding = 'UTF-8'?>
<Relation class="oracle.dbtools.crest.model.design.logical.Relation" name="Relation_8" directorySegmentName="seg_0" id="994599B7-8664-1AA7-2A27-C532B59BFF81">
<createdBy>lee3118</createdBy>
<createdTime>2020-02-03 04:42:19 UTC</createdTime>
<ownerDesignName>Lab1</ownerDesignName>
<engineerTo>
<item key="1FA4CBD7-FEEB-901E-62D2-AB40AAD793A2" value="true"/>
</engineerTo>
<sourcePk>5E046E47-B0F9-D906-CA9A-2F889A55E7DC</sourcePk>
<identifying>false</identifying>
<nameOnSource>Employs</nameOnSource>
<nameOnTarget>Is employed by</nameOnTarget>
<optionalSource>true</optionalSource>
<optionalTarget>false</optionalTarget>
<sourceCardinality>1</sourceCardinality>
<sourceEntity>0A93D1E5-E13A-EE3D-ED4A-4CC0D9558390</sourceEntity>
<targetCardinalityString>*</targetCardinalityString>
<targetEntity>006E1B37-D290-A26C-96DC-11FA72257E94</targetEntity>
<transferable>true</transferable>
<deleteRule>NO ACTION</deleteRule>
</Relation>