<?xml version = '1.0' encoding = 'UTF-8'?>
<Relation class="oracle.dbtools.crest.model.design.logical.Relation" name="Relation_9" directorySegmentName="seg_0" id="C2D33894-4D8C-C374-82FD-EACC87F338B7">
<createdBy>lee3118</createdBy>
<createdTime>2020-02-03 04:42:35 UTC</createdTime>
<ownerDesignName>Lab1</ownerDesignName>
<engineerTo>
<item key="1FA4CBD7-FEEB-901E-62D2-AB40AAD793A2" value="true"/>
</engineerTo>
<sourcePk>7BED9B95-0571-6844-4D69-A6A52668D206</sourcePk>
<identifying>false</identifying>
<nameOnSource>Recieves</nameOnSource>
<nameOnTarget>Is recieved by</nameOnTarget>
<optionalSource>true</optionalSource>
<optionalTarget>false</optionalTarget>
<sourceCardinality>1</sourceCardinality>
<sourceEntity>006E1B37-D290-A26C-96DC-11FA72257E94</sourceEntity>
<targetCardinalityString>*</targetCardinalityString>
<targetEntity>8F489F9E-A000-712C-EC0D-FA6EB3F18714</targetEntity>
<transferable>true</transferable>
<deleteRule>NO ACTION</deleteRule>
</Relation>