<?xml version = '1.0' encoding = 'UTF-8'?>
<Relation class="oracle.dbtools.crest.model.design.logical.Relation" name="Relation_4" directorySegmentName="seg_0" id="D31BCC0A-8FE5-DEBC-C865-FC4C72A583DD">
<createdBy>lee3118</createdBy>
<createdTime>2020-02-03 04:38:31 UTC</createdTime>
<ownerDesignName>Lab1</ownerDesignName>
<engineerTo>
<item key="1FA4CBD7-FEEB-901E-62D2-AB40AAD793A2" value="true"/>
</engineerTo>
<sourcePk>7CD78C75-E9F9-BB85-FD65-9386CBFE3BE0</sourcePk>
<identifying>false</identifying>
<nameOnSource>Requests</nameOnSource>
<nameOnTarget>Is requested by</nameOnTarget>
<optionalSource>true</optionalSource>
<optionalTarget>false</optionalTarget>
<sourceCardinality>1</sourceCardinality>
<sourceEntity>3646184F-AFE3-F43E-123D-541FA0C9AD62</sourceEntity>
<targetCardinalityString>*</targetCardinalityString>
<targetEntity>D00C9E08-F6A1-9FAF-4ABE-3C86D9C54E36</targetEntity>
<transferable>true</transferable>
<deleteRule>NO ACTION</deleteRule>
</Relation>