<?xml version = '1.0' encoding = 'UTF-8'?>
<Relation class="oracle.dbtools.crest.model.design.logical.Relation" name="Relation_5" directorySegmentName="seg_0" id="E9D4654E-6B93-639E-9542-9F2497276888">
<createdBy>lee3118</createdBy>
<createdTime>2020-02-03 04:38:37 UTC</createdTime>
<ownerDesignName>Lab1</ownerDesignName>
<engineerTo>
<item key="1FA4CBD7-FEEB-901E-62D2-AB40AAD793A2" value="true"/>
</engineerTo>
<sourcePk>672701A5-F6FD-D2FE-8C35-8B1B9FB25147</sourcePk>
<identifying>false</identifying>
<nameOnSource>Produces</nameOnSource>
<nameOnTarget>Is produced by</nameOnTarget>
<optionalSource>true</optionalSource>
<optionalTarget>false</optionalTarget>
<sourceCardinality>1</sourceCardinality>
<sourceEntity>D00C9E08-F6A1-9FAF-4ABE-3C86D9C54E36</sourceEntity>
<targetCardinalityString>*</targetCardinalityString>
<targetEntity>DE09CF5C-5616-FE9D-1BD5-797278821FA2</targetEntity>
<transferable>true</transferable>
<deleteRule>NO ACTION</deleteRule>
</Relation>