<?xml version = '1.0' encoding = 'UTF-8'?>
<Entity class="oracle.dbtools.crest.model.design.logical.Entity" directorySegmentName="seg_0" id="F079D443-272B-D87A-15FA-D4DF02526A4B" name="INSURANCE_CLAIM">
<createdBy>garre</createdBy>
<createdTime>2020-03-02 19:52:18 UTC</createdTime>
<ownerDesignName>Physical2</ownerDesignName>
<engineerTo>
<item key="8ACADD0A-F242-4501-4609-2A074EED4066" value="true"/>
</engineerTo>
<adequatelyNormalized>NO</adequatelyNormalized>
<expectedVolumes>0</expectedVolumes>
<fwdEngineeringStrategyName>Single Table</fwdEngineeringStrategyName>
<growthPercent>0</growthPercent>
<growthType>Year</growthType>
<maxVolumes>9999999</maxVolumes>
<minVolumes>0</minVolumes>
<normalForm>Third</normalForm>
<attributes itemClass="oracle.dbtools.crest.model.design.logical.Attribute">
<Attribute name="Claim_ID" id="A3D05160-0125-4011-1E1E-A0F12B0339E5">
<createdBy>lee3118</createdBy>
<createdTime>2020-03-06 00:00:54 UTC</createdTime>
<ownerDesignName>Physical2</ownerDesignName>
<engineerTo>
<item key="8ACADD0A-F242-4501-4609-2A074EED4066" value="true"/>
</engineerTo>
<useDomainConstraints>false</useDomainConstraints>
<use>1</use>
<logicalDatatype>LOGDT025</logicalDatatype>
<dataTypeSize>16</dataTypeSize>
<ownDataTypeParameters>16,,</ownDataTypeParameters>
</Attribute>
<Attribute name="Claim_Username" id="46F56F92-5A90-C6FC-9E7E-718DCF7E70A3">
<createdBy>lee3118</createdBy>
<createdTime>2020-03-06 00:01:02 UTC</createdTime>
<ownerDesignName>Physical2</ownerDesignName>
<engineerTo>
<item key="8ACADD0A-F242-4501-4609-2A074EED4066" value="true"/>
</engineerTo>
<nullsAllowed>true</nullsAllowed>
<useDomainConstraints>false</useDomainConstraints>
<use>1</use>
<logicalDatatype>LOGDT024</logicalDatatype>
<dataTypeSize>256</dataTypeSize>
<ownDataTypeParameters>256,,</ownDataTypeParameters>
</Attribute>
<Attribute name="Cost_Of_Claim" id="C7CC32E1-8B39-70B9-AB95-5AACA21157CF">
<createdBy>lee3118</createdBy>
<createdTime>2020-03-06 00:01:21 UTC</createdTime>
<ownerDesignName>Physical2</ownerDesignName>
<engineerTo>
<item key="8ACADD0A-F242-4501-4609-2A074EED4066" value="true"/>
</engineerTo>
<nullsAllowed>true</nullsAllowed>
<useDomainConstraints>false</useDomainConstraints>
<use>1</use>
<logicalDatatype>LOGDT043</logicalDatatype>
<ownDataTypeParameters>,,</ownDataTypeParameters>
</Attribute>
<Attribute name="Claim_Date_Submitted" id="BCFA2B81-BE76-E9A9-E28F-055F0D72B562">
<createdBy>lee3118</createdBy>
<createdTime>2020-03-06 00:01:29 UTC</createdTime>
<ownerDesignName>Physical2</ownerDesignName>
<engineerTo>
<item key="8ACADD0A-F242-4501-4609-2A074EED4066" value="true"/>
</engineerTo>
<nullsAllowed>true</nullsAllowed>
<useDomainConstraints>false</useDomainConstraints>
<use>1</use>
<logicalDatatype>LOGDT007</logicalDatatype>
<ownDataTypeParameters>,,</ownDataTypeParameters>
</Attribute>
<Attribute name="Network_ID" id="E4DDFD1D-4899-F005-BC0B-1DDC9835C71C">
<createdBy>garre</createdBy>
<createdTime>2020-03-06 21:28:15 UTC</createdTime>
<generatorID>EDCAC89C-95BF-B58B-8704-41378D5ACBA6</generatorID>
<ownerDesignName>Physical2</ownerDesignName>
<engineerTo>
<item key="8ACADD0A-F242-4501-4609-2A074EED4066" value="true"/>
</engineerTo>
<referedAttribute>BD249ACD-CADA-9487-61C0-31ED21D62315</referedAttribute>
<useDomainConstraints>false</useDomainConstraints>
<use>1</use>
<logicalDatatype>LOGDT025</logicalDatatype>
<dataTypeSize>16</dataTypeSize>
<ownDataTypeParameters>16,,</ownDataTypeParameters>
</Attribute>
</attributes>
<identifiers itemClass="oracle.dbtools.crest.model.design.logical.CandidateKey">
<identifier id="44112758-54D3-1868-8B60-33B03E20606C" name="INSURANCE_CLAIM PK">
<createdBy>lee3118</createdBy>
<createdTime>2020-03-06 00:01:01 UTC</createdTime>
<ownerDesignName>Physical2</ownerDesignName>
<shouldEngineer>false</shouldEngineer>
<engineerTo>
<item key="8ACADD0A-F242-4501-4609-2A074EED4066" value="false"/>
</engineerTo>
<pk>true</pk>
<usedAttributes>
<attributeRef>A3D05160-0125-4011-1E1E-A0F12B0339E5</attributeRef>
</usedAttributes>
</identifier>
</identifiers>
</Entity>